[{"1":"Und David und die Feldhauptleute sonderten aus zum Dienst die Söhne Asafs, Hemans und Jedutuns als Propheten mit Harfen, Psaltern und Zimbeln. Und es war die Zahl derer, die Dienst taten in ihrem Amt:"},{"2":"von den Söhnen Asafs: Sakkur, Josef, Netanja, Asarela, Söhne Asafs, unter Asaf, der im Auftrag des Königs weissagte."},{"3":"Von Jedutun: Jedutuns Söhne: Gedalja, Zeri, Jeschaja, Haschabja, Mattitja, Schimi, diese sechs, unter ihrem Vater Jedutun mit der Harfe, der da weissagte, zu danken und zu loben den HERRN."},{"4":"Von Heman: Hemans Söhne: Bukkija, Mattanja, Usiël, Schubaël, Jerimot, Hananja, Hanani, Eliata, Giddalti, Romamti-Eser, Joschbekascha, Malloti, Hotir und Mahasiot."},{"5":"Diese alle waren Söhne Hemans, des Sehers des Königs, nach den Worten Gottes, sein Haupt zu erhöhen; denn Gott hatte Heman vierzehn Söhne und drei Töchter gegeben."},{"6":"Diese alle sangen unter der Leitung ihrer Väter Asaf, Jedutun und Heman im Hause des HERRN mit Zimbeln, Psaltern und Harfen für den Dienst im Hause Gottes im Auftrag des Königs."},{"7":"Und es war ihre Zahl mit ihren Brüdern, die im Gesang des HERRN geübt waren, allesamt Meister, zweihundertachtundachtzig."},{"8":"Und sie warfen das Los um ihre Ämter, für den Jüngeren wie für den Älteren, für den Lehrer wie für den Schüler."},{"9":"Und das erste Los fiel unter Asaf auf Josef. Das zweite auf Gedalja samt seinen Brüdern und Söhnen; ihrer waren zwölf."},{"10":"Das dritte auf Sakkur samt seinen Söhnen und Brüdern; ihrer waren zwölf."},{"11":"Das vierte auf Zeri samt seinen Söhnen und Brüdern; ihrer waren zwölf."},{"12":"Das fünfte auf Netanja samt seinen Söhnen und Brüdern; ihrer waren zwölf."},{"13":"Das sechste auf Bukkija samt seinen Söhnen und Brüdern; ihrer waren zwölf."},{"14":"Das siebente auf Asarela samt seinen Söhnen und Brüdern; ihrer waren zwölf."},{"15":"Das achte auf Jeschaja samt seinen Söhnen und Brüdern; ihrer waren zwölf."},{"16":"Das neunte auf Mattanja samt seinen Söhnen und Brüdern; ihrer waren zwölf."},{"17":"Das zehnte auf Schimi samt seinen Söhnen und Brüdern; ihrer waren zwölf."},{"18":"Das elfte auf Asarel samt seinen Söhnen und Brüdern; ihrer waren zwölf."},{"19":"Das zwölfte auf Haschabja samt seinen Söhnen und Brüdern; ihrer waren zwölf."},{"20":"Das dreizehnte auf Schubaël samt seinen Söhnen und Brüdern; ihrer waren zwölf."},{"21":"Das vierzehnte auf Mattitja samt seinen Söhnen und Brüdern; ihrer waren zwölf."},{"22":"Das fünfzehnte auf Jeremot samt seinen Söhnen und Brüdern; ihrer waren zwölf."},{"23":"Das sechzehnte auf Hananja samt seinen Söhnen und Brüdern; ihrer waren zwölf."},{"24":"Das siebzehnte auf Joschbekascha samt seinen Söhnen und Brüdern; ihrer waren zwölf."},{"25":"Das achtzehnte auf Hanani samt seinen Söhnen und Brüdern; ihrer waren zwölf."},{"26":"Das neunzehnte auf Malloti samt seinen Söhnen und Brüdern; ihrer waren zwölf."},{"27":"Das zwanzigste auf Eliata samt seinen Söhnen und Brüdern; ihrer waren zwölf."},{"28":"Das einundzwanzigste auf Hotir samt seinen Söhnen und Brüdern; ihrer waren zwölf."},{"29":"Das zweiundzwanzigste auf Giddalti samt seinen Söhnen und Brüdern; ihrer waren zwölf."},{"30":"Das dreiundzwanzigste auf Mahasiot samt seinen Söhnen und Brüdern; ihrer waren zwölf."},{"31":"Das vierundzwanzigste auf Romamti-Eser samt seinen Söhnen und Brüdern; ihrer waren zwölf."}]