[{"1":"Und als das Jahr um war, zur Zeit, wenn die Könige ausziehen, führte Joab die Heeresmacht aus und verwüstete das Land der Ammoniter und kam und belagerte Rabba. David aber blieb in Jerusalem. Und Joab schlug Rabba und zerstörte es."},{"2":"Und David nahm ihrem König die Krone vom Haupt – und es fand sich, dass sie einen Zentner Gold wog und an ihr ein Edelstein war –, und sie wurde auf Davids Haupt gesetzt. Auch führte er aus der Stadt sehr viel Beute weg."},{"3":"Aber das Volk darin führte er heraus und ließ sie mit Sägen und eisernen Hacken und Äxten Frondienste leisten. So tat David mit allen Städten der Ammoniter. Und David zog samt allem Volk wieder nach Jerusalem."},{"4":"Danach erhob sich ein Krieg bei Geser mit den Philistern. Damals erschlug Sibbechai, der Huschatiter, den Sippai, der vom Geschlecht der Riesen war, und sie wurden gedemütigt."},{"5":"Und es erhob sich noch ein Krieg mit den Philistern. Da erschlug Elhanan, der Sohn Jaïrs, den Lachmi, den Bruder Goliats, den Gatiter, dessen Spießschaft wie ein Weberbaum war."},{"6":"Abermals erhob sich ein Krieg bei Gat. Da war ein großer Mann, der hatte je sechs Finger und sechs Zehen, die machen zusammen vierundzwanzig, und auch er war von den Riesen geboren."},{"7":"Der sprach Israel Hohn, aber Jonatan, der Sohn Schimas, der ein Bruder Davids war, erschlug ihn."},{"8":"Diese waren geboren von den Riesen in Gat und fielen durch die Hand Davids und seiner Knechte."}]