[{"1":"Und ganz Israel sammelte sich bei David in Hebron und sprach: Siehe, wir sind dein Fleisch und Bein."},{"2":"Schon damals, als Saul König war, führtest du Israel aus und ein. Und der HERR, dein Gott, hat zu dir geredet: Du sollst mein Volk Israel weiden, und du sollst Fürst sein über mein Volk Israel."},{"3":"Und alle Ältesten Israels kamen zum König nach Hebron. Und David schloss einen Bund mit ihnen in Hebron vor dem HERRN. Und sie salbten David zum König über Israel nach dem Wort des HERRN durch Samuel."},{"4":"Und David und ganz Israel zogen hin nach Jerusalem, das ist Jebus; denn die Jebusiter wohnten dort im Lande."},{"5":"Und die Bewohner von Jebus sprachen zu David: Du wirst nicht hereinkommen. David aber nahm die Burg Zion ein, das ist Davids Stadt."},{"6":"Und David sprach: Wer die Jebusiter zuerst schlägt, der soll Hauptmann und Oberster sein. Da stieg Joab, der Sohn der Zeruja, zuerst hinauf und wurde Hauptmann."},{"7":"David aber wohnte auf der Burg, daher nennt man sie »Stadt Davids«."},{"8":"Und er baute die Stadt ringsum, vom Millo an rundumher. Joab aber stellte die übrige Stadt wieder her."},{"9":"Und David nahm immer mehr zu an Macht, und der HERR Zebaoth war mit ihm."},{"10":"Dies sind die Obersten der Helden Davids, die sich treu zu ihm hielten in seinem Königtum mit ganz Israel, dass man ihn zum König machte nach dem Wort des HERRN über Israel."},{"11":"Und dies ist die Zahl der Helden Davids: Joschobam, der Sohn Hachmonis, der Erste unter den Dreien; er schwang seinen Spieß und erschlug dreihundert auf einmal."},{"12":"Nach ihm war Eleasar, der Sohn Dodos, der Ahoachiter; er war unter den drei Helden."},{"13":"Dieser war mit David in Pas-Dammim, als die Philister sich dort zum Kampf versammelt hatten. Dort war ein Stück Acker mit Gerste. Und das Volk floh vor den Philistern."},{"14":"Und sie traten mitten aufs Feld, sicherten es und schlugen die Philister. Und der HERR half mit einem großen Sieg."},{"15":"Und drei aus den dreißig Helden zogen hinab zum Felsen zu David in die Höhle Adullam. Aber das Lager der Philister lag in der Ebene Refaïm."},{"16":"David aber war in der Bergfeste; und die Wache der Philister war damals in Bethlehem."},{"17":"Und David gelüstete es, und er sprach: Wer will mir Wasser zu trinken geben aus dem Brunnen am Tor in Bethlehem?"},{"18":"Da brachen die Drei in das Lager der Philister ein und schöpften Wasser aus dem Brunnen am Tor in Bethlehem und trugen's und brachten's zu David. Er aber wollte es nicht trinken, sondern goss es aus für den HERRN als Trankopfer"},{"19":"und sprach: Das lasse mein Gott fern von mir sein, dass ich solches tue und trinke das Blut dieser Männer, die sich der Gefahr ausgesetzt haben; denn sie haben das Wasser unter Lebensgefahr hergebracht. Darum wollte er's nicht trinken. Das taten die drei Helden."},{"20":"Abischai, der Bruder Joabs, war der Erste unter den Dreißig, und er schwang seinen Spieß und erschlug dreihundert. Und er war unter den Dreißig berühmt"},{"21":"und hochgeehrt unter den Dreißig und war ihr Oberster, aber an jene Drei kam er nicht heran."},{"22":"Benaja, der Sohn Jojadas, ein streitbarer Mann von großen Taten, war aus Kabzeel. Er erschlug die beiden »Gotteslöwen« der Moabiter. Er stieg hinab und erschlug einen Löwen in einem Brunnen, als Schnee gefallen war."},{"23":"Er erschlug auch einen ägyptischen Mann, der war fünf Ellen groß und hatte einen Spieß in der Hand, der war wie ein Weberbaum. Aber er ging zu ihm hinab mit einem Stecken und nahm ihm den Spieß aus der Hand und tötete ihn mit dessen eigenem Spieß."},{"24":"Das tat Benaja, der Sohn Jojadas, und er war berühmt unter den dreißig Helden"},{"25":"und hochgeehrt unter den Dreißig, aber an jene Drei kam er nicht heran. David aber setzte ihn über seine Leibwache."},{"26":"Die streitbaren Helden waren diese: Asaël, der Bruder Joabs; Elhanan, der Sohn Dodos aus Bethlehem;"},{"27":"Schammot, der Haroditer; Helez, der Peloniter;"},{"28":"Ira, der Sohn des Ikkesch, aus Tekoa; Abiëser, der Anatotiter;"},{"29":"Sibbechai, der Huschatiter; Ilai, der Ahoachiter;"},{"30":"Mahrai, der Netofatiter; Heled, der Sohn Baanas, der Netofatiter;"},{"31":"Ittai, der Sohn Ribais, von Gibea in Benjamin; Benaja, der Piratoniter;"},{"32":"Hurai, von Nahale-Gaasch; Abiël, der Arbatiter;"},{"33":"Asmawet, der Bahurimiter; Eljachba, der Schaalboniter;"},{"34":"Haschem, der Guniter; Jonatan, der Sohn Schages, der Harariter;"},{"35":"Ahiam, der Sohn Sachars, der Harariter; Elifal, der Sohn Urs;"},{"36":"Hefer, der Mecheratiter; Ahija, der Peloniter;"},{"37":"Hezro, der Karmeliter; Naarai, der Sohn Esbais;"},{"38":"Joel, der Bruder Nathans; Mibhar, der Sohn Hagris;"},{"39":"Zelek, der Ammoniter; Nachrai, der Beerotiter, der Waffenträger Joabs, des Sohnes der Zeruja;"},{"40":"Ira, der Jattiriter; Gareb, der Jattiriter;"},{"41":"Uria, der Hetiter; Sabad, der Sohn Achlais;"},{"42":"Adina, der Sohn Schisas, der Rubeniter, ein Hauptmann der Rubeniter, und dreißig Mann waren bei ihm;"},{"43":"Hanan, der Sohn Maachas; Joschafat, der Mitniter;"},{"44":"Usija, der Aschtarotiter; Schama und Jëiël, die Söhne Hotams, des Aroëriters;"},{"45":"Jediaël, der Sohn Schimris; Joha, sein Bruder, der Tiziter;"},{"46":"Eliël, der Mahawiter; Jeribai und Joschawja, die Söhne Elnaams; Jitma, der Moabiter;"},{"47":"Eliël, Obed, Jaasiël aus Zoba."}]