[{"1":"Und David baute sich Häuser in der Stadt Davids und bereitete der Lade Gottes eine Stätte und schlug ein Zelt für sie auf."},{"2":"Damals sprach David: Die Lade Gottes soll niemand tragen außer den Leviten; denn diese hat der HERR erwählt, dass sie die Lade des HERRN tragen und ihm dienen allezeit."},{"3":"Da versammelte David ganz Israel nach Jerusalem, damit sie die Lade des HERRN hinaufbrächten an die Stätte, die er dazu bereitet hatte."},{"4":"Und David brachte zusammen die Söhne Aaron und die Leviten:"},{"5":"von den Söhnen Kehat: Uriël, den Obersten, samt seinen Brüdern, 120;"},{"6":"von den Söhnen Merari: Asaja, den Obersten, samt seinen Brüdern, 220;"},{"7":"von den Söhnen Gerschom: Joel, den Obersten, samt seinen Brüdern, 130;"},{"8":"von den Söhnen Elizafan: Schemaja, den Obersten, samt seinen Brüdern, 200;"},{"9":"von den Söhnen Hebron: Eliël, den Obersten, samt seinen Brüdern, 80;"},{"10":"von den Söhnen Usiël: Amminadab, den Obersten, samt seinen Brüdern, 112."},{"11":"Und David rief die Priester Zadok und Abjatar und die Leviten, nämlich Uriël, Asaja, Joel, Schemaja, Eliël, Amminadab,"},{"12":"und sprach zu ihnen: Ihr seid die Häupter der Sippen unter den Leviten; so heiligt nun euch und eure Brüder, dass ihr die Lade des HERRN, des Gottes Israels, heraufbringt an den Ort, den ich ihr bereitet habe."},{"13":"Denn das erste Mal, als ihr nicht da wart, machte der HERR, unser Gott, einen Riss unter uns, weil wir ihn nicht befragt hatten, wie sich's gebührt."},{"14":"So heiligten sich die Priester und Leviten, damit sie die Lade des HERRN, des Gottes Israels, heraufbrächten."},{"15":"Und die Leviten trugen die Lade Gottes auf ihren Schultern mit den Stangen, wie Mose geboten hatte nach dem Wort des HERRN."},{"16":"Und David sprach zu den Obersten der Leviten, dass sie ihre Brüder, die Sänger, bestellen sollten mit Saitenspielen, mit Psaltern, Harfen und hellen Zimbeln, dass sie laut sängen und mit Freuden."},{"17":"Da bestellten die Leviten Heman, den Sohn Joels, und von seinen Brüdern Asaf, den Sohn Berechjas, und von den Söhnen Merari, ihren Brüdern, Etan, den Sohn Kuschajas,"},{"18":"und mit ihnen ihre Brüder der zweiten Ordnung: Secharja, Jaasiël, Schemiramot, Jehiël, Unni, Eliab, Benaja, Maaseja, Mattitja, Elifelehu, Mikneja, Obed-Edom, Jëiël, die Torhüter."},{"19":"Denn Heman, Asaf und Etan waren Sänger mit hell klingenden Zimbeln aus Bronze;"},{"20":"Secharja aber, Jaasiël, Schemiramot, Jehiël, Unni, Eliab, Maaseja und Benaja spielten auf Harfen,"},{"21":"und Mattitja, Elifelehu, Mikneja, Obed-Edom, Jëiël und Asaja leiteten mit Leiern von acht Saiten den Gesang."},{"22":"Kenanja aber, der Leviten Oberster, der Singmeister, unterwies sie im Singen; denn er verstand sich darauf."},{"23":"Und Berechja und Elkana waren Torhüter bei der Lade."},{"24":"Aber Schebanja, Joschafat, Netanel, Amasai, Secharja, Benaja, Eliëser, die Priester, bliesen mit Trompeten vor der Lade Gottes; und Obed-Edom und Jehija waren Torhüter bei der Lade."},{"25":"So zogen David und die Ältesten Israels und die Obersten über Tausend hin, um die Lade des Bundes des HERRN heraufzuholen aus dem Hause Obed-Edoms mit Freuden."},{"26":"Und weil Gott den Leviten half, die die Lade des Bundes des HERRN trugen, opferten sie sieben junge Stiere und sieben Widder."},{"27":"Und David hatte ein Obergewand aus feinem Leinen an, desgleichen alle Leviten, die die Lade trugen, und die Sänger und Kenanja, der Oberste beim Gesang der Sänger; auch trug David den leinenen Priesterschurz."},{"28":"So brachte ganz Israel die Lade des Bundes des HERRN hinauf mit Jauchzen, Posaunen, Trompeten und hellen Zimbeln, mit Psaltern und Harfen."},{"29":"Als nun die Lade des Bundes des HERRN in die Stadt Davids kam, sah Michal, die Tochter Sauls, zum Fenster hinaus, und als sie den König David tanzen und spielen sah, verachtete sie ihn in ihrem Herzen."}]