[{"1":"Und Hiram, der König von Tyrus, sandte Boten zu David und Zedernholz, Steinmetzen und Zimmerleute, dass sie ihm ein Haus bauten."},{"2":"Und David erkannte, dass der HERR ihn zum König über Israel bestätigt hatte; denn sein Königtum war hoch erhoben worden um seines Volkes Israel willen."},{"3":"Und David nahm noch mehr Frauen zu Jerusalem und zeugte noch mehr Söhne und Töchter."},{"4":"Die Söhne, die ihm zu Jerusalem geboren wurden, hießen: Schammua, Schobab, Nathan, Salomo,"},{"5":"Jibhar, Elischua, Elpelet,"},{"6":"Nogah, Nefeg, Jafia,"},{"7":"Elischama, Beeljada, Elifelet."},{"8":"Als aber die Philister hörten, dass David zum König gesalbt war über ganz Israel, zogen sie alle herauf, um sich Davids zu bemächtigen. Als das David hörte, zog er aus gegen sie."},{"9":"Und die Philister kamen und ließen sich nieder in der Ebene Refaïm."},{"10":"David aber befragte Gott und sprach: Soll ich hinaufziehen gegen die Philister und willst du sie in meine Hand geben? Der HERR sprach zu ihm: Zieh hinauf! Ich will sie in deine Hände geben."},{"11":"Und als sie hinaufzogen nach Baal-Perazim, schlug sie David dort. Und David sprach: Gott hat durch meine Hand die Reihen meiner Feinde durchbrochen, wie das Wasser einen Damm durchbricht. Daher nannte man die Stätte »Baal-Perazim«."},{"12":"Und sie ließen ihre Götter dort zurück; die befahl David mit Feuer zu verbrennen."},{"13":"Aber die Philister kamen wieder und breiteten sich aus in der Ebene."},{"14":"Und David befragte Gott abermals, und Gott sprach zu ihm: Du sollst nicht hinaufziehen hinter ihnen her, sondern umgehe sie, dass du an sie herankommst von den Bakabäumen her."},{"15":"Wenn du dann hören wirst, wie das Rauschen oben in den Bakabäumen einhergeht, so brich hervor zum Kampf; denn Gott ist dann vor dir ausgezogen, zu schlagen das Heer der Philister."},{"16":"Und David tat, wie ihm Gott geboten hatte, und sie schlugen das Heer der Philister von Gibeon an bis Geser."},{"17":"Und Davids Name ging aus in alle Lande, und der HERR ließ Furcht vor ihm über alle Völker kommen."}]