[
  {
    "1": "Adam, Set, Enosch, "
  },
  {
    "2": "Kenan, Mahalalel, Jered, "
  },
  {
    "3": "Henoch, Metuschelach, Lamech, "
  },
  {
    "4": "Noah, Sem, Ham und Jafet."
  },
  {
    "5": "Die Söhne Jafets sind diese: Gomer, Magog, Madai, Jawan, Tubal, Meschech, Tiras."
  },
  {
    "6": "Die Söhne Gomers aber sind: Aschkenas, Rifat, Togarma."
  },
  {
    "7": "Die Söhne Jawans sind: Elischa, Tarsis, die Kittäer, die Rodaniter."
  },
  {
    "8": "Die Söhne Hams sind: Kusch, Mizrajim, Put, Kanaan."
  },
  {
    "9": "Die Söhne von Kusch aber sind: Seba, Hawila, Sabta, Ragma, Sabtecha. <br />Die Söhne Ragmas aber sind: Saba und Dedan."
  },
  {
    "10": "Kusch aber zeugte Nimrod; der war der Erste, der Gewalt übte auf Erden."
  },
  {
    "11": "Mizrajim zeugte die Luditer, die Anamiter, die Lehabiter, die Naftuhiter,"
  },
  {
    "12": "die Patrositer, die Kasluhiter und die Kaftoriter, von denen die Philister ausgegangen sind."
  },
  {
    "13": "Kanaan aber zeugte Sidon, seinen Erstgeborenen, und Het"
  },
  {
    "14": "und den Jebusiter, den Amoriter, den Girgaschiter,"
  },
  {
    "15": "den Hiwiter, den Arkiter, den Siniter,"
  },
  {
    "16": "den Arwaditer, den Zemariter und den Hamatiter."
  },
  {
    "17": "Die Söhne Sems sind diese: Elam, Assur, Arpachschad, Lud, Aram. Und die Söhne Arams sind: Uz, Hul, Geter und Masch."
  },
  {
    "18": "Arpachschad aber zeugte Schelach, Schelach zeugte Eber."
  },
  {
    "19": "Eber aber wurden zwei Söhne geboren: Der eine hieß Peleg, weil zu seiner Zeit die Erde zerteilt wurde; und sein Bruder hieß Joktan."
  },
  {
    "20": "Joktan aber zeugte Almodad, Schelef, Hazarmawet, Jerach,"
  },
  {
    "21": "Hadoram, Usal, Dikla,"
  },
  {
    "22": "Ebal, Abimaël, Saba,"
  },
  {
    "23": "Ofir, Hawila und Jobab. Diese alle sind Söhne Joktans."
  },
  {
    "24": "Sem, Arpachschad, Schelach,"
  },
  {
    "25": "Eber, Peleg, Regu,"
  },
  {
    "26": "Serug, Nahor, Terach,"
  },
  {
    "27": "Abram, das ist Abraham."
  },
  {
    "28": "Die Söhne Abrahams aber sind: Isaak und Ismael."
  },
  {
    "29": "Und dies ist ihr Geschlecht: der Erstgeborene Ismaels Nebajot, ferner Kedar, Adbeel, Mibsam,"
  },
  {
    "30": "Mischma, Duma, Massa, Hadad, Tema,"
  },
  {
    "31": "Jetur, Nafisch, Kedma. Das sind die Söhne Ismaels."
  },
  {
    "32": "Aber die Söhne Keturas, der Nebenfrau Abrahams: Sie gebar Simran, Jokschan, Medan, Midian, Jischbak, Schuach. Die Söhne Jokschans aber sind: Saba und Dedan."
  },
  {
    "33": "Und die Söhne Midians sind: Efa, Efer, Henoch, Abida, Eldaa. Diese alle sind Söhne der Ketura."
  },
  {
    "34": "Abraham zeugte Isaak. Die Söhne Isaaks aber sind: Esau und Israel."
  },
  {
    "35": "Die Söhne Esaus sind: Elifas, Reguël, Jëusch, Jalam, Korach."
  },
  {
    "36": "Die Söhne des Elifas sind: Teman, Omar, Zefo, Gatam, Kenas, Timna, Amalek."
  },
  {
    "37": "Die Söhne Reguëls sind: Nahat, Serach, Schamma und Misa."
  },
  {
    "38": "Die Söhne Seïrs sind: Lotan, Schobal, Zibon, Ana, Dischon, Ezer, Dischan."
  },
  {
    "39": "Die Söhne Lotans sind: Hori, Homam; und Timna war eine Schwester Lotans."
  },
  {
    "40": "Die Söhne Schobals sind: Alwan, Manahat, Ebal, Schefi, Onam. Die Söhne Zibons sind: Aja und Ana."
  },
  {
    "41": "Der Sohn Anas: Dischon. Die Söhne Dischons sind: Hemdan, Eschban, Jitran, Keran."
  },
  {
    "42": "Die Söhne Ezers sind: Bilhan, Saawan, Akan. Die Söhne Dischons sind: Uz und Aran."
  },
  {
    "43": "Dies sind die Könige, die im Lande Edom regiert haben, ehe in Israel ein König regierte: Bela, der Sohn Beors, und seine Stadt hieß Dinhaba."
  },
  {
    "44": "Und als Bela starb, wurde König an seiner statt Jobab, der Sohn Serachs von Bozra."
  },
  {
    "45": "Und als Jobab starb, wurde König an seiner statt Huscham aus dem Lande der Temaniter."
  },
  {
    "46": "Als Huscham starb, wurde König an seiner statt Hadad, der Sohn Bedads, der die Midianiter schlug auf dem Felde der Moabiter, und seine Stadt hieß Awit."
  },
  {
    "47": "Als Hadad starb, wurde König an seiner statt Samla von Masreka."
  },
  {
    "48": "Als Samla starb, wurde König an seiner statt Schaul von Rehobot am Strom."
  },
  {
    "49": "Als Schaul starb, wurde König an seiner statt Baal-Hanan, der Sohn Achbors."
  },
  {
    "50": "Als Baal-Hanan starb, wurde König an seiner statt Hadad, und seine Stadt hieß Pagu; und seine Frau hieß Mehetabel, eine Tochter Matreds, die Me-Sahabs Tochter war."
  },
  {
    "51": "Und als Hadad starb, waren Fürsten von Edom: Fürst Timna, Fürst Alwa, Fürst Jetet,"
  },
  {
    "52": "Fürst Oholibama, Fürst Ela, Fürst Pinon,"
  },
  {
    "53": "Fürst Kenas, Fürst Teman, Fürst Mibzar,"
  },
  {
    "54": "Fürst Magdiël, Fürst Iram. Das sind die Fürsten von Edom."
  }
]