[{"1":"da sprach David: Hier soll das Haus Gottes, des HERRN, sein und dies der Altar für die Brandopfer Israels."},{"2":"Und David ließ die Fremdlinge versammeln, die im Land Israel waren, und bestellte Steinmetzen, Steine zu hauen, um das Haus Gottes zu bauen."},{"3":"Und David schaffte viel Eisen herbei zu Nägeln für die Türen der Tore und zu Klammern und so viel Bronze, dass sie nicht zu wiegen war,"},{"4":"auch Zedernholz ohne Zahl; denn die von Sidon und Tyrus brachten viel Zedernholz zu David."},{"5":"Denn David dachte: Mein Sohn Salomo ist noch jung und zart; das Haus aber, das dem HERRN gebaut werden soll, soll groß sein, dass sein Name und Ruhm erhoben werde in allen Landen. Darum will ich ihm Vorrat schaffen. So schaffte David viel Vorrat vor seinem Tod."},{"6":"Und er rief seinen Sohn Salomo und gebot ihm, dem HERRN, dem Gott Israels, ein Haus zu bauen,"},{"7":"und sprach zu ihm: Mein Sohn, ich hatte im Sinn, dem Namen des HERRN, meines Gottes, ein Haus zu bauen,"},{"8":"aber das Wort des HERRN kam zu mir: Du hast viel Blut vergossen und große Kriege geführt; darum sollst du meinem Namen nicht ein Haus bauen, weil du vor mir so viel Blut auf die Erde vergossen hast."},{"9":"Siehe, der Sohn, der dir geboren werden soll, der wird ein Mann der Ruhe sein; denn ich will ihm Ruhe schaffen vor allen seinen Feinden ringsumher. Er soll Salomo heißen; denn ich will Israel Frieden und Ruhe geben, solange er lebt."},{"10":"Der soll meinem Namen ein Haus bauen. Er soll mein Sohn sein, und ich will sein Vater sein. Und ich will seinen königlichen Thron über Israel bestätigen ewiglich."},{"11":"So sei nun der HERR mit dir, mein Sohn, und es wird dir gelingen, dass du dem HERRN, deinem Gott, ein Haus baust, wie er von dir geredet hat."},{"12":"Auch wird der HERR dir geben Klugheit und Verstand und wird dich bestellen über Israel, dass du haltest das Gesetz des HERRN, deines Gottes."},{"13":"Dann aber wird es dir gelingen, wenn du die Gebote und Rechte befolgst, die der HERR dem Mose für Israel geboten hat. Sei getrost und unverzagt, fürchte dich nicht und lass dich nicht erschrecken!"},{"14":"Siehe, ich habe in meiner Mühsal herbeigeschafft für das Haus des HERRN hunderttausend Zentner Gold und tausendmal tausend Zentner Silber, dazu Bronze und Eisen, das nicht zu wiegen ist, denn es ist zu viel; auch Holz und Steine habe ich herbeigeschafft, davon kannst du noch mehr anschaffen."},{"15":"Auch hast du viele Arbeiter, Steinmetzen und Leute, die in Stein und Holz arbeiten, und allerlei Meister für jede Arbeit"},{"16":"in Gold, Silber, Bronze und Eisen, ohne Zahl. So mache dich auf und richte es aus! Der HERR sei mit dir!"},{"17":"Und David gebot allen Oberen Israels, seinem Sohn Salomo zu helfen:"},{"18":"Ist nicht der HERR, euer Gott, mit euch und hat euch Ruhe gegeben ringsumher? Denn er hat die Bewohner des Landes in meine Hand gegeben, und das Land ist unterworfen dem HERRN und seinem Volk."},{"19":"So richtet nun euer Herz und euren Sinn darauf, den HERRN, euren Gott, zu suchen. Und macht euch auf und baut Gott, dem HERRN, ein Heiligtum, dass man die Lade des Bundes des HERRN und die heiligen Geräte Gottes in das Haus bringe, das dem Namen des HERRN gebaut werden soll."}]