[{"1":"Und David versammelte nach Jerusalem alle Oberen Israels, nämlich die Obersten der Stämme, die Obersten über die Abteilungen, die dem König dienten, die Obersten über Tausend und über Hundert, die Obersten über alle Güter und Herden des Königs und seiner Söhne sowie die Kämmerer, die Kriegsleute und alle tüchtigen Männer."},{"2":"Und der König David stand auf und sprach: Hört mir zu, meine Brüder und mein Volk! Ich hatte mir vorgenommen, ein Haus zu bauen als Ruhestätte für die Lade des Bundes des HERRN und für den Schemel der Füße unseres Gottes, und hatte mich angeschickt, es zu bauen."},{"3":"Aber Gott ließ mir sagen: Du sollst meinem Namen kein Haus bauen; denn du bist ein Kriegsmann und hast Blut vergossen."},{"4":"Nun hat der HERR, der Gott Israels, mich erwählt aus meines Vaters ganzem Hause, dass ich König über Israel sein sollte ewiglich. Denn er hat Juda erwählt zum Fürsten und im Hause Juda meines Vaters Haus. Und unter meines Vaters Söhnen hat er an mir Gefallen gehabt, dass er mich zum König machte über ganz Israel."},{"5":"Und von allen meinen Söhnen – denn der HERR hat mir viele Söhne gegeben – hat er meinen Sohn Salomo erwählt, dass er sitzen soll auf dem Thron des Königtums des HERRN über Israel,"},{"6":"und er hat zu mir gesagt: Dein Sohn Salomo soll mein Haus und meine Vorhöfe bauen; denn ich habe ihn mir erwählt zum Sohn, und ich will sein Vater sein"},{"7":"und will sein Königtum bestätigen ewiglich, wenn er daran festhält, zu tun nach meinen Geboten und Rechten, wie es heute geschieht."},{"8":"Nun denn – vor den Augen ganz Israels, der Gemeinde des HERRN, und vor den Ohren unseres Gottes –: Haltet und sucht alle Gebote des HERRN, eures Gottes, damit ihr das gute Land besitzt und es vererbt euren Kindern nach euch ewiglich!"},{"9":"Und du, mein Sohn Salomo, erkenne den Gott deines Vaters und diene ihm mit ganzem Herzen und mit williger Seele. Denn der HERR erforscht alle Herzen und versteht alles Dichten und Trachten der Gedanken. Wirst du ihn suchen, so wirst du ihn finden; wirst du ihn aber verlassen, so wird er dich verwerfen ewiglich!"},{"10":"So sieh nun zu, denn der HERR hat dich erwählt, dass du ein Haus baust als Heiligtum. Sei getrost und mache es!"},{"11":"Und David gab seinem Sohn Salomo einen Plan für die Vorhalle des Tempels und für seinen Bau, seine Gemächer und Obergemächer und inneren Kammern und für den Raum des Gnadenstuhls;"},{"12":"und einen Plan für alles, was er im Sinn hatte: für die Vorhöfe am Hause des HERRN und alle Gemächer ringsum, bestimmt für die Schätze im Hause Gottes und für die Schätze der geheiligten Gaben"},{"13":"und für die Abteilungen der Priester und Leviten und für alle Werke und Geräte des Dienstes im Hause des HERRN."},{"14":"Und er setzte fest das Goldgewicht für alle Geräte je nach ihrem Zweck und alles Silbergewicht für alle Geräte je nach ihrem Zweck"},{"15":"und das Gewicht für die goldenen Leuchter und goldenen Lampen, für jeden Leuchter und seine Lampen sein Gewicht, auch für die silbernen Leuchter, für jeden Leuchter und seine Lampen, nach dem Zweck eines jeden Leuchters."},{"16":"Auch setzte er das Goldgewicht fest für die Tische der Schaubrote, für jeden Tisch sein Gewicht; ebenso auch das des Silbers für die silbernen Tische;"},{"17":"und für die Gabeln, Schalen und Kannen von lauterem Gold und für die goldenen Becher, für jeden Becher sein Gewicht, und für die silbernen Becher, für jeden Becher sein Gewicht,"},{"18":"und für den Räucheraltar vom allerlautersten Gold sein Gewicht. Auch gab er einen Plan des Thronwagens mit den goldenen Cherubim, die sich ausbreiteten und oben die Lade des Bundes des HERRN bedeckten. –"},{"19":"Das alles steht in einer Schrift, gegeben von der Hand des HERRN, der mich unterwies über alle Werke des Plans."},{"20":"Und David sprach zu seinem Sohn Salomo: Sei getrost und unverzagt und mache es! Fürchte dich nicht und lass dich nicht erschrecken! Gott der HERR, mein Gott, wird mit dir sein und wird die Hand nicht abziehen und dich nicht verlassen, bis du jedes Werk für den Dienst im Hause des HERRN vollendet hast."},{"21":"Siehe, da sind die Abteilungen der Priester und Leviten zu jedem Dienst im Hause Gottes; auch hast du zu jedem Werk Leute, die willig und weise sind zu jedem Dienst, dazu auch die Obersten und alles Volk zu allem, was du tun wirst."}]