[{"1":"Was von Anfang an war, was wir gehört haben, was wir gesehen haben mit unsern Augen, was wir betrachtet haben und unsre Hände betastet haben, vom Wort des Lebens –"},{"2":"und das Leben ist erschienen, und wir haben gesehen und bezeugen und verkündigen euch das Leben, das ewig ist, das beim Vater war und uns erschienen ist –,"},{"3":"was wir gesehen und gehört haben, das verkündigen wir auch euch, damit auch ihr mit uns Gemeinschaft habt; und unsere Gemeinschaft ist mit dem Vater und mit seinem Sohn Jesus Christus."},{"4":"Und dies schreiben wir, auf dass unsere Freude vollkommen sei."},{"5":"Und das ist die Botschaft, die wir von ihm gehört haben und euch verkündigen: Gott ist Licht, und in ihm ist keine Finsternis."},{"6":"Wenn wir sagen, dass wir Gemeinschaft mit ihm haben, und wandeln doch in der Finsternis, so lügen wir und tun nicht die Wahrheit."},{"7":"Wenn wir aber im Licht wandeln, wie er im Licht ist, so haben wir Gemeinschaft untereinander, und das Blut Jesu, seines Sohnes, macht uns rein von aller Sünde."},{"8":"Wenn wir sagen, wir haben keine Sünde, so betrügen wir uns selbst, und die Wahrheit ist nicht in uns."},{"9":"Wenn wir aber unsre Sünden bekennen, so ist er treu und gerecht, dass er uns die Sünden vergibt und reinigt uns von aller Ungerechtigkeit."},{"10":"Wenn wir sagen, wir haben nicht gesündigt, so machen wir ihn zum Lügner, und sein Wort ist nicht in uns."}]