[{"1":"Und als Salomo das Haus des HERRN gebaut hatte und das Haus des Königs und alles, was er zu machen gewünscht hatte,"},{"2":"erschien ihm der HERR zum zweiten Mal, wie er ihm erschienen war in Gibeon."},{"3":"Und der HERR sprach zu ihm: Ich habe dein Gebet und Flehen gehört, das du vor mich gebracht hast, und habe dies Haus geheiligt, das du gebaut hast, dass ich meinen Namen dort wohnen lasse ewiglich, und meine Augen und mein Herz sollen da sein allezeit."},{"4":"Und du, wenn du vor mir wandelst, wie dein Vater David gewandelt ist, mit rechtschaffenem Herzen und aufrichtig, dass du alles tust, was ich dir geboten habe, und meine Gebote und meine Rechte hältst,"},{"5":"so will ich bestätigen den Thron deines Königtums über Israel ewiglich, wie ich deinem Vater David zugesagt habe: Es soll dir nicht fehlen an einem Mann auf dem Thron Israels."},{"6":"Werdet ihr euch aber von mir abwenden, ihr und eure Kinder, und nicht halten meine Gebote und Rechte, die ich euch vorgelegt habe, und hingehen und andern Göttern dienen und sie anbeten,"},{"7":"so werde ich Israel ausrotten aus dem Lande, das ich ihnen gegeben habe, und das Haus, das ich meinem Namen geheiligt habe, will ich verwerfen von meinem Angesicht; und Israel wird ein Spott und Hohn sein unter allen Völkern."},{"8":"Und dies Haus wird eingerissen werden, sodass alle, die vorübergehen, sich entsetzen werden und zischen und sagen: Warum hat der HERR diesem Lande und diesem Hause das angetan?"},{"9":"Dann wird man antworten: Weil sie den HERRN, ihren Gott, verlassen haben, der ihre Väter aus Ägyptenland führte, und andere Götter angenommen und sie angebetet und ihnen gedient haben – darum hat der HERR all dies Unheil über sie gebracht."},{"10":"Als nun die zwanzig Jahre um waren, in denen Salomo die beiden Häuser baute, des HERRN Haus und des Königs Haus, –"},{"11":"dazu hatte Hiram, der König von Tyrus, Salomo Zedernbäume und Zypressen und Gold nach all seinen Wünschen gegeben –, da gab der König Salomo Hiram zwanzig Städte im Lande Galiläa."},{"12":"Und Hiram zog aus von Tyrus, die Städte zu besehen, die ihm Salomo gegeben hatte, und sie gefielen ihm nicht."},{"13":"Und er sprach: Was sind das für Städte, mein Bruder, die du mir gegeben hast? Und man nannte sie das Land Kabul bis auf diesen Tag."},{"14":"Und Hiram hatte dem König hundertzwanzig Zentner Gold gesandt."},{"15":"Und so verhielt sich's mit den Fronleuten, die der König Salomo aushob, um zu bauen des HERRN Haus und sein Haus und den Millo und die Mauer Jerusalems und Hazor und Megiddo und Geser –"},{"16":"denn der Pharao, der König von Ägypten, war heraufgezogen und hatte Geser eingenommen und mit Feuer verbrannt und die Kanaaniter erschlagen, die in der Stadt wohnten, und hatte seiner Tochter, Salomos Frau, den Ort als Brautgeschenk gegeben;"},{"17":"und Salomo baute Geser wieder auf und das untere Bet-Horon"},{"18":"und Baalat und Tamar in der Wüste im Lande Juda"},{"19":"und alle Städte mit Kornspeichern, die Salomo hatte, und alle Städte der Wagen und die Städte der Gespanne und was er zu bauen wünschte in Jerusalem, im Libanon und im ganzen Lande seiner Herrschaft –:"},{"20":"Alles Volk, das noch übrig war von den Amoritern, Hetitern, Perisitern, Hiwitern und Jebusitern, die nicht zu den Israeliten gehörten,"},{"21":"deren Nachkommen, die übrig geblieben waren im Lande, an denen Israel den Bann nicht hatte vollstrecken können, die machte Salomo zu Fronleuten bis auf diesen Tag."},{"22":"Aber von den Israeliten machte er niemand zu Fronleuten, sondern ließ sie Kriegsleute und seine Knechte und Oberste und Ritter und Hauptleute über seine Wagen und Gespanne sein."},{"23":"Und die Zahl der obersten Amtleute, die über Salomos Bauarbeiten gesetzt waren, betrug fünfhundertfünfzig; diese geboten über die Leute, die die Arbeiten taten."},{"24":"Und die Tochter des Pharao zog herauf von der Stadt Davids in ihr Haus, das Salomo für sie gebaut hatte. Dann baute er auch den Millo."},{"25":"Und Salomo opferte dreimal im Jahr Brandopfer und Dankopfer auf dem Altar, den er dem HERRN gebaut hatte, und räucherte auf ihm vor dem HERRN. Und so wurde das Haus fertig."},{"26":"Und Salomo baute auch Schiffe in Ezjon-Geber, das bei Elat liegt am Ufer des Schilfmeers im Lande Edom."},{"27":"Und Hiram sandte auf die Schiffe seine Leute, die gute Schiffsleute und auf dem Meer erfahren waren, zusammen mit den Leuten Salomos."},{"28":"Und sie kamen nach Ofir und holten dort vierhundertzwanzig Zentner Gold und brachten's dem König Salomo."}]