[{"1":"Und es sprach Elia, der Tischbiter, aus Tischbe in Gilead zu Ahab: So wahr der HERR, der Gott Israels, lebt, vor dem ich stehe: Es soll diese Jahre weder Tau noch Regen kommen, ich sage es denn."},{"2":"Da kam das Wort des HERRN zu ihm:"},{"3":"Geh weg von hier und wende dich nach Osten und verbirg dich am Bach Krit, der zum Jordan fließt."},{"4":"Und du sollst aus dem Bach trinken, und ich habe den Raben geboten, dass sie dich dort versorgen sollen."},{"5":"Er aber ging hin und tat nach dem Wort des HERRN und setzte sich nieder am Bach Krit, der zum Jordan fließt."},{"6":"Und die Raben brachten ihm Brot und Fleisch des Morgens und des Abends, und er trank aus dem Bach."},{"7":"Und es geschah nach einiger Zeit, dass der Bach vertrocknete; denn es war kein Regen im Lande."},{"8":"Da kam das Wort des HERRN zu ihm:"},{"9":"Mach dich auf und geh nach Sarepta, das zu Sidon gehört, und bleibe dort; denn ich habe dort einer Witwe geboten, dass sie dich versorge."},{"10":"Und er machte sich auf und ging nach Sarepta. Und als er an das Tor der Stadt kam, siehe, da war eine Witwe, die las Holz auf. Und er rief ihr zu und sprach: Hole mir ein wenig Wasser im Gefäß, dass ich trinke!"},{"11":"Und als sie hinging zu holen, rief er ihr nach und sprach: Bringe mir auch einen Bissen Brot mit!"},{"12":"Sie sprach: So wahr der HERR, dein Gott, lebt: Ich habe nichts Gebackenes, nur eine Handvoll Mehl im Topf und ein wenig Öl im Krug. Und siehe, ich habe ein Scheit Holz oder zwei aufgelesen und gehe heim und will's mir und meinem Sohn zubereiten, dass wir essen – und sterben."},{"13":"Elia sprach zu ihr: Fürchte dich nicht! Geh hin und mach's, wie du gesagt hast. Doch mache zuerst mir etwas Gebackenes davon und bringe mir's heraus; dir aber und deinem Sohn sollst du danach auch etwas backen."},{"14":"Denn so spricht der HERR, der Gott Israels: Das Mehl im Topf soll nicht verzehrt werden, und dem Ölkrug soll nichts mangeln bis auf den Tag, an dem der HERR regnen lassen wird auf Erden."},{"15":"Sie ging hin und tat, wie Elia gesagt hatte. Und er aß und sie auch und ihr Sohn Tag um Tag."},{"16":"Das Mehl im Topf wurde nicht verzehrt, und dem Ölkrug mangelte nichts nach dem Wort des HERRN, das er geredet hatte durch Elia."},{"17":"Und nach diesen Geschichten wurde der Sohn dieser Frau, seiner Hauswirtin, krank, und seine Krankheit wurde so schwer, dass kein Odem mehr in ihm blieb."},{"18":"Und sie sprach zu Elia: Was hab ich mit dir zu schaffen, du Mann Gottes? Du bist zu mir gekommen, dass meiner Sünde gedacht und mein Sohn getötet würde."},{"19":"Er sprach zu ihr: Gib mir deinen Sohn! Und er nahm ihn von ihrem Schoß und ging hinauf ins Obergemach, wo er wohnte, und legte ihn auf sein Bett"},{"20":"und rief den HERRN an und sprach: HERR, mein Gott, tust du sogar der Witwe, bei der ich ein Gast bin, so Übles an, dass du ihren Sohn tötest?"},{"21":"Und er legte sich auf das Kind drei Mal und rief den HERRN an und sprach: HERR, mein Gott, lass das Leben in dies Kind zurückkehren!"},{"22":"Und der HERR erhörte die Stimme Elias, und das Leben kehrte in das Kind zurück, und es wurde wieder lebendig."},{"23":"Und Elia nahm das Kind und brachte es hinab vom Obergemach ins Haus und gab es seiner Mutter und sprach: Siehe, dein Sohn lebt!"},{"24":"Und die Frau sprach zu Elia: Nun erkenne ich, dass du ein Mann Gottes bist, und des HERRN Wort in deinem Munde ist Wahrheit."}]