[{"1":"Und Rehabeam zog nach Sichem, denn ganz Israel war nach Sichem gekommen, um ihn zum König zu machen."},{"2":"Und Jerobeam, der Sohn Nebats, hörte das, als er noch in Ägypten war, wohin er vor dem König Salomo geflohen war, und kehrte aus Ägypten zurück."},{"3":"Und sie sandten hin und ließen ihn rufen. Und Jerobeam und die ganze Gemeinde Israel kamen und redeten mit Rehabeam und sprachen:"},{"4":"Dein Vater hat unser Joch zu hart gemacht. Mache du nun den harten Dienst und das schwere Joch leichter, das er uns aufgelegt hat, so wollen wir dir untertan sein."},{"5":"Er aber sprach zu ihnen: Geht hin bis zum dritten Tag, dann kommt wieder zu mir. Und das Volk ging hin."},{"6":"Und der König Rehabeam hielt einen Rat mit den Ältesten, die vor seinem Vater Salomo gestanden hatten, als er noch lebte, und sprach: Wie ratet ihr, dass wir diesem Volk Antwort geben?"},{"7":"Sie sprachen zu ihm: Wirst du heute diesem Volk einen Dienst tun und ihnen zu Willen sein und sie erhören und ihnen gute Worte geben, so werden sie dir untertan sein dein Leben lang."},{"8":"Aber er verwarf den Rat der Ältesten, den sie ihm gegeben hatten, und hielt einen Rat mit den Jüngeren, die mit ihm aufgewachsen waren und vor ihm standen."},{"9":"Und er sprach zu ihnen: Was ratet ihr, dass wir antworten diesem Volk, das zu mir gesagt hat: Mache das Joch leichter, das dein Vater auf uns gelegt hat?"},{"10":"Und die Jüngeren, die mit ihm aufgewachsen waren, sprachen zu ihm: Du sollst zu dem Volk, das zu dir sagt: »Dein Vater hat unser Joch zu schwer gemacht; mache du es uns leichter«, so sagen: Mein kleiner Finger ist dicker als meines Vaters Lenden."},{"11":"Nun, mein Vater hat auf euch ein schweres Joch gelegt, ich aber will's euch noch schwerer machen. Mein Vater hat euch mit Peitschen gezüchtigt, ich will euch mit Skorpionen züchtigen."},{"12":"Als nun Jerobeam und das ganze Volk zu Rehabeam kamen am dritten Tage, wie der König gesagt hatte: Kommt wieder zu mir am dritten Tage,"},{"13":"da gab der König dem Volk eine harte Antwort und verwarf den Rat, den ihm die Ältesten gegeben hatten,"},{"14":"und redete mit ihnen nach dem Rat der Jüngeren und sprach: Mein Vater hat euer Joch schwer gemacht, ich aber will's euch noch schwerer machen. Mein Vater hat euch mit Peitschen gezüchtigt, ich aber will euch mit Skorpionen züchtigen."},{"15":"So hörte der König nicht auf das Volk; denn so war es bestimmt von dem HERRN, auf dass er sein Wort wahr machte, das er durch Ahija von Silo geredet hatte zu Jerobeam, dem Sohn Nebats."},{"16":"Als aber ganz Israel sah, dass der König sie nicht hören wollte, gab das Volk dem König Antwort und sprach: Was haben wir für Teil an David oder Erbe am Sohn Isais? Auf zu deinen Zelten, Israel! So sorge nun du für dein Haus, David! – Da ging Israel zu seinen Zelten,"},{"17":"sodass Rehabeam nur über die Israeliten regierte, die in den Städten Judas wohnten."},{"18":"Und als der König Rehabeam den Fronvogt Adoniram hinsandte, warf ihn ganz Israel mit Steinen zu Tode. Aber der König Rehabeam stieg eilends auf einen Wagen und floh nach Jerusalem."},{"19":"Also fiel Israel ab vom Hause David bis auf diesen Tag."},{"20":"Als nun ganz Israel hörte, dass Jerobeam zurückgekommen war, sandten sie hin und ließen ihn rufen zu der Gemeinde und machten ihn zum König über ganz Israel; niemand folgte dem Hause David als der Stamm Juda allein."},{"21":"Und als Rehabeam nach Jerusalem kam, sammelte er das ganze Haus Juda und den Stamm Benjamin, hundertachtzigtausend streitbare Männer, um gegen das Haus Israel zu kämpfen und das Königtum an Rehabeam, den Sohn Salomos, zurückzubringen."},{"22":"Es kam aber Gottes Wort zu Schemaja, dem Mann Gottes:"},{"23":"Sage Rehabeam, dem Sohn Salomos, dem König von Juda, und dem ganzen Hause Juda und Benjamin und dem übrigen Volk und sprich:"},{"24":"So spricht der HERR: Ihr sollt nicht hinaufziehen und gegen eure Brüder, die Israeliten, kämpfen. Jedermann gehe wieder heim, denn das alles ist von mir geschehen. Und sie gehorchten dem Wort des HERRN, kehrten um und gingen heim, wie der HERR gesagt hatte."},{"25":"Jerobeam aber baute Sichem auf dem Gebirge Ephraim aus und wohnte darin und zog von da fort und baute Pnuël aus."},{"26":"Und Jerobeam dachte in seinem Herzen: Das Königtum wird nun wieder an das Haus David fallen."},{"27":"Wenn dies Volk hinaufgeht, um Opfer darzubringen im Hause des HERRN zu Jerusalem, so wird sich das Herz dieses Volks wenden zu ihrem Herrn Rehabeam, dem König von Juda, und sie werden mich umbringen und wieder Rehabeam, dem König von Juda, zufallen."},{"28":"Und der König hielt einen Rat und machte zwei goldene Kälber und sprach zum Volk: Es ist zu viel für euch, dass ihr hinauf nach Jerusalem geht; siehe, da sind deine Götter, Israel, die dich aus Ägyptenland geführt haben."},{"29":"Und er stellte eins in Bethel auf, und das andere gab er nach Dan."},{"30":"Und das geriet zur Sünde, denn das Volk ging vor dem einen her bis nach Dan."},{"31":"Er baute auch ein Höhenheiligtum und machte Priester aus allerlei Leuten, die nicht von den Söhnen Levi waren."},{"32":"Und Jerobeam machte ein Fest am fünfzehnten Tag des achten Monats wie das Fest in Juda und opferte auf dem Altar. So tat er in Bethel, dass er den Kälbern opferte, die er gemacht hatte, und bestellte in Bethel Priester für die Höhen, die er gemacht hatte."},{"33":"Und er opferte auf dem Altar, den er gemacht hatte in Bethel, am fünfzehnten Tage im achten Monat, den er sich in seinem Herzen ausgedacht hatte, und machte den Israeliten ein Fest und stieg auf den Altar, um zu opfern."}]