[{"1":"Und siehe, ein Mann Gottes kam von Juda auf das Wort des HERRN hin nach Bethel, während Jerobeam noch auf dem Altar stand, um zu räuchern."},{"2":"Und er rief gegen den Altar auf das Wort des HERRN hin und sprach: Altar, Altar! So spricht der HERR: Siehe, es wird ein Sohn dem Hause David geboren werden mit Namen Josia; der wird auf dir schlachten die Priester der Höhen, die auf dir räuchern, und wird Menschengebein auf dir verbrennen."},{"3":"Und er gab an dem Tag ein Wunderzeichen und sprach: Das ist das Zeichen dafür, dass der HERR geredet hat: Siehe, der Altar wird bersten und die Asche verschüttet werden, die darauf ist."},{"4":"Als aber der König das Wort von dem Mann Gottes hörte, der gegen den Altar in Bethel rief, streckte er seine Hand aus auf dem Altar und sprach: Greift ihn! Und seine Hand verdorrte, die er gegen ihn ausgestreckt hatte, und er konnte sie nicht wieder an sich ziehen."},{"5":"Und der Altar barst und die Asche wurde verschüttet vom Altar nach dem Wunderzeichen, das der Mann Gottes gegeben hatte auf das Wort des HERRN hin."},{"6":"Und der König hob an und sprach zu dem Mann Gottes: Besänftige doch den HERRN, deinen Gott, und bitte für mich, dass ich meine Hand wieder an mich ziehen kann. Da besänftigte der Mann Gottes den HERRN, und der König konnte seine Hand wieder an sich ziehen, und sie wurde, wie sie zuvor war."},{"7":"Und der König redete mit dem Mann Gottes: Komm mit mir heim und labe dich; ich will dir ein Geschenk geben."},{"8":"Aber der Mann Gottes sprach zum König: Wenn du mir auch die Hälfte deines Hauses geben wolltest, so käme ich doch nicht mit dir; denn ich will an diesem Ort kein Brot essen noch Wasser trinken."},{"9":"Denn so ist mir geboten durch des HERRN Wort: Du sollst kein Brot essen und kein Wasser trinken und nicht den Weg zurückgehen, den du gekommen bist."},{"10":"Und er ging einen andern Weg und kehrte nicht auf dem Weg zurück, den er nach Bethel gekommen war."},{"11":"Es wohnte aber ein alter Prophet in Bethel; zu dem kamen seine Söhne und erzählten ihm alles, was der Mann Gottes getan hatte an diesem Tag in Bethel, und die Worte, die er zum König geredet hatte."},{"12":"Und ihr Vater sprach zu ihnen: Wo ist der Weg, den er gezogen ist? Und seine Söhne zeigten ihm den Weg, den der Mann Gottes gezogen war, der von Juda gekommen war."},{"13":"Er aber sprach zu seinen Söhnen: Sattelt mir den Esel! Und als sie ihm den Esel gesattelt hatten, ritt er auf ihm"},{"14":"und zog dem Mann Gottes nach und fand ihn unter einer Eiche sitzen und sprach zu ihm: Bist du der Mann Gottes, der von Juda gekommen ist? Er sprach: Ja."},{"15":"Er sprach zu ihm: Komm mit mir heim und iss Brot!"},{"16":"Er aber sprach: Ich kann nicht mit dir umkehren und mit dir kommen; ich will auch nicht Brot essen noch Wasser trinken mit dir an diesem Ort."},{"17":"Denn es ist zu mir geredet worden durch das Wort des HERRN: Du sollst dort weder Brot essen noch Wasser trinken; du sollst nicht den Weg zurückgehen, den du gekommen bist."},{"18":"Er sprach zu ihm: Ich bin auch ein Prophet wie du, und ein Engel hat zu mir geredet auf das Wort des HERRN hin: Führe ihn wieder mit dir heim, dass er Brot esse und Wasser trinke. Er belog ihn aber."},{"19":"Und er führte ihn wieder zurück, dass er Brot aß und Wasser trank in seinem Hause."},{"20":"Und als sie zu Tisch saßen, kam das Wort des HERRN zum Propheten, der ihn zurückgeführt hatte."},{"21":"Und er rief dem Mann Gottes zu, der von Juda gekommen war: So spricht der HERR: Weil du dem Mund des HERRN ungehorsam gewesen bist und nicht gehalten hast das Gebot, das dir der HERR, dein Gott, geboten hat,"},{"22":"und bist umgekehrt, hast Brot gegessen und Wasser getrunken an dem Ort, von dem er dir sagte: Du sollst weder Brot essen noch Wasser trinken –, so soll dein Leichnam nicht in deiner Väter Grab kommen."},{"23":"Und nachdem er Brot gegessen und getrunken hatte, sattelte man für ihn den Esel des Propheten, der ihn zurückgeführt hatte."},{"24":"Und als er seines Weges zog, fand ihn ein Löwe auf dem Wege und tötete ihn. Und sein Leichnam lag hingestreckt am Wege, und der Esel stand neben ihm, und der Löwe stand neben dem Leichnam."},{"25":"Und als Leute vorübergingen, sahen sie den Leichnam am Wege liegen und den Löwen bei dem Leichnam stehen und kamen und sagten es in der Stadt, in der der alte Prophet wohnte."},{"26":"Als das der Prophet hörte, der ihn zurückgeführt hatte, sprach er: Es ist der Mann Gottes, der dem Mund des HERRN ungehorsam gewesen ist. Darum hat ihn der HERR dem Löwen gegeben; der hat ihn zerrissen und getötet nach dem Wort, das ihm der HERR gesagt hat."},{"27":"Und er sprach zu seinen Söhnen: Sattelt mir den Esel! Und als sie ihn gesattelt hatten,"},{"28":"zog er hin und fand den Leichnam am Wege liegen und den Esel und den Löwen neben dem Leichnam stehen. Der Löwe hatte nichts gefressen vom Leichnam und den Esel nicht zerrissen."},{"29":"Da hob der Prophet den Leichnam des Mannes Gottes auf und legte ihn auf den Esel und brachte ihn zurück und kam in seine Stadt, um die Totenklage zu halten und ihn zu begraben."},{"30":"Und er legte den Leichnam in sein eigenes Grab, und sie hielten ihm die Totenklage: Ach, Bruder!"},{"31":"Und als sie ihn begraben hatten, sprach er zu seinen Söhnen: Wenn ich sterbe, so begrabt mich in dem Grabe, in dem der Mann Gottes begraben ist, und legt mein Gebein neben sein Gebein."},{"32":"Denn es wird sich erfüllen, was er gerufen hat gegen den Altar in Bethel auf das Wort des HERRN hin und gegen alle Heiligtümer auf den Höhen, die in den Städten Samariens sind."},{"33":"Auch nach dieser Geschichte kehrte Jerobeam nicht um von seinem bösen Wege, sondern bestellte wieder Priester für die Höhen aus allem Volk. Wer da wollte, dessen Hand füllte er und der wurde Priester für die Höhen."},{"34":"Und dies geriet zur Sünde dem Hause Jerobeams, sodass es zugrunde gerichtet und von der Erde vertilgt wurde."}]