[{"1":"Aber der König Salomo liebte viele ausländische Frauen: die Tochter des Pharao und moabitische, ammonitische, edomitische, sidonische und hetitische –"},{"2":"aus solchen Völkern, von denen der HERR den Israeliten gesagt hatte: Geht nicht zu ihnen und lasst sie nicht zu euch kommen; sie werden gewiss eure Herzen ihren Göttern zuneigen. An diesen hing Salomo mit Liebe."},{"3":"Und er hatte siebenhundert Hauptfrauen und dreihundert Nebenfrauen; und seine Frauen verleiteten sein Herz."},{"4":"Und als er nun alt war, neigten seine Frauen sein Herz fremden Göttern zu, sodass sein Herz nicht ungeteilt bei dem HERRN, seinem Gott, war wie das Herz seines Vaters David."},{"5":"So diente Salomo der Astarte, der Göttin der Sidonier, und dem Milkom, dem gräulichen Götzen der Ammoniter."},{"6":"Und Salomo tat, was dem HERRN missfiel, und folgte nicht völlig dem HERRN wie sein Vater David."},{"7":"Damals baute Salomo eine Höhe dem Kemosch, dem gräulichen Götzen der Moabiter, auf dem Berge, der vor Jerusalem liegt, und dem Milkom, dem gräulichen Götzen der Ammoniter."},{"8":"Ebenso tat Salomo für alle seine ausländischen Frauen, die ihren Göttern räucherten und opferten."},{"9":"Der HERR aber wurde zornig über Salomo, dass er sein Herz von dem HERRN, dem Gott Israels, abgewandt hatte, der ihm zweimal erschienen war"},{"10":"und ihm geboten hatte, dass er nicht andern Göttern nachwandelte. Er aber hatte nicht gehalten, was ihm der HERR geboten hatte."},{"11":"Darum sprach der HERR zu Salomo: Weil das bei dir geschehen ist und du meinen Bund und meine Gebote nicht gehalten hast, die ich dir geboten habe, so will ich das Königtum von dir reißen und einem deiner Großen geben."},{"12":"Doch zu deiner Zeit will ich das noch nicht tun um deines Vaters David willen, sondern aus der Hand deines Sohnes will ich's reißen."},{"13":"Doch will ich nicht das ganze Reich losreißen; einen Stamm will ich deinem Sohn lassen um Davids willen, meines Knechts, und um Jerusalems willen, das ich erwählt habe."},{"14":"Und der HERR erweckte Salomo einen Widersacher, Hadad, den Edomiter, vom königlichen Geschlecht in Edom."},{"15":"Denn als David die Edomiter schlug – damals als der Feldhauptmann Joab hinaufgezogen war, um die Erschlagenen Israels zu begraben, da erschlug er alles, was männlich war in Edom;"},{"16":"sechs Monate blieb Joab und ganz Israel dort, bis er ausgerottet hatte alles, was männlich war in Edom –,"},{"17":"da floh Hadad und mit ihm etliche Edomiter vom Gefolge seines Vaters, um nach Ägypten zu entkommen. Hadad aber war noch ein sehr junger Mann."},{"18":"Und sie machten sich auf von Midian und kamen nach Paran und nahmen Leute mit sich aus Paran und kamen nach Ägypten zum Pharao, dem König von Ägypten. Der gab ihm ein Haus und Nahrung und wies ihm Land an."},{"19":"Und Hadad fand große Gnade vor dem Pharao, sodass er ihm sogar die Schwester seiner Gemahlin, der Königin Tachpenes, zur Frau gab."},{"20":"Und die Schwester der Tachpenes gebar ihm Genubat, seinen Sohn, und Tachpenes zog ihn auf im Hause des Pharao, sodass Genubat im Hause des Pharao unter den Kindern des Pharao war."},{"21":"Als nun Hadad in Ägypten hörte, dass David sich zu seinen Vätern gelegt hatte und dass der Feldhauptmann Joab tot war, sprach er zum Pharao: Lass mich in mein Land ziehen!"},{"22":"Der Pharao sprach zu ihm: Was fehlt dir bei mir, dass du in dein Land ziehen willst? Er sprach: Nichts, aber lass mich ziehen!"},{"23":"Auch erweckte Gott dem Salomo noch einen Widersacher, Reson, den Sohn Eljadas, der von seinem Herrn, Hadad-Eser, dem König von Zoba, geflohen war."},{"24":"Der hatte Männer um sich gesammelt und war Hauptmann einer Schar geworden – als David die Aramäer schlug –, und sie zogen nach Damaskus und nahmen es ein und herrschten in Damaskus."},{"25":"Und er war ein Widersacher Israels, solange Salomo lebte. Das kam zu dem Schaden, den Hadad tat, er hasste Israel und herrschte über Aram."},{"26":"Auch Jerobeam, der Sohn Nebats, ein Ephraimiter von Zereda, Salomos Vogt – seine Mutter hieß Zerua, eine Witwe –, hob die Hand auf gegen den König."},{"27":"Und so ging es zu, als er die Hand gegen den König aufhob: Salomo baute den Millo und schloss damit die Lücke in der Stadt Davids, seines Vaters."},{"28":"Und Jerobeam war ein tüchtiger Mann. Und als Salomo sah, dass der Jüngling viel schaffte, setzte er ihn über alle Fronarbeit des Hauses Josef."},{"29":"Es begab sich aber zu der Zeit, dass Jerobeam aus Jerusalem hinausging, und es traf ihn der Prophet Ahija von Silo auf dem Wege und hatte einen neuen Mantel an, und die beiden waren allein auf dem Felde."},{"30":"Und Ahija fasste den neuen Mantel, den er anhatte, und riss ihn in zwölf Stücke"},{"31":"und sprach zu Jerobeam: Nimm zehn Stücke zu dir! Denn so spricht der HERR, der Gott Israels: Siehe, ich will das Königtum aus der Hand Salomos reißen und dir zehn Stämme geben –"},{"32":"einen Stamm soll er haben um meines Knechts David willen und um der Stadt Jerusalem willen, die ich erwählt habe aus allen Stämmen Israels –,"},{"33":"weil er mich verlassen hat und angebetet die Astarte, die Göttin der Sidonier, Kemosch, den Gott der Moabiter, und Milkom, den Gott der Ammoniter, und nicht in meinen Wegen gewandelt ist und nicht getan hat, was mir wohlgefällt, meine Gebote und Rechte, wie sein Vater David."},{"34":"Ich will aber aus seiner Hand das Reich noch nicht nehmen, sondern ich will ihn Fürst sein lassen sein Leben lang um meines Knechtes David willen, den ich erwählt habe und der meine Gebote und Rechte gehalten hat."},{"35":"Aber aus der Hand seines Sohnes will ich das Königtum nehmen und will dir zehn Stämme"},{"36":"und seinem Sohn einen Stamm geben, damit mein Knecht David vor mir eine Leuchte habe allezeit in der Stadt Jerusalem, die ich mir erwählt habe, um meinen Namen dort wohnen zu lassen."},{"37":"So will ich nun dich nehmen, dass du regierst über alles, was dein Herz begehrt, und König sein sollst über Israel."},{"38":"Wirst du nun gehorchen allem, was ich dir gebieten werde, und in meinen Wegen wandeln und tun, was mir gefällt, und meine Rechte und Gebote halten, wie mein Knecht David getan hat, so will ich mit dir sein und dir ein beständiges Haus bauen, wie ich es David gebaut habe, und will dir Israel geben"},{"39":"und will das Geschlecht Davids deswegen demütigen, doch nicht für alle Zeit."},{"40":"Salomo aber trachtete danach, Jerobeam zu töten. Da machte sich Jerobeam auf und floh nach Ägypten zu Schischak, dem König von Ägypten, und blieb in Ägypten, bis Salomo starb."},{"41":"Was mehr von Salomo zu sagen ist und alles, was er getan hat, und seine Weisheit, das steht geschrieben in der Chronik von Salomo."},{"42":"Die Zeit aber, die Salomo König war zu Jerusalem über ganz Israel, ist vierzig Jahre."},{"43":"Und Salomo legte sich zu seinen Vätern und wurde begraben in der Stadt Davids, seines Vaters. Und sein Sohn Rehabeam wurde König an seiner statt."}]