[{"1":"Nach einer langen Zeit kam das Wort des HERRN zu Elia, im dritten Jahr: Geh hin und zeige dich Ahab, denn ich will regnen lassen auf die Erde."},{"2":"Und Elia ging hin, um sich Ahab zu zeigen. Es war aber eine große Hungersnot in Samaria."},{"3":"Und Ahab rief Obadja, seinen Hofmeister – Obadja aber fürchtete den HERRN sehr;"},{"4":"denn als Isebel die Propheten des HERRN ausrottete, nahm Obadja hundert Propheten und versteckte sie in Höhlen, hier fünfzig und da fünfzig, und versorgte sie mit Brot und Wasser –;"},{"5":"und Ahab sprach zu Obadja: Zieh durchs Land zu allen Wasserquellen und Bächen, ob wir Gras finden und die Rosse und Maultiere erhalten könnten, damit wir keines der Tiere töten müssen."},{"6":"Und sie teilten sich ins Land, dass sie es durchzogen. Ahab zog allein auf dem einen Weg und Obadja auch allein auf dem andern Weg."},{"7":"Als nun Obadja auf dem Wege war, siehe, da begegnete ihm Elia. Und als er ihn erkannte, fiel er auf sein Antlitz und sprach: Bist du es, Elia, mein Herr?"},{"8":"Er sprach: Ja! Geh hin und sage deinem Herrn: Siehe, Elia ist da!"},{"9":"Obadja aber sprach: Was hab ich gesündigt, dass du deinen Knecht in die Hände Ahabs geben willst, dass er mich töte?"},{"10":"So wahr der HERR, dein Gott, lebt: Es gibt kein Volk noch Königreich, wohin mein Herr nicht gesandt hat, dich zu suchen. Und wenn sie sprachen: Er ist nicht hier, nahm er einen Eid von dem Königreich und Volk, dass man dich nicht gefunden hätte."},{"11":"Und nun sprichst du: Geh hin, sage deinem Herrn: Siehe, Elia ist da!"},{"12":"Wenn ich nun hinginge von dir, so könnte dich der Geist des HERRN hinwegnehmen, und ich wüsste nicht wohin; und wenn ich dann käme und sagte es Ahab an und er fände dich nicht, so tötete er mich. Und doch fürchtet dein Knecht den HERRN von seiner Jugend auf."},{"13":"Ist's meinem Herrn Elia nicht angesagt, was ich getan habe, als Isebel die Propheten des HERRN tötete? Dass ich von den Propheten des HERRN hundert versteckte, hier fünfzig und da fünfzig, in Höhlen und versorgte sie mit Brot und Wasser?"},{"14":"Und nun sprichst du: Geh hin, sage deinem Herrn: Elia ist da! Dann wird er mich töten."},{"15":"Elia sprach: So wahr der HERR Zebaoth lebt, vor dem ich stehe: Ich will mich ihm heute zeigen."},{"16":"Da ging Obadja hin Ahab entgegen und sagte es ihm an. Und Ahab ging hin Elia entgegen."},{"17":"Und als Ahab Elia sah, sprach Ahab zu ihm: Bist du es, der Israel ins Unglück stürzt?"},{"18":"Er aber sprach: Nicht ich stürze Israel ins Unglück, sondern du und deines Vaters Haus dadurch, dass ihr des HERRN Gebote verlassen habt, und du den Baalen nachgelaufen bist."},{"19":"Wohlan, so sende nun hin und versammle zu mir ganz Israel auf den Berg Karmel und die vierhundertfünfzig Propheten Baals, auch die vierhundert Propheten der Aschera, die vom Tisch Isebels essen."},{"20":"So sandte Ahab hin zu allen Israeliten und versammelte die Propheten auf den Berg Karmel."},{"21":"Da trat Elia zu allem Volk und sprach: Wie lange hinkt ihr auf beiden Seiten? Ist der HERR Gott, so wandelt ihm nach, ist's aber Baal, so wandelt ihm nach. Und das Volk antwortete ihm nichts."},{"22":"Da sprach Elia zum Volk: Ich bin allein übrig geblieben als Prophet des HERRN, aber die Propheten Baals sind vierhundertfünfzig Mann."},{"23":"So gebt uns nun zwei junge Stiere und lasst sie wählen einen Stier und ihn zerstücken und aufs Holz legen, aber kein Feuer daran legen; dann will ich den andern Stier herrichten und aufs Holz legen und auch kein Feuer daran legen."},{"24":"Und ruft ihr den Namen eures Gottes an, ich aber will den Namen des HERRN anrufen. Welcher Gott nun mit Feuer antworten wird, der ist Gott. Und das ganze Volk antwortete und sprach: Das ist recht."},{"25":"Und Elia sprach zu den Propheten Baals: Wählt ihr einen Stier und richtet zuerst zu, denn ihr seid viele, und ruft den Namen eures Gottes an, aber legt kein Feuer daran."},{"26":"Und sie nahmen den Stier, den man ihnen gab, und richteten zu und riefen den Namen Baals an vom Morgen bis zum Mittag und sprachen: Baal, erhöre uns! Aber es war da keine Stimme noch Antwort. Und sie hinkten um den Altar, den sie gemacht hatten."},{"27":"Als es nun Mittag wurde, verspottete sie Elia und sprach: Ruft laut! Denn er ist ja ein Gott; er ist in Gedanken oder hat zu schaffen oder ist über Land oder schläft vielleicht, dass er aufwache."},{"28":"Und sie riefen laut und ritzten sich mit Messern und Spießen nach ihrer Weise, bis ihr Blut herabfloss."},{"29":"Als aber der Mittag vergangen war, waren sie in Verzückung bis um die Zeit, zu der man das Speisopfer darbringt; aber da war keine Stimme noch Antwort noch einer, der aufmerkte."},{"30":"Da sprach Elia zu allem Volk: Kommt her zu mir! Und als alles Volk zu ihm trat, baute er den Altar des HERRN wieder auf, der zerbrochen war."},{"31":"Und Elia nahm zwölf Steine nach der Zahl der Stämme der Söhne Jakobs – zu dem das Wort des HERRN ergangen war: Du sollst Israel heißen –"},{"32":"und baute von den Steinen einen Altar im Namen des HERRN und machte um den Altar her einen Graben, so breit wie für zwei Maß Aussaat,"},{"33":"und richtete das Holz zu und zerstückte den Stier und legte ihn aufs Holz."},{"34":"Und Elia sprach: Holt vier Eimer voll Wasser und gießt es auf das Brandopfer und aufs Holz! Und er sprach: Tut's noch einmal! Und sie taten's noch einmal. Und er sprach: Tut's zum dritten Mal! Und sie taten's zum dritten Mal."},{"35":"Und das Wasser lief um den Altar her, und der Graben wurde auch voll Wasser."},{"36":"Und als es Zeit war, das Speisopfer zu opfern, trat der Prophet Elia herzu und sprach: HERR, Gott Abrahams, Isaaks und Israels, lass heute kundwerden, dass du Gott in Israel bist und ich dein Knecht und dass ich all das nach deinem Wort getan habe!"},{"37":"Erhöre mich, HERR, erhöre mich, dass dies Volk erkenne, dass du, HERR, Gott bist und ihr Herz wieder zu dir kehrst!"},{"38":"Da fiel das Feuer des HERRN herab und fraß Brandopfer, Holz, Steine und Erde und leckte das Wasser auf im Graben."},{"39":"Als das alles Volk sah, fielen sie auf ihr Angesicht und sprachen: Der HERR ist Gott, der HERR ist Gott!"},{"40":"Elia aber sprach zu ihnen: Greift die Propheten Baals, dass keiner von ihnen entrinne! Und sie ergriffen sie. Und Elia führte sie hinab an den Bach Kischon und schlachtete sie daselbst."},{"41":"Und Elia sprach zu Ahab: Zieh hinauf, iss und trink; denn es rauscht, als wollte es sehr regnen."},{"42":"Und als Ahab hinaufzog, um zu essen und zu trinken, ging Elia auf den Gipfel des Karmel und bückte sich zur Erde und hielt sein Haupt zwischen seine Knie"},{"43":"und sprach zu seinem Diener: Geh hinauf und schaue zum Meer hin! Er ging hinauf und schaute und sprach: Es ist nichts da. Elia sprach: Geh wieder hinauf! So geschah es siebenmal."},{"44":"Und beim siebenten Mal sprach er: Siehe, es steigt eine kleine Wolke auf aus dem Meer wie eines Mannes Hand. Elia sprach: Geh hinauf und sage Ahab: Spann an und fahre hinab, damit dich der Regen nicht aufhält!"},{"45":"Und ehe man sich's versah, wurde der Himmel schwarz von Wolken und Wind, und es kam ein großer Regen. Ahab aber fuhr hinab nach Jesreel."},{"46":"Und die Hand des HERRN kam über Elia, und er gürtete seine Lenden und lief vor Ahab hin, bis er kam nach Jesreel."}]