[{"1":"Und als die Königin von Saba die Kunde von Salomo vernahm, kam sie, um Salomo mit Rätselfragen zu prüfen."},{"2":"Und sie kam nach Jerusalem mit sehr großem Gefolge, mit Kamelen, die Spezerei trugen und viel Gold und Edelsteine. Und als sie zum König Salomo kam, redete sie mit ihm alles, was sie sich vorgenommen hatte."},{"3":"Und Salomo gab ihr Antwort auf alles, und es war dem König nichts verborgen, was er ihr nicht hätte sagen können."},{"4":"Da aber die Königin von Saba alle Weisheit Salomos sah und das Haus, das er gebaut hatte,"},{"5":"und die Speisen für seinen Tisch und die Sitzordnung seiner Großen und das Aufwarten seiner Diener und ihre Kleider und seine Mundschenken und seine Brandopfer, die er in dem Hause des HERRN opferte, stockte ihr der Atem,"},{"6":"und sie sprach zum König: Es ist wahr, was ich in meinem Lande gehört habe von deinen Taten und von deiner Weisheit."},{"7":"Und ich hab's nicht glauben wollen, bis ich gekommen bin und es mit eigenen Augen gesehen habe. Und siehe, nicht die Hälfte hat man mir gesagt. Du hast mehr Weisheit und Güter, als die Kunde sagte, die ich vernommen habe."},{"8":"Glücklich sind deine Männer und deine Großen, die allezeit vor dir stehen und deine Weisheit hören."},{"9":"Gelobt sei der HERR, dein Gott, der an dir Wohlgefallen hat, sodass er dich auf den Thron Israels gesetzt hat! Weil der HERR Israel lieb hat ewiglich, hat er dich zum König gesetzt, dass du Recht und Gerechtigkeit übst."},{"10":"Und sie gab dem König hundertzwanzig Zentner Gold und sehr viel Spezerei und Edelsteine. Es kam nie mehr so viel Spezerei ins Land, wie die Königin von Saba dem König Salomo gab."},{"11":"Auch brachten die Schiffe Hirams, die Gold aus Ofir einführten, sehr viel Sandelholz und Edelsteine."},{"12":"Und der König ließ Schnitzarbeiten machen aus dem Sandelholz im Hause des HERRN und im Hause des Königs und Harfen und Zithern für die Sänger. Es kam nie mehr so viel Sandelholz ins Land, wurde auch nicht gesehen bis auf diesen Tag."},{"13":"Und der König Salomo gab der Königin von Saba alles, was ihr gefiel und was sie erbat, außer dem, was er ihr von sich aus gab. Und sie wandte sich und zog in ihr Land mit ihrem Gefolge."},{"14":"Und das Gewicht des Goldes, das für Salomo in einem Jahr einkam, war sechshundertsechsundsechzig Zentner,"},{"15":"außer dem, was von den Händlern und vom Gewinn der Kaufleute und von allen Königen Arabiens und von den Statthaltern kam."},{"16":"Und der König Salomo ließ zweihundert große Schilde von getriebenem Gold machen – sechshundert Schekel Gold nahm er zu einem Schild –"},{"17":"und dreihundert kleine Schilde von getriebenem Gold, je drei Pfund Gold zu einem kleinen Schild. Und der König brachte sie in das Libanon-Waldhaus."},{"18":"Und der König machte einen großen Thron von Elfenbein und überzog ihn mit dem edelsten Gold."},{"19":"Und der Thron hatte sechs Stufen, und hinten am Thron war ein runder Kopf, und es waren Lehnen auf beiden Seiten am Sitz, und zwei Löwen standen an den Lehnen."},{"20":"Und zwölf Löwen standen auf den sechs Stufen zu beiden Seiten. Dergleichen ist nie gemacht worden in allen Königreichen."},{"21":"Alle Trinkgefäße des Königs Salomo waren aus Gold, und alle Gefäße im Libanon-Waldhaus waren auch aus lauterem Gold; denn das Silber achtete man zu den Zeiten Salomos für nichts."},{"22":"Denn der König hatte Tarsisschiffe, die auf dem Meer zusammen mit den Schiffen Hirams fuhren. Diese kamen in drei Jahren einmal und brachten Gold, Silber, Elfenbein, Affen und Pfauen."},{"23":"So war der König Salomo größer an Reichtum und Weisheit als alle Könige auf Erden."},{"24":"Und alle Welt begehrte, Salomo zu sehen, damit sie die Weisheit hörten, die ihm Gott in sein Herz gegeben hatte."},{"25":"Und jedermann brachte ihm jährlich Geschenke, silberne und goldene Geräte, Kleider und Waffen, Spezerei, Rosse und Maultiere."},{"26":"Und Salomo brachte Wagen und Gespanne zusammen, sodass er tausendvierhundert Wagen und zwölftausend Gespanne hatte, und er legte sie in die Wagenstädte und zum König nach Jerusalem."},{"27":"Und der König brachte es dahin, dass es in Jerusalem so viel Silber gab wie Steine und Zedernholz so viel wie wilde Feigenbäume im Hügelland."},{"28":"Und man brachte Salomo Pferde aus Ägypten und aus Koë; und die Kaufleute des Königs kauften sie aus Koë zu ihrem Preis."},{"29":"Und sie brachten herauf aus Ägypten den Wagen für sechshundert Silberstücke und das Pferd für hundertfünfzig. Dann führten sie diese wieder aus an alle Könige der Hetiter und an die Könige von Aram."}]