[{"1":"Und Ahab sagte Isebel alles, was Elia getan hatte und wie er alle Propheten Baals mit dem Schwert umgebracht hatte."},{"2":"Da sandte Isebel einen Boten zu Elia und ließ ihm sagen: Die Götter sollen mir dies und das tun, wenn ich nicht morgen um diese Zeit dir tue, wie du diesen getan hast!"},{"3":"Da fürchtete er sich, machte sich auf und lief um sein Leben und kam nach Beerscheba in Juda und ließ seinen Diener dort."},{"4":"Er aber ging hin in die Wüste eine Tagereise weit und kam und setzte sich unter einen Ginster und wünschte sich zu sterben und sprach: Es ist genug, so nimm nun, HERR, meine Seele; ich bin nicht besser als meine Väter."},{"5":"Und er legte sich hin und schlief unter dem Ginster. Und siehe, ein Engel rührte ihn an und sprach zu ihm: Steh auf und iss!"},{"6":"Und er sah sich um, und siehe, zu seinen Häupten lag ein geröstetes Brot und ein Krug mit Wasser. Und als er gegessen und getrunken hatte, legte er sich wieder schlafen."},{"7":"Und der Engel des HERRN kam zum zweiten Mal wieder und rührte ihn an und sprach: Steh auf und iss! Denn du hast einen weiten Weg vor dir."},{"8":"Und er stand auf und aß und trank und ging durch die Kraft der Speise vierzig Tage und vierzig Nächte bis zum Berg Gottes, dem Horeb."},{"9":"Und er kam dort in eine Höhle und blieb dort über Nacht. Und siehe, das Wort des HERRN kam zu ihm: Was machst du hier, Elia?"},{"10":"Er sprach: Ich habe geeifert für den HERRN, den Gott Zebaoth; denn die Israeliten haben deinen Bund verlassen und deine Altäre zerbrochen und deine Propheten mit dem Schwert getötet und ich bin allein übrig geblieben, und sie trachten danach, dass sie mir mein Leben nehmen."},{"11":"Der Herr sprach: Geh heraus und tritt hin auf den Berg vor den HERRN! Und siehe, der HERR ging vorüber. Und ein großer, starker Wind, der die Berge zerriss und die Felsen zerbrach, kam vor dem HERRN her; der HERR aber war nicht im Winde. Nach dem Wind aber kam ein Erdbeben; aber der HERR war nicht im Erdbeben."},{"12":"Und nach dem Erdbeben kam ein Feuer; aber der HERR war nicht im Feuer. Und nach dem Feuer kam ein stilles, sanftes Sausen."},{"13":"Als das Elia hörte, verhüllte er sein Antlitz mit seinem Mantel und ging hinaus und trat in den Eingang der Höhle. Und siehe, da kam eine Stimme zu ihm und sprach: Was hast du hier zu tun, Elia?"},{"14":"Er sprach: Ich habe für den HERRN, den Gott Zebaoth, geeifert; denn die Israeliten haben deinen Bund verlassen, deine Altäre zerbrochen, deine Propheten mit dem Schwert getötet und ich bin allein übrig geblieben, und sie trachten danach, dass sie mir das Leben nehmen."},{"15":"Aber der HERR sprach zu ihm: Geh wieder deines Weges durch die Wüste nach Damaskus und geh hinein und salbe Hasaël zum König über Aram"},{"16":"und Jehu, den Sohn Nimschis, zum König über Israel und Elisa, den Sohn Schafats, von Abel-Mehola zum Propheten an deiner statt."},{"17":"Und es soll geschehen: Wer dem Schwert Hasaëls entrinnt, den soll Jehu töten, und wer dem Schwert Jehus entrinnt, den soll Elisa töten."},{"18":"Und ich will übrig lassen siebentausend in Israel, alle Knie, die sich nicht gebeugt haben vor Baal, und jeden Mund, der ihn nicht geküsst hat."},{"19":"Und Elia ging von dort weg und fand Elisa, den Sohn Schafats, als er pflügte mit zwölf Jochen vor sich her, und er war selbst bei dem zwölften. Und Elia ging zu ihm und warf seinen Mantel über ihn."},{"20":"Und er verließ die Rinder und lief Elia nach und sprach: Lass mich meinen Vater und meine Mutter küssen, dann will ich dir nachfolgen. Er sprach zu ihm: Wohlan, kehre um! Bedenke, was ich dir getan habe!"},{"21":"Und Elisa wandte sich von ihm weg und nahm ein Joch Rinder und opferte es, und mit den Jochen der Rinder kochte er das Fleisch und gab's den Leuten, dass sie aßen. Und er machte sich auf und folgte Elia nach und diente ihm."}]