[{"1":"So war Salomo Herr über alle Königreiche, vom Euphratstrom bis zum Land der Philister und bis an die Grenze Ägyptens; die brachten ihm Geschenke und dienten ihm sein Leben lang."},{"2":"Und Salomo musste täglich zur Speisung haben dreißig Sack feines Mehl, sechzig Sack anderes Mehl,"},{"3":"zehn gemästete Rinder und zwanzig Weiderinder und hundert Schafe, ohne die Hirsche und Gazellen und Rehe und das gemästete Federvieh."},{"4":"Denn er herrschte im ganzen Lande diesseits des Euphrat, von Tifsach bis nach Gaza, über alle Könige diesseits des Euphrat, und hatte Frieden mit allen seinen Nachbarn ringsum,"},{"5":"sodass Juda und Israel sicher wohnten, jeder unter seinem Weinstock und unter seinem Feigenbaum, von Dan bis Beerscheba, solange Salomo lebte."},{"6":"Und Salomo hatte viertausend Stallplätze für seine Wagenpferde und zwölftausend Reitpferde."},{"7":"Und die Amtleute versorgten den König Salomo und alles, was zum Tisch des Königs gehörte, jeder in seinem Monat, und ließen es an nichts fehlen."},{"8":"Auch Gerste und Stroh für die Pferde und Gespanne brachten sie an den Ort, wo diese waren, jeder nach seiner Ordnung."},{"9":"Und Gott gab Salomo sehr große Weisheit und Verstand und einen Geist, so weit, wie Sand am Ufer des Meeres liegt,"},{"10":"dass die Weisheit Salomos größer war als die Weisheit von allen, die im Osten wohnen, und als alle Weisheit Ägyptens."},{"11":"Und er war weiser als alle Menschen, auch weiser als Etan, der Esrachiter, Heman, Kalkol und Darda, die Söhne Mahols, und war berühmt unter allen Völkern ringsum."},{"12":"Und er dichtete dreitausend Sprüche und tausendundfünf Lieder."},{"13":"Er dichtete von den Bäumen, von der Zeder an auf dem Libanon bis zum Ysop, der aus der Wand wächst. Auch dichtete er von den Tieren des Landes, von Vögeln, vom Gewürm und von Fischen."},{"14":"Und aus allen Völkern kamen sie, zu hören die Weisheit Salomos, und von allen Königen auf Erden, die von seiner Weisheit gehört hatten."},{"15":"Und Hiram, der König von Tyrus, sandte seine Boten zu Salomo; denn er hatte gehört, dass sie ihn zum König gesalbt hatten an seines Vaters statt. Denn Hiram liebte David sein Leben lang."},{"16":"Und Salomo sandte zu Hiram und ließ ihm sagen:"},{"17":"Du weißt, dass mein Vater David nicht ein Haus bauen konnte dem Namen des HERRN, seines Gottes, um des Krieges willen, der um ihn her war, bis der HERR seine Feinde unter seine Füße gab."},{"18":"Nun aber hat mir der HERR, mein Gott, Ruhe gegeben ringsum, sodass kein Widersacher noch ein böses Hindernis mehr da ist."},{"19":"Siehe, so gedenke ich, dem Namen des HERRN, meines Gottes, ein Haus zu bauen, wie der HERR zu meinem Vater David gesagt hat: Dein Sohn, den ich an deiner statt auf deinen Thron setzen werde, der soll meinem Namen das Haus bauen."},{"20":"So befiehl nun, dass man mir Zedern vom Libanon fällt, und meine Knechte sollen mit deinen Knechten sein. Und den Lohn deiner Knechte will ich dir geben, alles, wie du es sagst. Denn du weißt, dass bei uns niemand ist, der Holz zu hauen versteht wie die Sidonier."},{"21":"Als Hiram aber die Worte Salomos hörte, freute er sich sehr und sprach: Gelobt sei der HERR heute, der David einen weisen Sohn gegeben hat über dies große Volk."},{"22":"Und Hiram sandte zu Salomo und ließ ihm sagen: Ich habe die Botschaft gehört, die du mir gesandt hast. Ich will alle deine Wünsche nach Zedern- und Zypressenholz erfüllen."},{"23":"Meine Knechte sollen die Stämme vom Libanon hinabbringen ans Meer, und ich will sie in Flöße zusammenlegen lassen auf dem Meer bis an den Ort, den du mir sagen lassen wirst, und will sie dort zerlegen, und du sollst sie holen lassen. Aber du sollst auch meine Wünsche erfüllen und Speise geben für meinen Hof."},{"24":"So gab Hiram Salomo Zedern- und Zypressenholz ganz nach seinem Wunsch."},{"25":"Salomo aber gab Hiram zwanzigtausend Sack Weizen zum Unterhalt für seinen Hof und zwanzigtausend Eimer gepresstes Öl. Das gab Salomo dem Hiram Jahr für Jahr."},{"26":"Und der HERR gab Salomo Weisheit, wie er ihm zugesagt hatte. Und es war Friede zwischen Hiram und Salomo, und sie schlossen miteinander einen Bund."},{"27":"Und Salomo hob Fronarbeiter aus von ganz Israel, und ihre Zahl war dreißigtausend Mann,"},{"28":"und sandte sie auf den Libanon, je einen Monat zehntausend, sodass sie einen Monat auf dem Libanon waren und zwei Monate daheim. Und Adoniram war der Fronvogt."},{"29":"Und Salomo hatte siebzigtausend Lastträger und achtzigtausend Steinhauer im Gebirge"},{"30":"ohne die Amtleute Salomos, die über die Arbeiten gesetzt waren: dreitausenddreihundert, welche den Leuten geboten, die die Arbeit taten."},{"31":"Und der König gebot, große und kostbare Steine auszubrechen, behauene Steine zum Grund des Hauses."},{"32":"Und die Bauleute Salomos und die Bauleute Hirams und die Gebaliter hieben sie zurecht; so bereiteten sie Holz und Steine zu, um das Haus zu bauen."}]