[{"1":"Im vierhundertachtzigsten Jahr nach dem Auszug Israels aus Ägyptenland, im vierten Jahr der Herrschaft Salomos über Israel, im Monat Siw, das ist der zweite Monat, wurde das Haus dem HERRN gebaut."},{"2":"Das Haus aber, das der König Salomo dem HERRN baute, war sechzig Ellen lang, zwanzig Ellen breit und dreißig Ellen hoch."},{"3":"Und er baute eine Vorhalle vor der Tempelhalle des Hauses, zwanzig Ellen lang nach der Breite des Hauses und zehn Ellen breit vor dem Hause her."},{"4":"Und er machte am Hause Fenster mit festen Stäben davor."},{"5":"Und er baute einen Umgang an der Wand des Hauses ringsumher, sodass er um die Tempelhalle und um das Allerheiligste herging, und machte Seitengemächer ringsumher."},{"6":"Der untere Gang war fünf Ellen weit und der mittlere sechs Ellen weit und der dritte sieben Ellen weit; denn er machte Absätze außen am Hause ringsumher, sodass die Balken nicht in die Wände des Hauses eingriffen."},{"7":"Und als das Haus gebaut wurde, waren die Steine bereits ganz zugerichtet, sodass weder Hammer noch Beil noch irgendein eisernes Werkzeug beim Bau des Hauses zu hören war."},{"8":"Die Tür zum unteren Seitengemach war auf der rechten Seite des Hauses; über eine Wendeltreppe ging man hinauf auf den Mittelgang und vom Mittelgang auf den dritten."},{"9":"So baute er das Haus und vollendete es. Und er deckte das Haus mit Balken und Tafelwerk von Zedern."},{"10":"Und er baute Gänge um das ganze Haus herum, je fünf Ellen hoch, und verband sie mit dem Hause durch Balken von Zedernholz."},{"11":"Und es geschah des HERRN Wort zu Salomo:"},{"12":"So sei es mit dem Hause, das du baust: Wirst du in meinen Satzungen wandeln und nach meinen Rechten tun und alle meine Gebote halten und in ihnen wandeln, so will ich mein Wort an dir wahr machen, das ich deinem Vater David gegeben habe,"},{"13":"und will wohnen unter Israel und will mein Volk Israel nicht verlassen."},{"14":"Und Salomo baute das Haus und vollendete es."},{"15":"Er bedeckte die Wände des Hauses innen mit Brettern von Zedernholz. Vom Boden des Hauses bis an die Decke täfelte er es innen mit Holz, und den Boden des Hauses täfelte er mit Brettern von Zypressenholz."},{"16":"Und er baute zwanzig Ellen von der Rückseite des Hauses entfernt eine Wand aus zedernen Brettern vom Boden bis an die Decke und baute so im Innern einen Raum, das Allerheiligste."},{"17":"Die Tempelhalle vor dem Allerheiligsten war vierzig Ellen lang."},{"18":"Innen war das ganze Haus lauter Zedernholz mit geschnitzten Früchten und Blumenwerk, sodass man keinen Stein sah."},{"19":"Das Allerheiligste machte er im Innern des Hauses, damit man die Lade des Bundes des HERRN dahin stellte."},{"20":"Und vor dem Allerheiligsten, das zwanzig Ellen lang, zwanzig Ellen breit und zwanzig Ellen hoch war und überzogen mit lauterem Gold, überzog er auch den Altar aus Zedernholz."},{"21":"Und Salomo überzog das Haus innen mit lauterem Gold und zog goldene Riegel vor dem Allerheiligsten her, das er mit Gold überzogen hatte,"},{"22":"sodass das ganze Haus ganz mit Gold überzogen war. Dazu überzog er auch den ganzen Altar vor dem Allerheiligsten mit Gold."},{"23":"Er machte im Allerheiligsten zwei Cherubim, zehn Ellen hoch, von Ölbaumholz."},{"24":"Fünf Ellen hatte ein Flügel eines jeden Cherubs, sodass zehn Ellen waren von dem Ende seines einen Flügels bis zum Ende seines andern Flügels."},{"25":"So hatte auch der andere Cherub zehn Ellen, und beide Cherubim hatten dasselbe Maß und dieselbe Gestalt."},{"26":"Auch war jeder Cherub zehn Ellen hoch."},{"27":"Und er stellte die Cherubim mitten ins Allerheiligste. Und die Cherubim breiteten ihre Flügel aus, sodass der Flügel des einen Cherubs die eine Wand berührte und der Flügel des andern Cherubs die andere Wand berührte. Aber in der Mitte berührte ein Flügel den andern."},{"28":"Und er überzog die Cherubim mit Gold."},{"29":"An allen Wänden des Hauses ließ er ringsum Schnitzwerk machen von Cherubim, Palmen und Blumenwerk, innen und außen."},{"30":"Auch überzog er innen und außen den Boden mit Goldblech."},{"31":"Und an der Tür des Allerheiligsten machte er zwei Türflügel von Ölbaumholz mit fünfeckigen Pfosten"},{"32":"und ließ Schnitzwerk darauf machen von Cherubim, Palmen und Blumenwerk und überzog sie mit Goldblech."},{"33":"Ebenso machte er auch an der Tür der Tempelhalle viereckige Pfosten von Ölbaumholz"},{"34":"und zwei Türen von Zypressenholz, sodass jede Tür zwei Flügel hatte, die sich drehten,"},{"35":"und machte Schnitzwerk darauf von Cherubim, Palmen und Blumenwerk und überzog es mit Gold, genau wie es eingegraben war."},{"36":"Er baute auch den inneren Vorhof von drei Schichten behauener Steine und von einer Schicht Zedernbalken."},{"37":"Im vierten Jahr, im Monat Siw, wurde der Grund gelegt zum Hause des HERRN,"},{"38":"und im elften Jahr, im Monat Bul, das ist der achte Monat, wurde das Haus vollendet, wie es sein sollte, sodass sie sieben Jahre daran bauten."}]