[{"1":"Und es vergingen drei Jahre, dass kein Krieg war zwischen den Aramäern und Israel."},{"2":"Im dritten Jahr aber zog Joschafat, der König von Juda, hinab zum König von Israel."},{"3":"Und der König von Israel sprach zu seinen Großen: Wisst ihr nicht, dass Ramot in Gilead unser ist, und wir sitzen still und nehmen es nicht dem König von Aram ab?"},{"4":"Und er sprach zu Joschafat: Willst du mit mir ziehen in den Kampf nach Ramot in Gilead? Joschafat sprach zum König von Israel: Ich will sein wie du und mein Volk wie dein Volk und meine Rosse wie deine Rosse."},{"5":"Und Joschafat sprach zum König von Israel: Frage doch zuerst nach dem Wort des HERRN!"},{"6":"Da versammelte der König von Israel die Propheten, etwa vierhundert Mann, und sprach zu ihnen: Soll ich gegen Ramot in Gilead in den Kampf ziehen oder soll ich's lassen? Sie sprachen: Zieh hinauf! Der Herr wird's in die Hand des Königs geben."},{"7":"Joschafat aber sprach: Ist hier kein Prophet des HERRN mehr, dass wir ihn befragen?"},{"8":"Der König von Israel sprach zu Joschafat: Es ist noch einer hier, Micha, der Sohn Jimlas, durch den man den HERRN befragen kann. Aber ich bin ihm gram; denn er weissagt mir nichts Gutes, sondern nur Unheil. Joschafat sprach: Der König rede so nicht!"},{"9":"Da rief der König von Israel einen Kämmerer und sprach: Bringe eilends her Micha, den Sohn Jimlas!"},{"10":"Der König von Israel aber und Joschafat, der König von Juda, saßen jeder auf seinem Thron in ihren königlichen Kleidern auf der Tenne vor dem Tor Samarias, und alle Propheten weissagten vor ihnen."},{"11":"Und Zidkija, der Sohn Kenaanas, hatte sich eiserne Hörner gemacht und sprach: So spricht der HERR: Hiermit wirst du die Aramäer niederstoßen, bis du sie vernichtest."},{"12":"Und alle Propheten weissagten ebenso und sprachen: Zieh hin nach Ramot in Gilead; es wird dir gelingen! Der HERR wird's in die Hand des Königs geben."},{"13":"Und der Bote, der hingegangen war, Micha zu rufen, sprach zu ihm: Siehe, die Worte der Propheten sind einmütig gut für den König; so lass nun auch dein Wort wie ihr Wort sein und rede Gutes."},{"14":"Micha sprach: So wahr der HERR lebt: Ich will reden, was der HERR mir sagen wird."},{"15":"Und als er zum König kam, sprach der König zu ihm: Micha, sollen wir nach Ramot in Gilead in den Kampf ziehen oder sollen wir's lassen? Er sprach zu ihm: Ja, zieh hinauf, es soll dir gelingen! Der HERR wird's in die Hand des Königs geben."},{"16":"Der König entgegnete ihm: Wie oft soll ich dich beschwören, dass du mir im Namen des HERRN nichts als die Wahrheit sagst!"},{"17":"Micha sprach: Ich sah ganz Israel zerstreut auf den Bergen wie Schafe, die keinen Hirten haben. Der HERR aber sprach: Diese haben keinen Herrn; ein jeder kehre wieder heim mit Frieden."},{"18":"Da sprach der König von Israel zu Joschafat: Hab ich dir nicht gesagt, dass er mir nichts Gutes weissagt, sondern nur Unheil?"},{"19":"Micha sprach: Darum höre nun das Wort des HERRN! Ich sah den HERRN sitzen auf seinem Thron und das ganze himmlische Heer neben ihm stehen zu seiner Rechten und Linken."},{"20":"Und der HERR sprach: Wer will Ahab betören, dass er hinaufziehe und falle vor Ramot in Gilead? Und einer sagte dies, der andere das."},{"21":"Da trat ein Geist vor und stellte sich vor den HERRN und sprach: Ich will ihn betören. Der HERR sprach zu ihm: Womit?"},{"22":"Er sprach: Ich will ausgehen und will ein Lügengeist sein im Munde aller seiner Propheten. Er sprach: Du sollst ihn betören und sollst es ausrichten; geh aus und tu das!"},{"23":"Nun siehe, der HERR hat einen Lügengeist gegeben in den Mund aller deiner Propheten; und der HERR hat Unheil gegen dich geredet."},{"24":"Da trat herzu Zidkija, der Sohn Kenaanas, und schlug Micha auf die Backe und sprach: Wie? Ist der Geist des HERRN von mir gewichen, dass er mit dir redet?"},{"25":"Micha sprach: Wahrlich, an dem Tage wirst du's sehen, wenn du von einer Kammer in die andere gehst, um dich zu verkriechen."},{"26":"Der König von Israel sprach: Nimm Micha und bring ihn zu Amon, dem Stadthauptmann, und zu Joasch, dem Sohn des Königs,"},{"27":"und sprich: So spricht der König: Diesen werft in den Kerker und speist ihn nur kärglich mit Brot und Wasser, bis ich mit Frieden wiederkomme."},{"28":"Micha sprach: Kommst du mit Frieden wieder, so hat der HERR nicht durch mich geredet. Und er sprach: Höret, alle Völker!"},{"29":"So zogen der König von Israel und Joschafat, der König von Juda, hinauf nach Ramot in Gilead."},{"30":"Und der König von Israel sprach zu Joschafat: Ich will mich verkleiden und in den Kampf ziehen, du aber behalte deine königlichen Kleider an. Und der König von Israel verkleidete sich und zog in den Kampf."},{"31":"Aber der König von Aram gebot den Obersten über seine Wagen – es waren zweiunddreißig – und sprach: Ihr sollt nicht kämpfen gegen Geringe und Hohe, sondern allein gegen den König von Israel."},{"32":"Und als die Obersten der Wagen Joschafat sahen, meinten sie, er wäre der König von Israel, und wandten sich gegen ihn zum Kampf, aber Joschafat schrie."},{"33":"Als aber die Obersten der Wagen merkten, dass er nicht der König von Israel war, wandten sie sich von ihm ab."},{"34":"Ein Mann aber spannte den Bogen von ungefähr und schoss den König von Israel zwischen Panzer und Wehrgehänge. Da sprach er zu seinem Wagenlenker: Wende um und führe mich aus dem Kampf, denn ich bin verwundet!"},{"35":"Aber der Kampf nahm immer mehr zu an demselben Tage, und der König blieb im Wagen stehen gegenüber den Aramäern. Am Abend aber starb er, und das Blut floss von der Wunde mitten in den Wagen."},{"36":"Und man ließ ausrufen im Heer, als die Sonne unterging: Ein jeder gehe in seine Stadt und in sein Land;"},{"37":"denn der König ist tot! Und sie gingen nach Samaria und begruben den König zu Samaria."},{"38":"Und als sie den Wagen wuschen bei dem Teich Samarias, leckten die Hunde sein Blut – und die Huren wuschen sich darin – nach dem Wort des HERRN, das er geredet hatte."},{"39":"Was mehr von Ahab zu sagen ist und alles, was er getan hat, und das Elfenbeinhaus, das er baute, und alle Städte, die er gebaut hat, siehe, das steht geschrieben in der Chronik der Könige von Israel."},{"40":"Also legte sich Ahab zu seinen Vätern, und sein Sohn Ahasja wurde König an seiner statt."},{"41":"Und Joschafat, der Sohn Asas, wurde König über Juda im vierten Jahr Ahabs, des Königs von Israel."},{"42":"Joschafat war fünfunddreißig Jahre alt, als er König wurde; und er regierte fünfundzwanzig Jahre zu Jerusalem. Seine Mutter hieß Asuba, eine Tochter Schilhis."},{"43":"Und er wandelte in allen Wegen seines Vaters Asa und wich nicht davon ab und tat, was dem HERRN wohlgefiel."},{"44":"Doch entfernte er nicht die Höhen, und das Volk opferte und räucherte noch auf den Höhen."},{"45":"Und er hatte Frieden mit dem König von Israel."},{"46":"Was aber mehr von Joschafat zu sagen ist und seine tapferen Taten, die er getan hat, und wie er Kriege geführt hat, siehe, das steht geschrieben in der Chronik der Könige von Juda."},{"47":"Auch tat er aus dem Lande, was noch übrig war an Tempelhurern, die zur Zeit seines Vaters Asa übrig geblieben waren."},{"48":"Und es war kein König in Edom; ein Statthalter war im Lande."},{"49":"Und Joschafat hatte Tarsisschiffe machen lassen, die nach Ofir fahren sollten, um Gold zu holen. Aber sie fuhren nicht, denn sie zerschellten bei Ezjon-Geber."},{"50":"Damals sprach Ahasja, der Sohn Ahabs, zu Joschafat: Lass meine Leute mit deinen Leuten auf den Schiffen fahren! Joschafat aber wollte nicht."},{"51":"Und Joschafat legte sich zu seinen Vätern und wurde begraben bei seinen Vätern in der Stadt Davids, seines Vaters. Und sein Sohn Joram wurde König an seiner statt."},{"52":"Ahasja, der Sohn Ahabs, wurde König über Israel zu Samaria im siebzehnten Jahr Joschafats, des Königs von Juda, und regierte über Israel zwei Jahre."},{"53":"Und er tat, was dem HERRN missfiel, und wandelte in den Wegen seines Vaters und seiner Mutter und in dem Wege Jerobeams, des Sohnes Nebats, der Israel sündigen machte,"},{"54":"und diente dem Baal und betete ihn an und erzürnte den HERRN, den Gott Israels, wie sein Vater getan hatte."}]