[{"1":"Da versammelte der König Salomo zu sich die Ältesten in Israel, alle Häupter der Stämme und Obersten der Sippen in Israel nach Jerusalem, um die Lade des Bundes des HERRN heraufzubringen aus der Stadt Davids, das ist Zion."},{"2":"Und es versammelten sich beim König Salomo alle Männer Israels am Fest im Monat Etanim, das ist der siebente Monat."},{"3":"Und als alle Ältesten Israels kamen, hoben die Priester die Lade des HERRN auf"},{"4":"und brachten sie hinauf, dazu die Stiftshütte und alles Gerät des Heiligtums, das in der Stiftshütte war. Das taten die Priester und Leviten."},{"5":"Und der König Salomo und die ganze Gemeinde Israel, die sich bei ihm versammelt hatte, ging mit ihm vor der Lade her und opferte Schafe und Rinder, so viel, dass man sie wegen ihrer Menge nicht zählen noch berechnen konnte."},{"6":"So brachten die Priester die Lade des Bundes des HERRN an ihren Platz in den innersten Raum des Hauses, in das Allerheiligste, unter die Flügel der Cherubim."},{"7":"Denn die Cherubim breiteten die Flügel aus an dem Ort, wo die Lade stand, und bedeckten die Lade und ihre Stangen von oben her."},{"8":"Und die Stangen waren so lang, dass ihre Enden gesehen wurden im Heiligtum vor dem Allerheiligsten; aber von außen sah man sie nicht. Und dort sind sie bis auf diesen Tag."},{"9":"Und es war nichts in der Lade als nur die zwei steinernen Tafeln, die Mose hineingelegt hatte am Horeb, als der HERR mit den Israeliten einen Bund schloss, nachdem sie aus Ägyptenland gezogen waren."},{"10":"Als aber die Priester aus dem Heiligtum gingen, erfüllte die Wolke das Haus des HERRN,"},{"11":"sodass die Priester nicht zum Dienst hinzutreten konnten wegen der Wolke; denn die Herrlichkeit des HERRN erfüllte das Haus des HERRN."},{"12":"Da sprach Salomo: Die Sonne hat der HERR an den Himmel gestellt. Er hat aber gesagt, er wolle im Dunkel wohnen."},{"13":"So habe ich nun ein erhabenes Haus gebaut dir zur Wohnung, eine Stätte, dass du ewiglich da wohnest."},{"14":"Und der König wandte sein Angesicht und segnete die ganze Gemeinde Israel, und die ganze Gemeinde Israel stand."},{"15":"Und er sprach: Gelobt sei der HERR, der Gott Israels, der durch seinen Mund meinem Vater David zugesagt und es durch seine Hand erfüllt hat und gesagt:"},{"16":"Von dem Tage an, als ich mein Volk Israel aus Ägypten führte, hab ich keine Stadt erwählt unter irgendeinem Stamm Israels, dass mir ein Haus gebaut würde, damit mein Name da wäre. David aber habe ich erwählt, dass er über mein Volk Israel Herr sein sollte."},{"17":"Mein Vater David hatte es zwar im Sinn, dem Namen des HERRN, des Gottes Israels, ein Haus zu bauen,"},{"18":"aber der HERR sprach zu meinem Vater David: Dass du im Sinn hast, meinem Namen ein Haus zu bauen, daran hast du wohlgetan, dass du dir das vornahmst."},{"19":"Doch nicht du sollst das Haus bauen, sondern dein Sohn, der dir geboren wird, der soll meinem Namen ein Haus bauen."},{"20":"Und der HERR hat sein Wort wahr gemacht, das er gegeben hat; denn ich bin zur Macht gekommen an meines Vaters David statt und sitze auf dem Thron Israels, wie der HERR zugesagt hat, und habe gebaut ein Haus dem Namen des HERRN, des Gottes Israels,"},{"21":"und habe dort eine Stätte zugerichtet der Lade, in der die Tafeln des Bundes sind, den der HERR geschlossen hat mit unsern Vätern, als er sie aus Ägyptenland führte."},{"22":"Und Salomo trat vor den Altar des HERRN angesichts der ganzen Gemeinde Israel und breitete seine Hände aus gen Himmel"},{"23":"und sprach: HERR, Gott Israels, es ist kein Gott weder droben im Himmel noch unten auf Erden dir gleich, der du hältst den Bund und die Barmherzigkeit deinen Knechten, die vor dir wandeln von ganzem Herzen;"},{"24":"der du gehalten hast deinem Knecht, meinem Vater David, was du ihm zugesagt hast. Mit deinem Mund hast du es geredet, und mit deiner Hand hast du es erfüllt, wie es offenbar ist an diesem Tage."},{"25":"Nun, HERR, Gott Israels, halt deinem Knecht, meinem Vater David, was du ihm zugesagt hast: Es soll dir nicht fehlen an einem Mann, der vor mir steht, der da sitzt auf dem Thron Israels, wenn nur deine Söhne auf ihren Weg achthaben, dass sie vor mir wandeln, wie du vor mir gewandelt bist."},{"26":"Nun, Gott Israels, lass dein Wort wahr werden, das du deinem Knecht, meinem Vater David, zugesagt hast."},{"27":"Denn sollte Gott wirklich auf Erden wohnen? Siehe, der Himmel und aller Himmel Himmel können dich nicht fassen – wie sollte es dann dies Haus tun, das ich gebaut habe?"},{"28":"Wende dich aber zum Gebet deines Knechts und zu seinem Flehen, HERR, mein Gott, auf dass du hörst das Flehen und Gebet deines Knechts heute vor dir:"},{"29":"Lass deine Augen offen stehen über diesem Hause Nacht und Tag, über der Stätte, von der du gesagt hast: Da soll mein Name sein. Du wollest hören das Gebet, das dein Knecht an dieser Stätte betet,"},{"30":"und wollest erhören das Flehen deines Knechts und deines Volkes Israel, wenn sie hier bitten werden an dieser Stätte; und wenn du es hörst in deiner Wohnung, im Himmel, wollest du gnädig sein."},{"31":"Wenn jemand an seinem Nächsten sündigt und dieser ihm einen Fluch auferlegt, sich selbst zu verfluchen, und er kommt und spricht den Fluch aus vor deinem Altar in diesem Hause,"},{"32":"so wollest du hören im Himmel und Recht schaffen deinen Knechten, dass du den Frevler als Frevler erkennen und sein Tun auf sein Haupt kommen lässt, den aber, der im Recht ist, gerecht sprichst und ihm gibst nach seiner Gerechtigkeit."},{"33":"Wenn dein Volk Israel vor dem Feind geschlagen wird, weil sie an dir gesündigt haben, und sie bekehren sich dann zu dir und bekennen deinen Namen und beten und flehen zu dir in diesem Hause,"},{"34":"so wollest du hören im Himmel und die Sünde deines Volkes Israel vergeben und sie zurückbringen in das Land, das du ihren Vätern gegeben hast."},{"35":"Wenn der Himmel verschlossen wird, dass es nicht regnet, weil sie an dir gesündigt haben, und sie beten dann zu dieser Stätte hin und bekennen deinen Namen und bekehren sich von ihren Sünden, weil du sie demütigst,"},{"36":"so wollest du hören im Himmel und vergeben die Sünde deiner Knechte und deines Volkes Israel, dass du ihnen den guten Weg weist, auf dem sie wandeln sollen, und regnen lässt auf das Land, das du deinem Volk zum Erbe gegeben hast."},{"37":"Wenn eine Hungersnot oder Pest oder Dürre oder Getreidebrand oder Heuschrecken oder Raupen im Lande sein werden oder sein Feind im Lande seine Städte belagert oder irgendeine Plage oder Krankheit da ist –"},{"38":"wer dann bittet und fleht, es sei jeder Mensch oder dein ganzes Volk Israel, die da ihre Plage spüren, jeder in seinem Herzen, und breiten ihre Hände aus zu diesem Hause,"},{"39":"so wollest du hören im Himmel, an dem Ort, wo du wohnst, und gnädig sein und schaffen, dass du jedem gibst, wie er gewandelt ist, wie du sein Herz erkennst – denn du allein kennst das Herz aller Menschenkinder –,"},{"40":"auf dass sie dich fürchten allezeit, solange sie in dem Lande leben, das du unsern Vätern gegeben hast."},{"41":"Auch wenn ein Fremder, der nicht von deinem Volk Israel ist, aus fernem Lande kommt um deines Namens willen –"},{"42":"denn sie werden hören von deinem großen Namen und von deiner mächtigen Hand und von deinem ausgereckten Arm –, wenn er kommt, um zu diesem Hause hin zu beten,"},{"43":"so wollest du hören im Himmel, an dem Ort, wo du wohnst, und alles tun, worum der Fremde dich anruft, auf dass alle Völker auf Erden deinen Namen erkennen, damit auch sie dich fürchten wie dein Volk Israel, und dass sie innewerden, dass dein Name über diesem Hause genannt ist, das ich gebaut habe."},{"44":"Wenn dein Volk auszieht in den Krieg gegen seine Feinde auf dem Weg, den du sie senden wirst, und sie beten werden zum HERRN nach der Stadt hin, die du erwählt hast, und nach dem Hause hin, das ich deinem Namen gebaut habe,"},{"45":"so wollest du ihr Gebet und Flehen hören im Himmel und ihnen Recht schaffen."},{"46":"Wenn sie an dir sündigen werden – denn es gibt keinen Menschen, der nicht sündigt – und du zürnst ihnen und gibst sie dahin vor ihren Feinden, dass sie sie gefangen führen in das Land der Feinde, fern oder nahe,"},{"47":"und sie nehmen sich's zu Herzen im Lande, in dem sie gefangen sind, und bekehren sich und flehen zu dir im Lande ihrer Gefangenschaft und sprechen: Wir haben gesündigt und übel getan und sind gottlos gewesen,"},{"48":"und bekehren sich zu dir von ganzem Herzen und von ganzer Seele im Lande ihrer Feinde, die sie weggeführt haben, und beten zu dir nach ihrem Lande hin, das du ihren Vätern gegeben hast, nach der Stadt hin, die du erwählt hast, und nach dem Hause hin, das ich deinem Namen gebaut habe:"},{"49":"so wollest du ihr Gebet und Flehen hören im Himmel, an dem Ort, wo du wohnst, und ihnen Recht schaffen"},{"50":"und wollest vergeben deinem Volk, das an dir gesündigt hat, alle ihre Übertretungen, mit denen sie gegen dich gesündigt haben, und wollest sie Erbarmen finden lassen bei denen, die sie gefangen halten, sodass sie sich ihrer erbarmen."},{"51":"Denn sie sind dein Volk und dein Erbe, die du aus Ägypten, aus dem Schmelzofen, geführt hast."},{"52":"Lass deine Augen offen sein für das Flehen deines Knechts und deines Volkes Israel, dass du sie hörst, sooft sie dich anrufen;"},{"53":"denn du hast sie dir ausgesondert zum Erbe aus allen Völkern auf Erden, wie du geredet hast durch deinen Knecht Mose, als du unsere Väter aus Ägypten führtest, Herr HERR!"},{"54":"Und als Salomo dies Gebet und Flehen vor dem HERRN vollendet hatte, stand er auf von dem Altar des HERRN und hörte auf zu knien und die Hände zum Himmel auszubreiten"},{"55":"und trat hin und segnete die ganze Gemeinde Israel mit lauter Stimme und sprach:"},{"56":"Gelobet sei der HERR, der seinem Volk Israel Ruhe gegeben hat, wie er es zugesagt hat. Es ist nicht eins dahingefallen von allen seinen guten Worten, die er geredet hat durch seinen Knecht Mose."},{"57":"Der HERR, unser Gott, sei mit uns, wie er mit unsern Vätern gewesen ist. Er verlasse uns nicht und ziehe die Hand nicht ab von uns."},{"58":"Er neige unser Herz zu ihm, dass wir wandeln in allen seinen Wegen und halten seine Gebote, Satzungen und Rechte, die er unsern Vätern geboten hat."},{"59":"Mögen diese Worte, die ich vor dem HERRN gefleht habe, nahe sein dem HERRN, unserm Gott, Tag und Nacht, dass er Recht schaffe seinem Knecht und seinem Volk Israel, wie es jeder Tag erfordert,"},{"60":"auf dass alle Völker auf Erden erkennen, dass der HERR Gott ist und sonst keiner mehr!"},{"61":"Und euer Herz sei ungeteilt bei dem HERRN, unserm Gott, dass ihr wandelt in seinen Satzungen und haltet seine Gebote, wie es heute geschieht."},{"62":"Und der König und ganz Israel opferten vor dem HERRN Opfer."},{"63":"Und Salomo opferte Dankopfer, die er dem HERRN opferte, zweiundzwanzigtausend Rinder und hundertzwanzigtausend Schafe. So weihten sie das Haus des HERRN ein, der König und ganz Israel."},{"64":"An demselben Tage weihte der König die Mitte des Vorhofes, der vor dem Hause des HERRN war, dadurch, dass er Brandopfer, Speisopfer und das Fett der Dankopfer dort darbrachte. Denn der bronzene Altar, der vor dem HERRN stand, war zu klein für die Brandopfer, Speisopfer und das Fett der Dankopfer."},{"65":"Und Salomo beging zu der Zeit das Fest und ganz Israel mit ihm – eine große Versammlung von dort, wo es nach Hamat geht, bis an den Bach Ägyptens – vor dem HERRN, unserm Gott, sieben Tage und noch sieben Tage, das waren vierzehn Tage."},{"66":"Und er entließ das Volk am achten Tage. Und sie segneten den König und gingen zu ihren Zelten fröhlich und guten Mutes über all das Gute, das der HERR an David, seinem Knecht, und an seinem Volk Israel getan hatte."}]