[{"1":"Da warf sich Josef über seinen Vater und weinte über ihm und küsste ihn."},{"2":"Und Josef befahl seinen Dienern, den Ärzten, dass sie seinen Vater zum Begräbnis salbten. Und die Ärzte salbten Israel,"},{"3":"bis vierzig Tage um waren; denn so lange währen die Tage der Salbung. Und die Ägypter beweinten ihn siebzig Tage."},{"4":"Als nun die Trauertage vorüber waren, redete Josef mit den Leuten des Pharao und sprach: Hab ich Gnade vor euch gefunden, so redet mit dem Pharao und sprecht:"},{"5":"Mein Vater hat einen Eid von mir genommen und gesagt: Siehe, ich sterbe; begrabe mich in meinem Grabe, das ich mir im Lande Kanaan gegraben habe. So will ich nun hinaufziehen und meinen Vater begraben und wiederkommen."},{"6":"Der Pharao sprach: Zieh hinauf und begrabe deinen Vater, wie du ihm geschworen hast."},{"7":"Da zog Josef hinauf, seinen Vater zu begraben. Und es zogen mit ihm alle Großen des Pharao, die Ältesten seines Hauses und alle Ältesten des Landes Ägypten,"},{"8":"dazu das ganze Haus Josefs und seine Brüder und die vom Hause seines Vaters. Allein ihre Kinder, Schafe und Rinder ließen sie im Lande Goschen."},{"9":"Und es zogen auch mit ihm hinauf Wagen und Gespanne, und es war ein sehr großes Heer."},{"10":"Als sie nun nach Goren-Atad kamen, das jenseits des Jordans liegt, da hielten sie eine sehr große und feierliche Klage. Und Josef hielt Totenklage über seinen Vater sieben Tage."},{"11":"Und als die Leute im Lande, die Kanaaniter, die Klage bei Goren-Atad sahen, sprachen sie: Die Ägypter halten da große Klage. Daher nennt man den Ort Abel-Mizrajim; er liegt jenseits des Jordans."},{"12":"Und Jakobs Söhne taten, wie er ihnen befohlen hatte,"},{"13":"und brachten ihn ins Land Kanaan und begruben ihn in der Höhle auf dem Felde von Machpela, dem Acker, den Abraham zum Erbbegräbnis gekauft hatte von Efron, dem Hetiter, gegenüber Mamre."},{"14":"Als er ihn begraben hatte, zog Josef wieder nach Ägypten mit seinen Brüdern und mit allen, die mit ihm hinaufgezogen waren, seinen Vater zu begraben."},{"15":"Die Brüder Josefs aber fürchteten sich, als ihr Vater gestorben war, und sprachen: Josef könnte uns gram sein und uns alle Bosheit vergelten, die wir an ihm getan haben."},{"16":"Darum ließen sie ihm sagen: Dein Vater befahl vor seinem Tode und sprach:"},{"17":"So sollt ihr zu Josef sagen: Vergib doch deinen Brüdern die Missetat und ihre Sünde, dass sie so übel an dir getan haben. Nun vergib doch diese Missetat uns, den Dienern des Gottes deines Vaters! Aber Josef weinte, als man ihm solches sagte."},{"18":"Und seine Brüder gingen selbst hin und fielen vor ihm nieder und sprachen: Siehe, wir sind deine Knechte."},{"19":"Josef aber sprach zu ihnen: Fürchtet euch nicht! Stehe ich denn an Gottes statt?"},{"20":"Ihr gedachtet es böse mit mir zu machen, aber Gott gedachte es gut zu machen, um zu tun, was jetzt am Tage ist, nämlich am Leben zu erhalten ein großes Volk."},{"21":"So fürchtet euch nun nicht; ich will euch und eure Kinder versorgen. Und er tröstete sie und redete freundlich mit ihnen."},{"22":"So wohnte Josef in Ägypten mit seines Vaters Hause und lebte hundertzehn Jahre"},{"23":"und sah Ephraims Kinder bis ins dritte Glied. Auch die Söhne von Machir, Manasses Sohn, wurden dem Hause Josefs zugerechnet."},{"24":"Und Josef sprach zu seinen Brüdern: Ich sterbe; aber Gott wird euch gnädig heimsuchen und aus diesem Lande führen in das Land, das er Abraham, Isaak und Jakob zu geben geschworen hat."},{"25":"Darum nahm er einen Eid von den Söhnen Israels und sprach: Wenn euch Gott heimsuchen wird, so nehmt meine Gebeine mit hinauf von hier."},{"26":"Und Josef starb, als er hundertzehn Jahre alt war. Und sie salbten ihn und legten ihn in einen Sarg in Ägypten."}]