[{"1":"Die Hungersnot aber drückte das Land."},{"2":"Und als verzehrt war, was sie an Getreide aus Ägypten gebracht hatten, sprach ihr Vater zu ihnen: Zieht wieder hin und kauft uns ein wenig Getreide."},{"3":"Da antwortete ihm Juda und sprach: Der Mann schärfte uns das hart ein und sprach: Ihr sollt mein Angesicht nicht sehen, es sei denn euer Bruder mit euch."},{"4":"Willst du nun unsern Bruder mit uns senden, so wollen wir hinabziehen und dir zu essen kaufen."},{"5":"Willst du ihn aber nicht senden, so ziehen wir nicht hinab. Denn der Mann hat zu uns gesagt: Ihr sollt mein Angesicht nicht sehen, euer Bruder sei denn mit euch."},{"6":"Israel sprach: Warum habt ihr so übel an mir getan, dass ihr dem Mann sagtet, dass ihr noch einen Bruder habt?"},{"7":"Sie antworteten: Der Mann forschte so genau nach uns und unserer Verwandtschaft und sprach: Lebt euer Vater noch? Habt ihr auch noch einen Bruder? Da antworteten wir ihm, wie er uns fragte. Wie konnten wir wissen, dass er sagen würde: Bringt euren Bruder mit herab?"},{"8":"Da sprach Juda zu Israel, seinem Vater: Lass den Knaben mit mir ziehen, dass wir uns aufmachen und reisen und leben und nicht sterben, wir und du und unsere Kinder."},{"9":"Ich will Bürge für ihn sein; von meiner Hand sollst du ihn fordern. Wenn ich ihn dir nicht wiederbringe und vor deine Augen stelle, so will ich mein Leben lang die Schuld tragen."},{"10":"Denn wenn wir nicht gezögert hätten, wären wir wohl schon zweimal wiedergekommen."},{"11":"Da sprach Israel, ihr Vater, zu ihnen: Wenn es denn so ist, wohlan, so tut's und nehmt von des Landes besten Früchten in eure Säcke und bringt dem Manne Geschenke hinab, ein wenig Balsam und Honig, Harz und Myrrhe, Pistazien und Mandeln."},{"12":"Nehmt auch doppelt so viel Geld mit euch. Das Geld, das ihr obenauf in euren Säcken wiederbekommen habt, bringt wieder hin. Vielleicht ist da ein Irrtum geschehen."},{"13":"Dazu nehmt euren Bruder, macht euch auf und geht wieder zu dem Manne."},{"14":"Aber der allmächtige Gott gebe euch Barmherzigkeit vor dem Manne, dass er mit euch ziehen lasse euren andern Bruder und Benjamin. Ich aber muss sein wie einer, der seiner Kinder ganz und gar beraubt ist."},{"15":"Da nahmen sie diese Geschenke und das doppelte Geld mit sich, dazu Benjamin, machten sich auf, zogen nach Ägypten und traten vor Josef."},{"16":"Als Josef sie sah mit Benjamin, sprach er zu seinem Haushalter: Führe diese Männer ins Haus und schlachte und richte zu, denn sie sollen zu Mittag mit mir essen."},{"17":"Und der Mann tat, wie ihm Josef gesagt hatte, und führte die Männer in Josefs Haus."},{"18":"Sie fürchteten sich aber, weil sie in Josefs Haus geführt wurden, und sprachen: Wir sind hereingeführt um des Geldes willen, das wir in unsern Säcken das vorige Mal wiedergefunden haben; man will auf uns eindringen und über uns herfallen und uns zu Sklaven machen und uns die Esel nehmen."},{"19":"Darum traten sie zu Josefs Haushalter und redeten mit ihm vor der Haustür"},{"20":"und sprachen: Mein Herr, wir sind das vorige Mal herabgezogen, Getreide zu kaufen,"},{"21":"und als wir in die Herberge kamen und unsere Säcke auftaten, siehe, da war eines jeden Geld oben in seinem Sack mit vollem Gewicht. Darum haben wir's wieder mit uns gebracht,"},{"22":"haben auch anderes Geld mit uns herabgebracht, Getreide zu kaufen. Wir wissen aber nicht, wer uns unser Geld in unsere Säcke gesteckt hat."},{"23":"Er aber sprach: Seid guten Mutes, fürchtet euch nicht! Euer Gott und eures Vaters Gott hat euch einen Schatz gegeben in eure Säcke. Euer Geld habe ich erhalten. Und er führte Simeon zu ihnen heraus"},{"24":"und brachte sie in Josefs Haus, gab ihnen Wasser, dass sie ihre Füße wuschen, und gab ihren Eseln Futter."},{"25":"Sie aber richteten das Geschenk zu, bis Josef mittags käme; denn sie hatten gehört, dass sie dort essen sollten."},{"26":"Als nun Josef ins Haus trat, brachten sie ihm das Geschenk ins Haus, das sie mitgebracht hatten, und fielen vor ihm nieder zur Erde."},{"27":"Er aber grüßte sie freundlich und sprach: Geht es eurem alten Vater gut, von dem ihr mir sagtet? Lebt er noch?"},{"28":"Sie antworteten: Es geht deinem Knechte, unserm Vater, gut und er lebt noch. Und sie verneigten sich und fielen vor ihm nieder."},{"29":"Und er hob seine Augen auf und sah seinen Bruder Benjamin, seiner Mutter Sohn, und sprach: Ist das euer jüngster Bruder, von dem ihr mir sagtet? Und sprach weiter: Gott sei dir gnädig, mein Sohn!"},{"30":"Und Josef eilte hinaus; denn sein Herz entbrannte ihm für seinen Bruder, und er suchte, wo er weinen könnte, und ging in seine Kammer und weinte daselbst."},{"31":"Und als er sein Angesicht gewaschen hatte, ging er heraus und hielt an sich und sprach: Legt die Speisen auf!"},{"32":"Und man trug ihm besonders auf und jenen auch besonders und den Ägyptern, die mit ihm aßen, auch besonders. Denn die Ägypter dürfen nicht essen mit den Hebräern; denn es ist ein Gräuel für sie."},{"33":"Und man setzte sie ihm gegenüber, den Erstgeborenen nach seiner Erstgeburt und den Jüngsten nach seiner Jugend. Darüber verwunderten sie sich untereinander."},{"34":"Und man trug ihnen Essen auf von seinem Tisch, aber Benjamin bekam fünfmal mehr als die andern. Und sie tranken und wurden trunken mit ihm."}]