[{"1":"Abraham aber zog von dannen ins Südland und wohnte zwischen Kadesch und Schur und lebte nun als ein Fremdling zu Gerar."},{"2":"Er sagte aber von Sara, seiner Frau: Sie ist meine Schwester. Da sandte Abimelech, der König von Gerar, hin und ließ Sara holen."},{"3":"Aber Gott kam zu Abimelech des Nachts im Traum und sprach zu ihm: Siehe, du bist des Todes um der Frau willen, die du genommen hast; denn sie ist eines Mannes Ehefrau."},{"4":"Abimelech aber hatte sie nicht berührt und sprach: Herr, willst du denn auch ein gerechtes Volk umbringen?"},{"5":"Hat er nicht zu mir gesagt: Sie ist meine Schwester? Und sie hat auch gesagt: Er ist mein Bruder. Hab ich das doch getan mit einfältigem Herzen und unschuldigen Händen."},{"6":"Und Gott sprach zu ihm im Traum: Ich weiß auch, dass du das mit einfältigem Herzen getan hast. Darum habe ich dich auch behütet, dass du nicht wider mich sündigtest, und habe es nicht zugelassen, dass du sie berührtest."},{"7":"So gib nun dem Mann seine Frau wieder, denn er ist ein Prophet, und lass ihn für dich bitten, so wirst du am Leben bleiben. Wenn du sie aber nicht wiedergibst, so wisse, dass du des Todes sterben musst und alles, was dein ist."},{"8":"Da stand Abimelech früh am Morgen auf und rief alle seine Knechte und sagte dieses alles vor ihren Ohren. Und die Männer fürchteten sich sehr."},{"9":"Und Abimelech rief Abraham auch herzu und sprach zu ihm: Warum hast du uns das angetan? Und was habe ich an dir gesündigt, dass du eine so große Sünde wolltest auf mich und mein Reich bringen? Du hast an mir gehandelt, wie man nicht handeln soll."},{"10":"Und Abimelech sprach weiter zu Abraham: Wie bist du dazu gekommen, dass du solches getan hast?"},{"11":"Abraham sprach: Ich dachte, gewiss ist keine Gottesfurcht an diesem Orte, und sie werden mich um meiner Frau willen umbringen."},{"12":"Auch ist sie wahrhaftig meine Schwester, denn sie ist meines Vaters Tochter, aber nicht meiner Mutter Tochter; so ist sie meine Frau geworden."},{"13":"Als mich Gott aus meines Vaters Hause ins Ungewisse wandern hieß, sprach ich zu ihr: Tu mir diese Liebe, dass, wo wir hinkommen, du von mir sagst, ich sei dein Bruder."},{"14":"Da nahm Abimelech Schafe und Rinder, Knechte und Mägde und gab sie Abraham und gab ihm Sara, seine Frau, wieder."},{"15":"Und Abimelech sprach: Siehe da, mein Land steht dir offen; wohne, wo dir's wohlgefällt."},{"16":"Und zu Sara sprach er: Siehe da, ich habe deinem Bruder tausend Silberstücke gegeben; siehe, das soll eine Decke sein über den Augen aller, die bei dir sind, dir zugute. Damit ist dir bei allen Recht verschafft."},{"17":"Abraham aber betete zu Gott. Da heilte Gott Abimelech und seine Frau und seine Mägde, dass sie wieder Kinder gebaren."},{"18":"Denn der HERR hatte zuvor hart verschlossen jeden Mutterschoß im Hause Abimelechs um Saras, Abrahams Frau, willen."}]