[{"1":"Die Ältesten unter euch ermahne ich, der Mitälteste und Zeuge der Leiden Christi, der ich auch teilhabe an der Herrlichkeit, die offenbart werden soll:"},{"2":"Weidet die Herde Gottes, die euch anbefohlen ist, und achtet auf sie, nicht gezwungen, sondern freiwillig, wie es Gott gefällt, nicht um schändlichen Gewinns willen, sondern von Herzensgrund,"},{"3":"nicht als solche, die über die Gemeinden herrschen, sondern als Vorbilder der Herde."},{"4":"So werdet ihr, wenn erscheinen wird der Erzhirte, die unverwelkliche Krone der Herrlichkeit empfangen."},{"5":"Desgleichen ihr Jüngeren, ordnet euch den Ältesten unter. Alle aber miteinander bekleidet euch mit Demut; denn Gott widersteht den Hochmütigen, aber den Demütigen gibt er Gnade."},{"6":"So demütigt euch nun unter die gewaltige Hand Gottes, damit er euch erhöhe zu seiner Zeit."},{"7":"Alle eure Sorge werft auf ihn; denn er sorgt für euch."},{"8":"Seid nüchtern und wacht; denn euer Widersacher, der Teufel, geht umher wie ein brüllender Löwe und sucht, wen er verschlinge."},{"9":"Dem widersteht, fest im Glauben, und wisst, dass ebendieselben Leiden über eure Brüder und Schwestern in der Welt kommen."},{"10":"Der Gott aller Gnade aber, der euch berufen hat zu seiner ewigen Herrlichkeit in Christus, der wird euch, die ihr eine kleine Zeit leidet, aufrichten, stärken, kräftigen, gründen."},{"11":"Ihm sei die Macht in alle Ewigkeit! Amen."},{"12":"Durch Silvanus, den treuen Bruder, wie ich meine, habe ich euch wenige Worte geschrieben, zu ermahnen und zu bezeugen, dass es die rechte Gnade Gottes ist, in der ihr steht."},{"13":"Es grüßt euch aus Babylon die Gemeinde, die mit euch auserwählt ist, und mein Sohn Markus."},{"14":"Grüßt euch untereinander mit dem Kuss der Liebe. Friede sei mit euch allen, die ihr in Christus seid!"}]