[{"1":"Und der HERR sprach zu Samuel: Wie lange trägst du Leid um Saul, den ich verworfen habe, dass er nicht mehr König sei über Israel? Fülle dein Horn mit Öl und geh hin: Ich will dich senden zu dem Bethlehemiter Isai; denn unter seinen Söhnen hab ich mir einen zum König ersehen."},{"2":"Samuel aber sprach: Wie kann ich hingehen? Saul wird's erfahren und mich töten. Der HERR sprach: Nimm eine junge Kuh mit dir und sprich: Ich bin gekommen, dem HERRN zu opfern."},{"3":"Und du sollst Isai zum Opfer laden. Da will ich dich wissen lassen, was du tun sollst, dass du mir den salbst, den ich dir nennen werde."},{"4":"Samuel tat, wie ihm der HERR gesagt hatte, und kam nach Bethlehem. Da entsetzten sich die Ältesten der Stadt und gingen ihm entgegen und sprachen: Bedeutet dein Kommen Friede?"},{"5":"Er sprach: Ja, Friede! Ich bin gekommen, dem HERRN zu opfern; heiligt euch und kommt mit mir zum Opfer. Und er heiligte den Isai und seine Söhne und lud sie zum Opfer."},{"6":"Als sie nun kamen, sah er den Eliab an und dachte: Fürwahr, da steht vor dem HERRN sein Gesalbter."},{"7":"Aber der HERR sprach zu Samuel: Sieh nicht an sein Aussehen und seinen hohen Wuchs; ich habe ihn verworfen. Denn es ist nicht so, wie ein Mensch es sieht: Ein Mensch sieht, was vor Augen ist; der HERR aber sieht das Herz an."},{"8":"Da rief Isai den Abinadab und ließ ihn an Samuel vorübergehen. Und er sprach: Auch diesen hat der HERR nicht erwählt."},{"9":"Da ließ Isai vorübergehen Schamma. Er aber sprach: Auch diesen hat der HERR nicht erwählt."},{"10":"So ließ Isai seine sieben Söhne an Samuel vorübergehen; aber Samuel sprach zu Isai: Der HERR hat keinen von ihnen erwählt."},{"11":"Und Samuel sprach zu Isai: Sind das die Knaben alle? Er aber sprach: Es ist noch übrig der jüngste; und siehe, er hütet die Schafe. Da sprach Samuel zu Isai: Sende hin und lass ihn holen; denn wir werden uns nicht niedersetzen, bis er hierhergekommen ist."},{"12":"Da sandte er hin und ließ ihn holen. Und er war bräunlich, mit schönen Augen und von guter Gestalt. Und der HERR sprach: Auf, salbe ihn, denn der ist's."},{"13":"Da nahm Samuel sein Ölhorn und salbte ihn mitten unter seinen Brüdern. Und der Geist des HERRN geriet über David von dem Tag an und weiterhin. Samuel aber machte sich auf und ging nach Rama."},{"14":"Der Geist des HERRN aber wich von Saul, und ein böser Geist vom HERRN verstörte ihn."},{"15":"Da sprachen die Knechte Sauls zu ihm: Siehe, ein böser Geist von Gott verstört dich."},{"16":"Unser Herr befehle nun seinen Knechten, die vor ihm stehen, dass sie einen Mann suchen, der auf der Harfe gut spielen kann, damit, wenn der böse Geist Gottes über dich kommt, er mit seiner Hand darauf spiele, und es besser mit dir werde."},{"17":"Da sprach Saul zu seinen Knechten: Seht nach einem Mann, der des Saitenspiels kundig ist, und bringt ihn zu mir."},{"18":"Da antwortete einer der jungen Männer und sprach: Ich habe gesehen einen Sohn Isais, des Bethlehemiters, der ist des Saitenspiels kundig, ein tapferer Mann und tüchtig zum Kampf, verständig in seinen Reden und schön, und der HERR ist mit ihm."},{"19":"Da sandte Saul Boten zu Isai und ließ ihm sagen: Sende deinen Sohn David zu mir, der bei den Schafen ist."},{"20":"Da nahm Isai einen Esel und Brot und einen Schlauch Wein und ein Ziegenböcklein und sandte es Saul durch seinen Sohn David."},{"21":"So kam David zu Saul und diente ihm. Und Saul gewann ihn sehr lieb, und er wurde sein Waffenträger."},{"22":"Und Saul sandte zu Isai und ließ ihm sagen: Lass David mir dienen, denn er hat Gnade gefunden vor meinen Augen."},{"23":"Wenn nun der Geist Gottes über Saul kam, nahm David die Harfe und spielte darauf mit seiner Hand. So erquickte sich Saul, und es ward besser mit ihm, und der böse Geist wich von ihm."}]