[{"1":"Die Philister sammelten ihre Heere zum Kampf und kamen zusammen bei Socho in Juda und lagerten sich zwischen Socho und Aseka bei Efes-Dammim."},{"2":"Aber Saul und die Männer Israels kamen zusammen und lagerten sich im Eichgrund und rüsteten sich zum Kampf gegen die Philister."},{"3":"Und die Philister standen auf einem Berge jenseits und die Israeliten auf einem Berge diesseits, sodass das Tal zwischen ihnen war."},{"4":"Da trat aus den Lagern der Philister ein Riese mit Namen Goliat aus Gat, sechs Ellen und eine Handbreit groß."},{"5":"Der hatte einen ehernen Helm auf seinem Haupt und einen Schuppenpanzer an, und das Gewicht seines Panzers war fünftausend Schekel Erz,"},{"6":"und hatte eherne Schienen an seinen Beinen und ein ehernes Sichelschwert auf seinen Schultern."},{"7":"Und der Schaft seines Spießes war wie ein Weberbaum, und die eiserne Spitze seines Spießes wog sechshundert Schekel, und sein Schildträger ging vor ihm her."},{"8":"Und er stellte sich hin und rief den Schlachtreihen Israels zu: Was seid ihr ausgezogen, euch zum Kampf zu rüsten? Bin ich nicht ein Philister und ihr Sauls Knechte? Erwählt einen unter euch, der zu mir herabkomme."},{"9":"Vermag er gegen mich zu kämpfen und erschlägt er mich, so wollen wir eure Knechte sein; vermag ich aber über ihn zu siegen und erschlage ich ihn, so sollt ihr unsere Knechte sein und uns dienen."},{"10":"Und der Philister sprach: Ich habe heute den Schlachtreihen Israels Hohn gesprochen. Gebt mir einen Mann und lasst uns miteinander kämpfen."},{"11":"Da Saul und ganz Israel diese Rede des Philisters hörten, entsetzten sie sich und fürchteten sich sehr."},{"12":"David aber war der Sohn jenes Efratiters aus Bethlehem in Juda, der Isai hieß. Der hatte acht Söhne und war zu Sauls Zeiten schon alt und betagt."},{"13":"Aber die drei ältesten Söhne Isais waren mit Saul in den Krieg gezogen. Und das sind die Namen seiner drei Söhne, die in den Krieg gezogen waren: Eliab, der erstgeborene, Abinadab, der zweite, und Schamma, der dritte."},{"14":"Und David war der jüngste; die drei ältesten aber waren Saul gefolgt."},{"15":"Und David ging oftmals von Saul nach Bethlehem, um die Schafe seines Vaters zu hüten."},{"16":"Aber der Philister kam heraus frühmorgens und abends und stellte sich hin, vierzig Tage lang."},{"17":"Isai aber sprach zu seinem Sohn David: Nimm für deine Brüder diesen Scheffel geröstete Körner und diese zehn Brote und bringe sie eilends ins Lager zu deinen Brüdern;"},{"18":"und diese zehn Käse bringe dem Hauptmann und sieh nach deinen Brüdern, ob's ihnen gut geht, und bringe auch ein Unterpfand von ihnen mit."},{"19":"Saul und sie und alle Männer Israels sind im Eichgrund und kämpfen gegen die Philister."},{"20":"Da machte sich David früh am Morgen auf und überließ die Schafe einem Hüter, lud auf und ging hin, wie ihm Isai geboten hatte, und kam zur Wagenburg. Das Heer aber war ausgezogen und hatte sich aufgestellt zur Schlachtreihe, und sie erhoben das Kriegsgeschrei."},{"21":"Und Israel und die Philister hatten sich aufgestellt, Reihe gegen Reihe."},{"22":"Da ließ David sein Gepäck, das er trug, bei der Wache des Trosses und lief zur Schlachtreihe, kam hin und fragte seine Brüder, wie es ihnen gehe."},{"23":"Und als er noch mit ihnen redete, siehe, da kam herauf der Riese mit Namen Goliat, der Philister von Gat, aus den Reihen der Philister und redete dieselben Worte, und David hörte es."},{"24":"Und wer von Israel den Mann sah, floh vor ihm und fürchtete sich sehr."},{"25":"Und die Männer von Israel sprachen: Habt ihr den Mann heraufkommen sehen? Er kommt herauf, Israel Hohn zu sprechen. Wer ihn erschlägt, den will der König sehr reich machen und ihm seine Tochter geben und will seines Vaters Haus frei machen von Lasten in Israel."},{"26":"Da sprach David zu den Männern, die bei ihm standen: Was wird man dem tun, der diesen Philister erschlägt und die Schande von Israel wendet? Denn wer ist dieser unbeschnittene Philister, der die Schlachtreihen des lebendigen Gottes verhöhnt?"},{"27":"Da sagte ihm das Volk wie vorher: So wird man dem tun, der ihn erschlägt."},{"28":"Und als Eliab, sein ältester Bruder, ihn reden hörte mit den Männern, wurde er zornig über David und sprach: Warum bist du hergekommen? Und wem hast du die wenigen Schafe dort in der Wüste überlassen? Ich kenne deine Vermessenheit wohl und deines Herzens Bosheit. Du bist nur gekommen, um dem Kampf zuzusehen."},{"29":"David antwortete: Was hab ich denn getan? Ich habe doch nur gefragt!"},{"30":"Und er wandte sich von ihm zu einem andern und sprach, wie er vorher gesagt hatte. Da antwortete ihm das Volk wie das erste Mal."},{"31":"Und als sie die Worte hörten, die David sagte, brachten sie es vor Saul, und er ließ ihn holen."},{"32":"Und David sprach zu Saul: Keiner lasse seinetwegen den Mut sinken; dein Knecht wird hingehen und mit diesem Philister kämpfen."},{"33":"Saul aber sprach zu David: Du kannst nicht hingehen zu diesem Philister, mit ihm zu kämpfen; denn du bist ein Knabe, dieser aber ist ein Kriegsmann von Jugend auf."},{"34":"David aber sprach zu Saul: Dein Knecht hütete die Schafe seines Vaters; und kam dann ein Löwe oder ein Bär und trug ein Schaf weg von der Herde,"},{"35":"so lief ich ihm nach, schlug auf ihn ein und errettete es aus seinem Maul. Wenn er aber auf mich losging, ergriff ich ihn bei seinem Bart und schlug ihn tot."},{"36":"So hat dein Knecht den Löwen wie den Bären erschlagen, und diesem unbeschnittenen Philister soll es ergehen wie einem von ihnen; denn er hat die Schlachtreihen des lebendigen Gottes verhöhnt."},{"37":"Und David sprach: Der HERR, der mich von dem Löwen und Bären errettet hat, der wird mich auch erretten von diesem Philister. Und Saul sprach zu David: Geh hin, der HERR sei mit dir!"},{"38":"Und Saul legte David seine Rüstung an und setzte ihm einen ehernen Helm auf sein Haupt und legte ihm einen Panzer an."},{"39":"Und David gürtete sein Schwert über seine Kleider und versuchte zu gehen; aber er war es nicht gewohnt. Da sprach David zu Saul: Ich kann so nicht gehen, denn ich bin's nicht gewohnt; und er legte es ab"},{"40":"und nahm seinen Stab in die Hand und wählte fünf glatte Steine aus dem Bach und tat sie in die Hirtentasche, die er hatte, in den Beutel, und nahm die Schleuder in die Hand und ging dem Philister entgegen."},{"41":"Der Philister aber kam immer näher an David heran, und sein Schildträger ging vor ihm her."},{"42":"Als nun der Philister aufsah und David anschaute, verachtete er ihn; denn er war ein Knabe, bräunlich und schön."},{"43":"Und der Philister sprach zu David: Bin ich denn ein Hund, dass du mit Stecken zu mir kommst? Und der Philister fluchte dem David bei seinem Gott."},{"44":"Und der Philister sprach zu David: Komm her zu mir, ich will dein Fleisch den Vögeln unter dem Himmel geben und den Tieren auf dem Felde."},{"45":"David aber sprach zu dem Philister: Du kommst zu mir mit Schwert, Spieß und Sichelschwert, ich aber komme zu dir im Namen des HERRN Zebaoth, des Gottes der Schlachtreihen Israels, die du verhöhnt hast."},{"46":"Heute wird dich der HERR mir überantworten, dass ich dich erschlage und dir den Kopf abhaue und gebe deinen Leichnam und die Leichname des Heeres der Philister heute den Vögeln unter dem Himmel und dem Wild auf der Erde, damit alle Welt innewerde, dass Israel einen Gott hat,"},{"47":"und damit diese ganze Gemeinde innewerde, dass der HERR nicht durch Schwert oder Spieß hilft; denn der Krieg ist des HERRN, und er wird euch in unsere Hand geben."},{"48":"Als sich nun der Philister aufmachte und daherging und sich David nahte, lief David eilends von der Schlachtreihe dem Philister entgegen."},{"49":"Und David tat seine Hand in die Tasche und nahm einen Stein daraus und schleuderte ihn und traf den Philister an der Stirn, dass der Stein in seine Stirn fuhr und er zur Erde fiel auf sein Angesicht."},{"50":"So überwand David den Philister mit Schleuder und Stein und traf und tötete ihn. David aber hatte kein Schwert in seiner Hand."},{"51":"Da lief er hin und trat zu dem Philister und nahm dessen Schwert und zog es aus der Scheide und tötete ihn und hieb ihm den Kopf damit ab. Da aber die Philister sahen, dass ihr Stärkster tot war, flohen sie."},{"52":"Und die Männer Israels und Judas machten sich auf, erhoben das Kriegsgeschrei und jagten den Philistern nach bis nach Gat und bis an die Tore Ekrons. Und die Philister blieben erschlagen liegen auf dem Wege von Schaarajim bis nach Gat und Ekron."},{"53":"Und die Israeliten kehrten um von der Verfolgung der Philister und plünderten ihr Lager."},{"54":"David aber nahm des Philisters Haupt und brachte es nach Jerusalem, seine Waffen aber legte er in sein Zelt."},{"55":"Da Saul aber David dem Philister entgegengehen sah, sprach er zu Abner, seinem Feldhauptmann: Wessen Sohn ist der Knabe? Abner sprach: Bei deinem Leben, König: Ich weiß es nicht."},{"56":"Der König sprach: So frage danach, wessen Sohn der junge Mann ist."},{"57":"Als nun David zurückkam vom Sieg über den Philister, nahm ihn Abner und brachte ihn vor Saul, und er hatte des Philisters Haupt in seiner Hand."},{"58":"Und Saul sprach zu ihm: Wessen Sohn bist du, Knabe? David sprach: Ich bin ein Sohn deines Knechts Isai, des Bethlehemiters."}]