[{"1":"Und David zog von dort hinauf und blieb in den Bergfesten bei En-Gedi."},{"2":"Als nun Saul zurückkam von der Verfolgung der Philister, wurde ihm gesagt: Siehe, David ist in der Wüste En-Gedi."},{"3":"Und Saul nahm dreitausend auserlesene Männer aus ganz Israel und zog hin, David samt seinen Männern zu suchen bei den Steinbockfelsen."},{"4":"Und als er kam zu den Schafhürden am Wege, war dort eine Höhle, und Saul ging hinein, um seine Füße zu decken. David aber und seine Männer saßen hinten in der Höhle."},{"5":"Da sprachen die Männer Davids zu ihm: Siehe, das ist der Tag, von dem der HERR zu dir gesagt hat: Siehe, ich will deinen Feind in deine Hand geben, dass du mit ihm tust, was dir gefällt. Und David stand auf und schnitt leise einen Zipfel vom Rock Sauls."},{"6":"Aber danach schlug ihm sein Herz, dass er den Zipfel vom Rock Sauls abgeschnitten hatte,"},{"7":"und er sprach zu seinen Männern: Das lasse der HERR ferne von mir sein, dass ich das tun sollte und meine Hand legen an meinen Herrn, den Gesalbten des HERRN; denn er ist der Gesalbte des HERRN."},{"8":"Und David wies seine Männer mit diesen Worten von sich und ließ sie sich nicht an Saul vergreifen. Als aber Saul sich aufmachte aus der Höhle und seines Weges ging,"},{"9":"machte sich danach auch David auf und ging aus der Höhle und rief Saul nach und sprach: Mein Herr und König! Saul sah sich um. Und David neigte sein Antlitz zur Erde und fiel nieder."},{"10":"Und David sprach zu Saul: Warum hörst du auf das Reden der Menschen, die da sagen: David sucht dein Unglück?"},{"11":"Siehe, heute haben deine Augen gesehen, dass dich der HERR heute in meine Hand gegeben hat in der Höhle, und man hat mir gesagt, dass ich dich töten sollte. Aber ich habe dich verschont; denn ich dachte: Ich will meine Hand nicht an meinen Herrn legen; denn er ist der Gesalbte des HERRN."},{"12":"Mein Vater, sieh doch hier den Zipfel deines Rocks in meiner Hand! Dass ich den Zipfel von deinem Rock schnitt und dich nicht tötete, daran erkenne und sieh, dass nichts Böses in meiner Hand ist und kein Vergehen. Ich habe mich nicht an dir versündigt; aber du jagst mir nach, um mir das Leben zu nehmen."},{"13":"Der HERR wird Richter sein zwischen mir und dir und mich an dir rächen, aber meine Hand soll nicht gegen dich sein;"},{"14":"wie man sagt nach dem alten Sprichwort: Von Frevlern kommt Frevel; aber meine Hand soll nicht gegen dich sein."},{"15":"Wem zieht der König von Israel nach? Wem jagst du nach? Einem toten Hund, einem einzelnen Floh!"},{"16":"Der HERR sei Richter und richte zwischen mir und dir und sehe darein und führe meine Sache, dass er mir Recht schaffe und mich rette aus deiner Hand!"},{"17":"Als nun David diese Worte zu Saul geredet hatte, sprach Saul: Ist das nicht deine Stimme, mein Sohn David? Und Saul erhob seine Stimme und weinte"},{"18":"und sprach zu David: Du bist gerechter als ich, du hast mir Gutes erwiesen; ich aber habe dir Böses erwiesen."},{"19":"Und du hast mir heute gezeigt, wie du Gutes an mir getan hast, als mich der HERR in deine Hand gegeben hatte und du mich doch nicht getötet hast."},{"20":"Wo ist jemand, der seinen Feind findet und lässt ihn im Guten seinen Weg gehen? Der HERR vergelte dir Gutes für das, was du heute an mir getan hast!"},{"21":"Nun siehe, ich weiß, dass du König werden wirst und das Königtum über Israel in deiner Hand Bestand haben wird."},{"22":"So schwöre mir nun bei dem HERRN, dass du mein Geschlecht nach mir nicht ausrotten und meinen Namen nicht austilgen wirst aus meines Vaters Hause."},{"23":"Und David schwor es Saul. Da zog Saul heim. David aber mit seinen Männern zog hinauf auf die Bergfeste."}]