[{"1":"Und es begab sich zu der Zeit, dass die Philister ihr Heer sammelten, um in den Kampf zu ziehen gegen Israel. Und Achisch sprach zu David: Du sollst wissen, dass du und deine Männer mit mir ausziehen sollen im Heer."},{"2":"David sprach zu Achisch: Wohlan, du sollst erfahren, was dein Knecht tun wird. Achisch sprach zu David: So will ich dich zu meinem Leibwächter einsetzen für die ganze Zeit."},{"3":"Samuel aber war gestorben, und ganz Israel hatte ihm die Totenklage gehalten und ihn begraben in seiner Stadt Rama. Und Saul hatte die Totenbeschwörer und Wahrsager aus dem Lande vertrieben."},{"4":"Als nun die Philister sich versammelten und herankamen und sich lagerten bei Schunem, versammelte Saul auch ganz Israel, und sie lagerten sich auf dem Gebirge Gilboa."},{"5":"Als aber Saul das Heer der Philister sah, fürchtete er sich, und sein Herz verzagte sehr."},{"6":"Und er befragte den HERRN; aber der HERR antwortete ihm nicht, weder durch Träume noch durch das Los »Licht« noch durch Propheten."},{"7":"Da sprach Saul zu seinen Knechten: Sucht mir eine Frau, die Tote beschwören kann, dass ich zu ihr gehe und sie befrage. Seine Männer sprachen zu ihm: Siehe, in En-Dor ist eine Frau, die kann Tote beschwören."},{"8":"Und Saul machte sich unkenntlich und zog andere Kleider an und ging hin und zwei Männer mit ihm, und sie kamen bei Nacht zu der Frau. Und Saul sprach: Wahrsage mir doch durch einen Totengeist, und hole mir herauf, wen ich dir nenne."},{"9":"Die Frau sprach zu ihm: Siehe, du weißt doch, was Saul getan hat, dass er die Totenbeschwörer und Wahrsager ausgerottet hat im Lande; warum willst du mir denn eine Falle stellen, dass ich getötet werde?"},{"10":"Saul aber schwor ihr bei dem HERRN und sprach: So wahr der HERR lebt: Es soll dich in dieser Sache keine Schuld treffen."},{"11":"Da sprach die Frau: Wen soll ich dir denn heraufholen? Er sprach: Hol mir Samuel herauf!"},{"12":"Als nun die Frau Samuel sah, schrie sie laut und sprach zu Saul: Warum hast du mich betrogen? Du bist Saul."},{"13":"Und der König sprach zu ihr: Fürchte dich nicht! Was siehst du? Die Frau sprach zu Saul: Ich sehe einen Gott heraufsteigen aus der Erde."},{"14":"Er sprach: Wie sieht er aus? Sie sprach: Es kommt ein alter Mann herauf und ist bekleidet mit einem Priesterrock. Da erkannte Saul, dass es Samuel war, und neigte sich mit seinem Antlitz zur Erde und fiel nieder."},{"15":"Samuel aber sprach zu Saul: Warum hast du meine Ruhe gestört, dass du mich heraufsteigen lässt? Saul sprach: Ich bin in großer Bedrängnis, die Philister kämpfen gegen mich, und Gott ist von mir gewichen und antwortet mir nicht mehr, weder durch Propheten noch durch Träume; darum hab ich dich rufen lassen, dass du mir kundtust, was ich tun soll."},{"16":"Samuel sprach: Warum willst du mich befragen, da doch der HERR von dir gewichen und dein Feind geworden ist?"},{"17":"Der HERR hat getan, wie er durch mich geredet hat, und hat das Königtum aus deiner Hand gerissen und einem andern gegeben, dem David."},{"18":"Weil du der Stimme des HERRN nicht gehorcht und seinen grimmigen Zorn nicht an Amalek vollstreckt hast, darum hat der HERR dir dies jetzt getan."},{"19":"Dazu wird der HERR mit dir auch Israel in die Hand der Philister geben. Morgen wirst du mit deinen Söhnen bei mir sein. Auch wird der HERR das Heer Israels in die Hand der Philister geben."},{"20":"Da stürzte Saul zur Erde, so lang er war, und geriet in große Furcht über die Worte Samuels. Auch war keine Kraft mehr in ihm; denn er hatte nichts gegessen den ganzen Tag und die ganze Nacht."},{"21":"Und die Frau trat zu Saul und sah, dass er sehr erschrocken war, und sprach zu ihm: Siehe, deine Magd hat deiner Stimme gehorcht, und ich habe mein Leben aufs Spiel gesetzt, als ich die Worte hörte, die du zu mir gesagt hast."},{"22":"So gehorche nun auch du der Stimme deiner Magd! Ich will dir einen Bissen Brot vorsetzen, dass du isst und zu Kräften kommst und deine Straße gehen kannst."},{"23":"Er aber weigerte sich und sprach: Ich will nicht essen. Da nötigten ihn seine Männer und die Frau, bis er auf ihre Stimme hörte. Und er stand auf von der Erde und setzte sich aufs Bett."},{"24":"Die Frau aber hatte im Haus ein gemästetes Kalb; das schlachtete sie eilends und nahm Mehl und knetete es und backte ungesäuertes Brot"},{"25":"und setzte es Saul und seinen Männern vor. Und als sie gegessen hatten, standen sie auf und gingen fort noch in der Nacht."}]