[{"1":"David aber dachte in seinem Herzen: Ich werde doch eines Tages Saul in die Hände fallen; es gibt nichts Besseres für mich, als dass ich entrinne ins Philisterland. Dann wird Saul davon ablassen, mich fernerhin zu suchen im ganzen Gebiet Israels, und ich werde seiner Hand entrinnen."},{"2":"Und David machte sich auf und zog hin mit den sechshundert Mann, die bei ihm waren, zu Achisch, dem Sohn Maochs, dem König von Gat."},{"3":"Und David blieb bei Achisch in Gat mit seinen Männern, ein jeder mit seinem Hause; David auch mit seinen beiden Frauen, Ahinoam, der Jesreeliterin, und Abigajil, Nabals Frau, der Karmeliterin."},{"4":"Und als Saul angesagt wurde, dass David nach Gat geflohen wäre, suchte er ihn nicht mehr."},{"5":"Und David sprach zu Achisch: Habe ich Gnade vor deinen Augen gefunden, so mag man mir einen Wohnort geben in einer der Städte auf dem Lande, dass ich darin wohne; warum soll dein Knecht in der Königsstadt bei dir wohnen?"},{"6":"Da gab ihm Achisch an diesem Tage Ziklag. Daher gehört Ziklag den Königen von Juda bis auf diesen Tag."},{"7":"Die Zeit aber, die David im Philisterlande wohnte, war ein Jahr und vier Monate."},{"8":"David zog hinauf mit seinen Männern und fiel ins Land der Geschuriter und Geseriter und Amalekiter ein; denn diese waren von alters her die Bewohner des Landes bis hin nach Schur und Ägyptenland."},{"9":"Und sooft David in das Land einfiel, ließ er weder Mann noch Frau leben und nahm mit Schafe, Rinder, Esel, Kamele und Kleider und kehrte wieder zurück. Kam er dann zu Achisch"},{"10":"und Achisch sprach: Wo seid ihr heute eingefallen?, so sprach David: In das Südland Judas, oder: In das Südland der Jerachmeeliter, oder: In das Südland der Keniter."},{"11":"David aber ließ weder Mann noch Frau lebend nach Gat kommen; denn er dachte: Sie könnten uns verraten: So hat David getan! Und das war seine Art, solange er im Philisterland wohnte."},{"12":"Und Achisch glaubte David; denn er dachte: Er hat sich stinkend gemacht bei seinem Volk Israel; darum wird er für immer mein Knecht sein."}]