[{"1":"Da nahm Samuel den Krug mit Öl und goss es auf sein Haupt und küsste ihn und sprach: Siehe, der HERR hat dich zum Fürsten über sein Erbteil gesalbt."},{"2":"Wenn du jetzt von mir gehst, so wirst du zwei Männer finden bei dem Grabe Rahels an der Grenze Benjamins bei Zelzach; die werden zu dir sagen: Die Eselinnen sind gefunden, die du zu suchen ausgezogen bist; aber siehe, dein Vater hat die Eselinnen nicht mehr im Sinn und sorgt sich um euch und spricht: Was soll ich wegen meines Sohnes tun?"},{"3":"Und wenn du von da weitergehst, wirst du zur Eiche Tabor kommen; dort werden dich drei Männer treffen, die hinaufgehen zu Gott nach Bethel. Einer trägt drei Böcklein, der andere drei Brote, der dritte einen Krug mit Wein."},{"4":"Und sie werden dich freundlich grüßen und dir zwei Brote geben. Die sollst du von ihren Händen annehmen."},{"5":"Danach wirst du nach Gibea Gottes kommen, wo die Wache der Philister ist; und wenn du dort in die Stadt kommst, wird dir eine Schar von Propheten begegnen, die von der Höhe herabkommen, und vor ihnen her Harfe und Pauke und Flöte und Zither, und sie werden in Verzückung sein."},{"6":"Und der Geist des HERRN wird über dich kommen, dass du mit ihnen in Verzückung gerätst; da wirst du umgewandelt und ein anderer Mensch werden."},{"7":"Wenn für dich nun diese Zeichen eintreffen, so tu, was dir vor die Hand kommt; denn Gott ist mit dir."},{"8":"Du sollst aber vor mir hinabgehen nach Gilgal; siehe, da will ich zu dir hinabkommen, um Brandopfer und Dankopfer zu opfern. Sieben Tage sollst du warten, bis ich zu dir komme und dir kundtue, was du tun sollst."},{"9":"Und als Saul sich wandte, um von Samuel wegzugehen, gab ihm Gott ein anderes Herz, und alle diese Zeichen trafen ein an demselben Tag."},{"10":"Und als sie nach Gibea kamen, siehe, da kam ihm eine Prophetenschar entgegen, und der Geist Gottes geriet über ihn, dass er mit ihnen in Verzückung geriet."},{"11":"Als aber alle, die ihn von früher gekannt hatten, sahen, dass er mit den Propheten in Verzückung war, sprachen die Leute untereinander: Was ist nur mit dem Sohn des Kisch geschehen? Ist Saul auch unter den Propheten?"},{"12":"Und einer von dort antwortete und sprach: Wer ist denn schon ihr Vater? Daher ist das Sprichwort gekommen: Ist Saul auch unter den Propheten?"},{"13":"Und als seine Verzückung aufgehört hatte, kam er nach Gibea."},{"14":"Es sprach aber Sauls Oheim zu ihm und zu seinem Knecht: Wo seid ihr hingegangen? Er antwortete: Die Eselinnen zu suchen; und als wir sahen, dass sie nicht da waren, gingen wir zu Samuel."},{"15":"Da sprach der Oheim Sauls: Sage mir doch, was sagte euch Samuel?"},{"16":"Saul antwortete seinem Oheim: Er sagte uns, dass die Eselinnen gefunden seien. Aber was Samuel von dem Königtum gesagt hatte, sagte er ihm nicht."},{"17":"Samuel aber rief das Volk zusammen zum HERRN nach Mizpa"},{"18":"und sprach zu den Israeliten: So sagt der HERR, der Gott Israels: Ich habe Israel aus Ägypten geführt und euch aus der Hand der Ägypter errettet und aus der Hand aller Königreiche, die euch bedrängten."},{"19":"Ihr aber habt heute euren Gott verworfen, der euch aus aller eurer Not und Bedrängnis geholfen hat, und habt gesprochen: Nein, setze vielmehr einen König über uns! Wohlan, so tretet nun vor den HERRN nach euren Stämmen und Tausendschaften!"},{"20":"Als nun Samuel alle Stämme Israels herantreten ließ, fiel das Los auf den Stamm Benjamin."},{"21":"Und als er den Stamm Benjamin herantreten ließ mit seinen Geschlechtern, fiel das Los auf das Geschlecht Matri, und als er das Geschlecht Matri herantreten ließ, Mann für Mann, fiel das Los auf Saul, den Sohn des Kisch. Und sie suchten ihn, aber sie fanden ihn nicht."},{"22":"Da befragten sie abermals den HERRN: Ist der Mann hierhergekommen? Der HERR antwortete: Siehe, er hat sich bei dem Tross versteckt."},{"23":"Da liefen sie hin und holten ihn von dort. Und als er unter das Volk trat, war er um eine Haupteslänge größer als alles Volk."},{"24":"Und Samuel sprach zu allem Volk: Da seht ihr, wen der HERR erwählt hat; denn ihm ist keiner gleich im ganzen Volk. Da jauchzte das ganze Volk und sprach: Es lebe der König!"},{"25":"Samuel aber tat dem Volk das Recht des Königtums kund und schrieb's in ein Buch und legte es vor dem HERRN nieder. Und Samuel entließ das ganze Volk, einen jeden in sein Haus."},{"26":"Auch Saul ging heim nach Gibea, und mit ihm gingen die vom Heer, denen Gott das Herz gerührt hatte."},{"27":"Aber einige ruchlose Leute sprachen: Was soll der uns helfen? Und sie verachteten ihn und brachten ihm kein Geschenk. Aber er tat, als hörte er's nicht."}]