[{"1":"Es war ein Mann von Benjamin, mit Namen Kisch, ein Sohn Abiëls, des Sohnes Zerors, des Sohnes Bechorats, des Sohnes Afiachs, des Sohnes eines Benjaminiters, ein tüchtiger Mann."},{"2":"Der hatte einen Sohn mit Namen Saul; der war ein junger, schöner Mann, und es war niemand unter den Israeliten so schön wie er, um eine Haupteslänge größer als alles Volk."},{"3":"Es hatte aber Kisch, der Vater Sauls, seine Eselinnen verloren. Und Kisch sprach zu seinem Sohn Saul: Nimm einen der Knechte mit dir, mach dich auf, geh hin und suche die Eselinnen."},{"4":"Und sie gingen durch das Gebirge Ephraim und durch das Gebiet von Schalischa und fanden sie nicht; sie gingen durch das Gebiet von Schaalim, aber da waren sie nicht; sie gingen durchs Gebiet von Benjamin und fanden sie nicht."},{"5":"Als sie aber ins Gebiet von Zuf kamen, sprach Saul zu dem Knecht, der bei ihm war: Komm, lass uns wieder heimgehen; mein Vater könnte sich sonst statt um die Eselinnen um uns sorgen."},{"6":"Der aber sprach zu ihm: Siehe, es ist ein berühmter Mann Gottes in dieser Stadt; alles, was er sagt, das trifft ein. Nun lass uns dahin gehen; vielleicht sagt er uns unsern Weg, den wir gehen müssen."},{"7":"Saul aber sprach zu seinem Knecht: Wenn wir schon hingehen, was bringen wir dem Mann? Denn das Brot in unserm Sack ist verzehrt, und wir haben keine Gabe, die wir dem Mann Gottes bringen könnten. Was haben wir sonst?"},{"8":"Der Knecht antwortete Saul abermals und sprach: Siehe, ich hab einen Viertel-Silberschekel bei mir; den will ich dem Mann Gottes geben, dass er uns unsern Weg sage."},{"9":"Vorzeiten sagte man in Israel, wenn man ging, Gott zu befragen: Kommt, lasst uns zu dem Seher gehen! Denn die man jetzt Propheten nennt, die nannte man vorzeiten Seher. –"},{"10":"Saul sprach zu seinem Knecht: Du hast recht geredet; komm, lass uns gehen! Und als sie hingingen zu der Stadt, wo der Mann Gottes war,"},{"11":"und den Aufgang zur Stadt hinaufstiegen, trafen sie Mädchen, die herausgingen, um Wasser zu schöpfen. Zu ihnen sprachen sie: Ist der Seher hier? –"},{"12":"Sie antworteten ihnen: Ja, siehe, da ist er; eile, denn er ist heute in die Stadt gekommen, weil das Volk heute ein Opferfest hat auf der Höhe."},{"13":"Wenn ihr in die Stadt kommt, so werdet ihr ihn finden, bevor er hinaufgeht auf die Höhe, um zu essen. Denn das Volk wird nicht essen, ehe er kommt; er segnet erst das Opfer, danach essen die, die geladen sind. Darum geht hinauf, denn jetzt werdet ihr ihn treffen."},{"14":"Und als sie hinauf zur Stadt kamen und in die Stadt eintraten, siehe, da kam Samuel heraus ihnen entgegen und wollte auf die Höhe gehen."},{"15":"Aber der HERR hatte Samuel das Ohr aufgetan, einen Tag bevor Saul kam, und gesagt:"},{"16":"Morgen um diese Zeit will ich einen Mann zu dir senden aus dem Lande Benjamin, den sollst du zum Fürsten salben über mein Volk Israel, dass er mein Volk errette aus der Philister Hand. Denn ich habe das Elend meines Volks angesehen, und sein Schreien ist vor mich gekommen."},{"17":"Als nun Samuel Saul sah, tat ihm der HERR kund: Siehe, das ist der Mann, von dem ich dir gesagt habe, dass er über mein Volk herrschen soll."},{"18":"Da trat Saul auf Samuel zu im Tor und sprach: Sage mir doch, wo ist hier das Haus des Sehers?"},{"19":"Samuel antwortete Saul: Ich bin der Seher. Geh vor mir hinauf auf die Höhe, denn ihr sollt heute mit mir essen; morgen früh will ich dich ziehen lassen, und alles, was in deinem Herzen ist, will ich dir kundtun."},{"20":"Und um die Eselinnen, die du vor drei Tagen verloren hast, sorge dich jetzt nicht; sie sind gefunden. Wem gehört denn alles, was wertvoll ist in Israel? Gehört es nicht dir und dem ganzen Hause deines Vaters?"},{"21":"Saul antwortete: Bin ich nicht ein Benjaminiter und aus einem der kleinsten Stämme Israels, und ist nicht mein Geschlecht das geringste unter allen Geschlechtern des Stammes Benjamin? Warum sagst du mir solches?"},{"22":"Samuel aber nahm Saul und seinen Knecht und führte sie in die Halle und setzte sie obenan unter die Geladenen; und das waren etwa dreißig Mann."},{"23":"Und Samuel sprach zu dem Koch: Gib das Stück her, das ich dir gab und befahl, du solltest es bei dir behalten."},{"24":"Da trug der Koch eine Keule auf und den Fettschwanz. Und er legte sie Saul vor und sprach: Siehe, hier ist das Übriggebliebene, lege es vor dich hin und iss; denn als ich das Volk einlud, ist es für dich aufbewahrt worden für diese Stunde. So aß Saul mit Samuel an jenem Tage."},{"25":"Und als sie hinabgegangen waren von der Höhe der Stadt, machten sie Saul ein Lager auf dem Dach,"},{"26":"und er legte sich schlafen. Und als die Morgenröte aufging, rief Samuel zum Dach hinauf und sprach zu Saul: Steh auf, dass ich dich geleite! Und Saul stand auf, und die beiden gingen miteinander hinaus, er und Samuel."},{"27":"Und als sie hinabkamen an das Ende der Stadt, sprach Samuel zu Saul: Sage dem Knecht, dass er uns vorangehe – und er ging voran –, du aber steh jetzt still, dass ich dir kundtue, was Gott gesagt hat."}]