[{"1":"Und Samuel starb, und ganz Israel versammelte sich und hielt ihm die Totenklage. Und sie begruben ihn in seinem Hause zu Rama. David aber machte sich auf und zog hinab in die Wüste Paran."},{"2":"Und es war ein Mann in Maon, der hatte sein Gut in Karmel, und der Mann hatte sehr großes Vermögen und besaß dreitausend Schafe und tausend Ziegen. Und es begab sich, dass er eben seine Schafe schor in Karmel."},{"3":"Der Mann hieß Nabal, seine Frau aber hieß Abigajil. Und sie war eine Frau von Verstand und schön von Angesicht, der Mann aber war hart und boshaft in seinem Tun und war ein Kalebiter."},{"4":"Als nun David in der Wüste hörte, dass Nabal seine Schafe schor,"},{"5":"sandte er zehn Männer aus und sprach zu ihnen: Geht hinauf nach Karmel, und wenn ihr zu Nabal kommt, so grüßt ihn freundlich in meinem Namen"},{"6":"und sprecht: Glück zu! Friede sei mit dir und deinem Hause und mit allem, was du hast!"},{"7":"Ich habe gehört, dass du Schafschur hast. Nun, deine Hirten sind mit uns zusammen gewesen; wir haben ihnen nichts zuleide getan und sie haben nichts vermisst, solange sie in Karmel gewesen sind."},{"8":"Frage deine Leute danach, die werden's dir sagen. Und lass meine Männer Gnade finden vor deinen Augen, denn wir sind an einem Festtag gekommen. Gib deinen Knechten und deinem Sohn David, was du zur Hand hast."},{"9":"Und als die Männer Davids hinkamen und in Davids Namen alle diese Worte mit Nabal redeten und ruhig warteten,"},{"10":"da antwortete Nabal den Knechten Davids: Wer ist David? Und wer ist der Sohn Isais? Es gibt jetzt viele Knechte, die ihren Herren davongelaufen sind."},{"11":"Sollte ich mein Brot und mein Wasser nehmen und mein Fleisch, das ich für meine Scherer geschlachtet habe, und Leuten geben, von denen ich nicht weiß, wo sie her sind?"},{"12":"Da wandten sich die Männer Davids um und gingen ihres Weges. Und als sie zu ihm zurückkamen, sagten sie ihm das alles."},{"13":"Da sprach David zu seinen Männern: Gürte sich ein jeder sein Schwert um! Und jeder gürtete sich sein Schwert um, und auch David gürtete sich sein Schwert um, und etwa vierhundert Mann zogen ihm nach, aber zweihundert blieben bei dem Tross."},{"14":"Aber der Abigajil, Nabals Frau, sagte es einer von den Leuten und sprach: Siehe, David hat Boten gesandt aus der Wüste, unsern Herrn zu grüßen, er aber hat sie angeschrien."},{"15":"Aber die Männer sind uns doch sehr nützlich gewesen und haben uns nichts zuleide getan, und wir haben nichts vermisst, solange wir mit ihnen umherzogen, wenn wir auf dem Felde waren,"},{"16":"sondern sie sind wie eine Mauer um uns gewesen Tag und Nacht, solange wir die Schafe bei ihnen gehütet haben."},{"17":"So bedenke nun und sieh zu, was du tust; denn es ist gewiss ein Unheil beschlossen über unsern Herrn und über sein ganzes Haus. Er aber ist ein heilloser Mensch, dem niemand etwas zu sagen wagt."},{"18":"Da eilte Abigajil und nahm zweihundert Brote und zwei Krüge Wein und fünf zubereitete Schafe und fünf Scheffel Röstkorn und hundert Rosinenkuchen und zweihundert Feigenkuchen und lud alles auf Esel"},{"19":"und sprach zu ihren Leuten: Geht vor mir her; siehe, ich will sogleich hinter euch herkommen. Und sie sagte ihrem Mann Nabal nichts davon."},{"20":"Und als sie auf dem Esel ritt und hinabzog im Schutz des Berges, siehe, da kamen David und seine Männer hinab ihr entgegen, sodass sie auf sie stieß."},{"21":"David aber hatte gedacht: Nun hab ich alles umsonst behütet, was der da in der Wüste hat, sodass nichts vermisst wurde von allem, was er hat; und er vergilt mir Gutes mit Bösem!"},{"22":"Gott tue mir dies und noch mehr, wenn ich ihm bis zum lichten Morgen einen Einzigen übrig lasse, der an die Wand pisst, von allem, was er hat."},{"23":"Als nun Abigajil David sah, stieg sie eilends vom Esel und fiel vor David nieder und beugte sich zur Erde"},{"24":"und fiel ihm zu Füßen und sprach: Ach, mein Herr, auf mich allein falle die Schuld! Lass deine Magd reden vor deinen Ohren und höre die Worte deiner Magd!"},{"25":"Mein Herr achte nicht auf diesen heillosen Mann, diesen Nabal; denn er ist, wie er heißt. Er heißt »Narr«, und Narrheit ist bei ihm. Ich aber, deine Magd, habe die Männer meines Herrn nicht gesehen, die du gesandt hast."},{"26":"Nun aber, mein Herr, so wahr der HERR lebt und so wahr du selbst lebst: Der HERR hat dich davor bewahrt, in Blutschuld zu geraten und dir mit eigener Hand zu helfen. So sollen deine Feinde und alle, die meinem Herrn übel wollen, wie Nabal werden!"},{"27":"Hier ist die Segensgabe, die deine Magd meinem Herrn gebracht hat; das soll den Männern gegeben werden, die meinem Herrn folgen."},{"28":"Vergib deiner Magd ihr Vergehen! Der HERR wird meinem Herrn ein beständiges Haus bauen, denn du führst des HERRN Kriege. Es möge nichts Böses an dir gefunden werden dein Leben lang."},{"29":"Und wenn sich ein Mensch erheben wird, dich zu verfolgen und dir nach dem Leben zu trachten, so soll das Leben meines Herrn eingebunden sein im Bündlein der Lebendigen bei dem HERRN, deinem Gott, aber das Leben deiner Feinde soll er fortschleudern mit der Schleuder."},{"30":"Wenn dann der HERR meinem Herrn all das Gute tun wird, das er dir zugesagt hat, und dich zum Fürsten bestellt hat über Israel,"},{"31":"so wird's dem Herzen meines Herrn nicht ein Anstoß noch Ärgernis sein, dass du unschuldiges Blut vergossen und dir selber geholfen habest. Und wenn der HERR meinem Herrn wohltun wird, so wollest du an deine Magd denken."},{"32":"Da sprach David zu Abigajil: Gelobt sei der HERR, der Gott Israels, der dich heute mir entgegengesandt hat,"},{"33":"und gesegnet sei deine Klugheit, und gesegnet seist du, dass du mich heute davon zurückgehalten hast, in Blutschuld zu geraten und mir mit eigener Hand zu helfen."},{"34":"Wahrlich, so wahr der HERR, der Gott Israels, lebt, der mich davor bewahrt hat, übel an dir zu tun: Wärest du nicht eilends mir begegnet, so wäre dem Nabal bis zum lichten Morgen nicht ein Einziger übrig geblieben, der an die Wand pisst."},{"35":"Also nahm David aus ihrer Hand, was sie ihm gebracht hatte, und sprach zu ihr: Zieh mit Frieden hinauf in dein Haus; sieh, ich habe auf deine Stimme gehört und dein Antlitz erhoben."},{"36":"Als aber Abigajil zu Nabal kam, siehe, da hatte er ein Mahl zubereitet in seinem Hause wie eines Königs Mahl, und sein Herz war guter Dinge, und er war sehr betrunken. Sie aber sagte ihm nichts, weder wenig noch viel, bis an den lichten Morgen."},{"37":"Als es aber Morgen geworden und die Trunkenheit von Nabal gewichen war, sagte ihm seine Frau alles. Da erstarb sein Herz in seinem Leibe, und er ward wie ein Stein."},{"38":"Und nach zehn Tagen schlug der HERR den Nabal, dass er starb."},{"39":"Als David hörte, dass Nabal tot war, sprach er: Gelobt sei der HERR, der meine Schmach gerächt hat an Nabal und seinen Knecht abgehalten hat von einer bösen Tat! Der HERR hat dem Nabal seine böse Tat auf seinen Kopf vergolten. Und David sandte hin und ließ Abigajil sagen, dass er sie zur Frau nehmen wolle."},{"40":"Und als die Knechte Davids zu Abigajil nach Karmel kamen, redeten sie mit ihr und sprachen: David hat uns zu dir gesandt, dass er dich zur Frau nehme."},{"41":"Sie stand auf und fiel nieder auf ihr Angesicht zur Erde und sprach: Siehe, deine Magd ist bereit, den Knechten meines Herrn zu dienen und ihre Füße zu waschen."},{"42":"Und Abigajil machte sich eilends auf und setzte sich auf einen Esel, und ihre fünf Mägde gingen hinter ihr her. Und sie zog den Boten Davids nach und wurde seine Frau."},{"43":"Auch hatte David Ahinoam von Jesreel zur Frau genommen; sie wurden beide seine Frauen."},{"44":"Saul aber hatte seine Tochter Michal, Davids Frau, Palti, dem Sohn des Lajisch aus Gallim, gegeben."}]