[{"1":"Als David aufgehört hatte, mit Saul zu reden, verband sich das Herz Jonatans mit dem Herzen Davids, und Jonatan gewann ihn lieb wie sein eigenes Leben."},{"2":"Und Saul nahm ihn an diesem Tage zu sich und ließ ihn nicht wieder in seines Vaters Haus zurückkehren."},{"3":"Und Jonatan schloss mit David einen Bund, denn er hatte ihn lieb wie sein eigenes Leben."},{"4":"Und Jonatan zog seinen Rock aus, den er anhatte, und gab ihn David, dazu seine Kleider und sein Schwert, seinen Bogen und seinen Gürtel."},{"5":"Und David zog aus, und wohin Saul ihn sandte, hatte er Erfolg. Und Saul setzte ihn über die Kriegsleute, und er gefiel allem Volk gut und auch den Knechten Sauls."},{"6":"Es begab sich aber, als David zurückkam vom Sieg über die Philister, dass die Frauen aus allen Städten Israels herausgingen mit Gesang und Reigen dem König Saul entgegen unter Jauchzen, mit Pauken und mit Zimbeln."},{"7":"Und die Frauen sangen einander zu und tanzten und sprachen: Saul hat tausend erschlagen, aber David zehntausend."},{"8":"Da ergrimmte Saul sehr, und das Wort missfiel ihm, und er sprach: Sie haben David zehntausend gegeben und mir tausend; ihm wird noch das Königtum zufallen."},{"9":"Und Saul sah David scheel an von dem Tage an und hinfort."},{"10":"Des andern Tags kam der böse Geist von Gott über Saul, und er geriet in Raserei im Hause; David aber spielte auf den Saiten mit seiner Hand, wie er täglich zu tun pflegte. Und Saul hatte einen Spieß in der Hand"},{"11":"und schleuderte den Spieß und dachte: Ich will David an die Wand spießen. David aber wich ihm zweimal aus."},{"12":"Und Saul fürchtete sich vor David; denn der HERR war mit ihm und war von Saul gewichen."},{"13":"Da entfernte ihn Saul aus seiner Nähe und setzte ihn zum Obersten über tausend Mann. Und David zog aus und ein vor dem Volk."},{"14":"Und David hatte Erfolg auf allen seinen Wegen, und der HERR war mit ihm."},{"15":"Da nun Saul sah, dass David alles so gut gelang, graute ihm vor David."},{"16":"Aber ganz Israel und Juda hatte David lieb, denn er zog aus und ein vor ihnen her."},{"17":"Und Saul sprach zu David: Siehe, meine älteste Tochter Merab will ich dir zur Frau geben; sei mir nur ein tapferer Mann und führe des HERRN Kriege. Denn Saul dachte: Meine Hand soll nicht gegen ihn sein, sondern die Hand der Philister."},{"18":"David aber antwortete Saul: Wer bin ich? Und was ist meine Sippe, das Geschlecht meines Vaters, in Israel, dass ich des Königs Schwiegersohn werden soll?"},{"19":"Als aber die Zeit kam, dass Merab, die Tochter Sauls, David gegeben werden sollte, wurde sie Adriël von Mehola zur Frau gegeben."},{"20":"Aber Michal, Sauls Tochter, hatte David lieb. Als das Saul angesagt wurde, war es ihm recht."},{"21":"Und Saul sagte sich: Ich will sie ihm geben, damit sie ihm zum Fallstrick wird und die Hände der Philister gegen ihn sind. Und Saul sprach zu David: Du kannst heute mit der andern mein Schwiegersohn werden."},{"22":"Und Saul gebot seinen Knechten: Redet mit David heimlich und sprecht: Siehe, der König hat Gefallen an dir, und alle seine Knechte lieben dich; so werde nun des Königs Schwiegersohn."},{"23":"Und die Knechte Sauls sagten diese Worte vor den Ohren Davids. David aber sprach: Dünkt euch das ein Geringes, des Königs Schwiegersohn zu werden? Ich bin doch ein armer, geringer Mann."},{"24":"Und die Knechte Sauls sagten es ihm weiter und sprachen: Diese Worte hat David gesagt."},{"25":"Saul sprach: So sagt zu David: Der König begehrt keinen andern Brautpreis als hundert Vorhäute von den Philistern, um an den Feinden des Königs Rache zu üben. Denn Saul trachtete danach, David umzubringen durch die Hand der Philister."},{"26":"Da sagten seine Knechte David diese Worte, und es war David recht, des Königs Schwiegersohn zu werden. Die Zeit aber war noch nicht um."},{"27":"Da machte sich David auf und zog hin mit seinen Männern und erschlug unter den Philistern zweihundert Mann. Und David brachte ihre Vorhäute dem König in voller Zahl, um des Königs Schwiegersohn zu werden. Da gab ihm Saul seine Tochter Michal zur Frau."},{"28":"Als aber Saul sah und merkte, dass der HERR mit David war und dass seine Tochter Michal ihn lieb hatte,"},{"29":"da fürchtete sich Saul noch mehr vor David und wurde sein Feind sein Leben lang."},{"30":"Und sooft die Fürsten der Philister in den Kampf zogen, richtete David mehr gegen sie aus als alle Knechte Sauls, wenn sie auszogen, sodass sein Name hoch gepriesen wurde."}]