[{"1":"Als nun David mit seinen Männern am dritten Tage nach Ziklag kam, waren die Amalekiter eingefallen ins Südland und in Ziklag und hatten Ziklag eingenommen und mit Feuer verbrannt"},{"2":"und hatten die Frauen und alles, was in der Stadt war, Klein und Groß, gefangen genommen. Sie hatten aber niemand getötet, sondern sie weggeführt und waren ihres Weges gezogen."},{"3":"Als nun David mit seinen Männern zur Stadt kam und sah, dass sie mit Feuer verbrannt war und ihre Frauen, Söhne und Töchter gefangen waren,"},{"4":"erhoben David und das Volk, das bei ihm war, ihre Stimme und weinten, bis sie nicht mehr weinen konnten."},{"5":"Auch die beiden Frauen Davids waren gefangen genommen worden: Ahinoam, die Jesreeliterin, und Abigajil, die Frau Nabals, des Karmeliters."},{"6":"Und David geriet in große Bedrängnis, weil das Volk ihn steinigen wollte; denn die Seele des ganzen Volks war erbittert, ein jeder wegen seiner Söhne und Töchter. David aber stärkte sich in dem HERRN, seinem Gott,"},{"7":"und sprach zu dem Priester Abjatar, dem Sohn Ahimelechs: Bringe mir den Efod her! Und als Abjatar den Efod zu David gebracht hatte,"},{"8":"befragte David den HERRN und sprach: Soll ich dieser Schar nachjagen und werde ich sie einholen? Er sprach: Jage ihr nach! Du wirst sie einholen und retten."},{"9":"Da zog David hin mit den sechshundert Mann, die bei ihm waren. Und als sie an den Bach Besor kamen, blieben etliche zurück."},{"10":"David aber und vierhundert Mann jagten der Schar nach; die zweihundert Mann aber, die zurückblieben, waren zu müde, um über den Bach Besor zu gehen."},{"11":"Und sie fanden einen Ägypter auf dem Felde; den führten sie zu David und gaben ihm Brot zu essen und Wasser zu trinken"},{"12":"und gaben ihm ein Stück Feigenkuchen und zwei Rosinenkuchen. Und als er gegessen hatte, kam sein Geist wieder zu ihm; denn er hatte in drei Tagen und drei Nächten nichts gegessen und kein Wasser getrunken."},{"13":"David sprach zu ihm: Zu wem gehörst du? Und woher bist du? Er sprach: Ich bin ein junger Ägypter, eines Amalekiters Knecht, und mein Herr hat mich zurückgelassen; denn ich wurde vor drei Tagen krank."},{"14":"Wir sind eingefallen in das Südland der Kreter und in Juda und in das Südland Kalebs und haben Ziklag mit Feuer verbrannt."},{"15":"David sprach zu ihm: Willst du mich hinführen zu dieser Schar? Er sprach: Schwöre mir bei Gott, dass du mich nicht tötest noch meinem Herrn überantwortest, so will ich dich hinführen zu dieser Schar."},{"16":"Und er führte ihn hinab. Und siehe, sie hatten sich ausgebreitet über das ganze Land, aßen und tranken und feierten ein Fest wegen all der großen Beute, die sie mitgenommen hatten aus dem Philisterland und aus Juda."},{"17":"Und David schlug sie vom Morgen bis zum Abend des nächsten Tages, dass keiner von ihnen entrann außer vierhundert jungen Männern; die stiegen auf die Kamele und flohen."},{"18":"So rettete David alles, was die Amalekiter genommen hatten; auch seine beiden Frauen rettete er."},{"19":"Und es fehlte nichts, weder Klein noch Groß, weder Söhne noch Töchter noch Beute noch alles, was sie sich genommen hatten; David brachte es alles zurück."},{"20":"Und David nahm alle Schafe und Rinder, und sie trieben sie vor der Herde her und sprachen: Das ist Davids Beute."},{"21":"Und als David zu den zweihundert Männern kam, die zu müde gewesen waren, um David zu folgen, und die man am Bach Besor gelassen hatte, gingen sie David entgegen und dem Volk, das mit ihm war. Und David trat zu ihnen und grüßte sie freundlich."},{"22":"Da sprachen alle bösen und heillosen Leute unter den Männern, die mit David gezogen waren: Weil sie nicht mit uns gezogen sind, soll man ihnen nichts geben von der Beute, die wir gerettet haben; sondern jeder nehme nur seine Frau und seine Kinder mit sich und gehe seines Weges."},{"23":"Da sprach David: Ihr sollt nicht so tun, meine Brüder, mit dem, was uns der HERR gegeben hat; er hat uns behütet und diese Schar, die über uns gekommen war, in unsere Hand gegeben."},{"24":"Wer sollte in dieser Sache auf euch hören? Wie der Anteil derjenigen, die in den Kampf gezogen sind, so soll auch der Anteil derjenigen sein, die beim Tross geblieben sind; sie sollen miteinander teilen."},{"25":"Und so blieb es weiterhin von diesem Tag an; und er machte es zu Satzung und Recht für Israel bis auf diesen Tag."},{"26":"Und als David nach Ziklag kam, sandte er von der Beute den Ältesten in Juda, seinen Freunden, und ließ sagen: Da habt ihr eine Segensgabe aus der Beute der Feinde des HERRN, –"},{"27":"nämlich denen zu Bethel, denen zu Ramot im Südland, denen zu Jattir,"},{"28":"denen zu Aroër, denen zu Sifmot, denen zu Eschtemoa,"},{"29":"denen zu Karmel, denen in den Städten der Jerachmeeliter, denen in den Städten der Keniter,"},{"30":"denen zu Horma, denen zu Bor-Aschan, denen zu Atach,"},{"31":"denen zu Hebron und allen Orten, wo David mit seinen Männern aus und ein gegangen war."}]