[{"1":"So war die Lade des HERRN sieben Monate im Lande der Philister."},{"2":"Und die Philister riefen ihre Priester und Wahrsager und sprachen: Was sollen wir mit der Lade des HERRN machen? Lasst uns wissen, wie wir sie an ihren Ort senden sollen!"},{"3":"Sie sprachen: Wollt ihr die Lade des Gottes Israels zurücksenden, so sendet sie nicht ohne eine Gabe, sondern gebt ihm eine Sühnegabe; so werdet ihr gesund werden, und es wird euch kundwerden, warum seine Hand nicht von euch ablässt."},{"4":"Sie aber sprachen: Was ist die Sühnegabe, die wir ihm geben sollen? Sie antworteten: Fünf goldene Beulen und fünf goldene Mäuse nach der Zahl der Fürsten der Philister, denn es ist ein und dieselbe Plage gewesen über euch alle und über eure Fürsten."},{"5":"So macht nun Abbilder eurer Beulen und eurer Mäuse, die euer Land zugrunde gerichtet haben, dass ihr dem Gott Israels die Ehre gebt. Vielleicht wird seine Hand leichter werden über euch und über euren Gott und über euer Land."},{"6":"Warum verstockt ihr euer Herz, wie die Ägypter und der Pharao ihr Herz verstockten? Ist's nicht so: Als der Herr seine Macht an ihnen bewies, ließen sie sie ziehen, dass sie gehen konnten?"},{"7":"So macht nun einen neuen Wagen und nehmt zwei säugende Kühe, auf die noch kein Joch gekommen ist; spannt sie an den Wagen und lasst ihre Kälber daheimbleiben."},{"8":"Aber die Lade des HERRN nehmt und stellt sie auf den Wagen, und die Dinge aus Gold, die ihr ihm zur Sühnegabe gebt, tut in ein Kästlein daneben. So sendet sie hin und lasst sie gehen."},{"9":"Und seht zu: Geht sie den Weg hinauf in ihr Land auf Bet-Schemesch zu, so hat er uns dies große Übel angetan; wenn nicht, so wissen wir, dass nicht seine Hand uns getroffen hat, sondern es ist uns zufällig widerfahren."},{"10":"Die Leute taten so und nahmen zwei säugende Kühe und spannten sie an einen Wagen und behielten ihre Kälber daheim"},{"11":"und stellten die Lade des HERRN auf den Wagen, dazu das Kästlein mit den goldenen Mäusen und mit den Abbildern ihrer Beulen."},{"12":"Und die Kühe gingen geradewegs auf Bet-Schemesch zu, auf ein und derselben Straße, und brüllten immerfort und wichen weder zur Rechten noch zur Linken; und die Fürsten der Philister gingen ihnen nach bis an die Grenze von Bet-Schemesch."},{"13":"Die Leute von Bet-Schemesch aber schnitten eben den Weizen im Talgrund, und als sie ihre Augen aufhoben, sahen sie die Lade und freuten sich, sie zu sehen."},{"14":"Der Wagen aber kam auf den Acker Joschuas von Bet-Schemesch und stand dort still. Und dort lag ein großer Stein. Da spalteten sie das Holz des Wagens und opferten die Kühe dem HERRN zum Brandopfer."},{"15":"Die Leviten aber hoben die Lade des HERRN herab und das Kästlein, das daneben stand, darin die Dinge aus Gold waren, und stellten sie auf den großen Stein. Und die Leute von Bet-Schemesch opferten dem HERRN am selben Tage Brandopfer und Schlachtopfer."},{"16":"Da aber die fünf Fürsten der Philister das gesehen hatten, kehrten sie am selben Tage nach Ekron zurück."},{"17":"Dies sind die goldenen Beulen, die die Philister dem HERRN als Sühnegabe erstatteten: für Aschdod eine, für Gaza eine, für Aschkelon eine, für Gat eine und für Ekron eine;"},{"18":"und goldene Mäuse nach der Zahl aller Städte der Philister unter den fünf Fürsten, der festen Städte und der Dörfer. Und Zeuge ist der große Stein, auf den sie die Lade des HERRN gestellt hatten. Er liegt bis auf diesen Tag auf dem Acker Joschuas von Bet-Schemesch."},{"19":"Und der HERR schlug etliche von Bet-Schemesch, denn sie hatten die Lade des HERRN gesehen; und er schlug im Volk siebzig Mann. Da trug das Volk Leid, dass der HERR einen so großen Schlag gegen das Volk getan hatte."},{"20":"Und die Leute von Bet-Schemesch sprachen: Wer kann bestehen vor dem HERRN, diesem heiligen Gott? Und zu wem soll er von uns wegziehen?"},{"21":"Und sie sandten Boten zu den Bürgern von Kirjat-Jearim und ließen ihnen sagen: Die Philister haben die Lade des HERRN zurückgebracht; kommt herab und holt sie zu euch hinauf."}]