[{"1":"Paulus und Silvanus und Timotheus an die Gemeinde der Thessalonicher in Gott, dem Vater, und dem Herrn Jesus Christus: Gnade sei mit euch und Friede!"},{"2":"Wir danken Gott allezeit für euch alle und gedenken euer in unsern Gebeten"},{"3":"und denken ohne Unterlass vor Gott, unserm Vater, an euer Werk im Glauben und an eure Arbeit in der Liebe und an eure Geduld in der Hoffnung auf unsern Herrn Jesus Christus."},{"4":"Brüder und Schwestern, von Gott geliebt, wir wissen, dass ihr erwählt seid;"},{"5":"denn unser Evangelium kam zu euch nicht allein im Wort, sondern auch in der Kraft und in dem Heiligen Geist und in großer Fülle. Ihr wisst ja, wie wir uns unter euch verhalten haben um euretwillen."},{"6":"Und ihr seid unsere Nachfolger geworden und die des Herrn und habt das Wort aufgenommen in großer Bedrängnis mit Freuden im Heiligen Geist,"},{"7":"sodass ihr ein Vorbild geworden seid für alle Gläubigen in Makedonien und Achaia."},{"8":"Denn von euch aus ist erschollen das Wort des Herrn nicht allein in Makedonien und Achaia, sondern an allen Orten hat sich euer Glaube an Gott ausgebreitet, sodass es nicht nötig ist, dass wir darüber etwas sagen."},{"9":"Denn sie selbst verkünden über uns, welchen Eingang wir bei euch gefunden haben und wie ihr euch bekehrt habt zu Gott, weg von den Abgöttern, zu dienen dem lebendigen und wahren Gott"},{"10":"und zu warten auf seinen Sohn vom Himmel, den er auferweckt hat von den Toten, Jesus, der uns errettet von dem zukünftigen Zorn."}]