[{"1":"Darum haben wir's nicht länger ertragen und beschlossen, in Athen allein zurückzubleiben,"},{"2":"und sandten Timotheus, unsern Bruder und Gottes Mitarbeiter am Evangelium Christi, euch zu stärken und zu ermahnen in eurem Glauben,"},{"3":"damit nicht jemand wankend würde in diesen Bedrängnissen. Denn ihr wisst selbst, dass wir dazu bestimmt sind."},{"4":"Denn schon als wir bei euch waren, sagten wir's euch voraus, dass wir in Bedrängnis geraten würden, wie es denn auch geschehen ist und wie ihr wisst."},{"5":"Darum habe ich's auch nicht länger ertragen und habe ihn gesandt, um zu erfahren, wie es mit eurem Glauben steht, ob der Versucher euch etwa versucht hätte und unsre Arbeit vergeblich würde."},{"6":"Nun aber ist Timotheus von euch wieder zu uns gekommen und hat uns Gutes berichtet von eurem Glauben und eurer Liebe und dass ihr uns allezeit in guter Erinnerung habt und euch danach sehnt, uns zu sehen, wie auch wir uns nach euch sehnen."},{"7":"Darum sind wir, Brüder und Schwestern, euretwegen getröstet worden in aller unsrer Not und Bedrängnis durch euren Glauben;"},{"8":"denn jetzt leben wir auf, wenn ihr fest steht in dem Herrn."},{"9":"Denn wie können wir euretwegen Gott genug danken für all die Freude, die wir durch euch haben vor unserm Gott?"},{"10":"Wir bitten Tag und Nacht inständig, dass wir euch von Angesicht sehen und hinzutun, was eurem Glauben noch fehlt."},{"11":"Er selbst aber, Gott, unser Vater, und unser Herr Jesus lenke unsern Weg zu euch hin."},{"12":"Euch aber lasse der Herr wachsen und immer reicher werden in der Liebe untereinander und zu jedermann, wie auch wir sie zu euch haben,"},{"13":"dass eure Herzen stark und untadelig seien in Heiligkeit vor Gott, unserm Vater, wenn unser Herr Jesus kommt mit allen seinen Heiligen. Amen."}]