[{"1":"Paulus, Apostel Christi Jesu nach dem Befehl Gottes, unseres Heilands, und Christi Jesu, der unsere Hoffnung ist,"},{"2":"an Timotheus, mein rechtes Kind im Glauben: Gnade, Barmherzigkeit, Friede von Gott, dem Vater, und unserm Herrn Christus Jesus!"},{"3":"Wie habe ich dich ermahnt, in Ephesus zu bleiben, als ich nach Makedonien zog, damit du einigen gebietest, dass sie nicht anders lehren,"},{"4":"auch nicht achthaben auf die Fabeln und Geschlechtsregister, die kein Ende haben und eher Fragen aufbringen, als dass sie dem Ratschluss Gottes im Glauben dienen."},{"5":"Das Ziel der Unterweisung aber ist Liebe aus reinem Herzen und aus gutem Gewissen und aus ungeheucheltem Glauben."},{"6":"Davon sind einige abgeirrt und haben sich hingewandt zu unnützem Geschwätz,"},{"7":"wollen das Gesetz lehren und verstehen selber nicht, was sie sagen oder was sie so fest behaupten."},{"8":"Wir wissen aber, dass das Gesetz gut ist, wenn es jemand recht gebraucht,"},{"9":"weil er weiß, dass dem Gerechten kein Gesetz gegeben ist, sondern den Ungerechten und Ungehorsamen, den Gottlosen und Sündern, den Unheiligen und Ruchlosen, den Vatermördern und Muttermördern, den Totschlägern,"},{"10":"den Unzüchtigen, den Knabenschändern, den Menschenhändlern, den Lügnern, den Meineidigen und wenn noch etwas anderes der heilsamen Lehre entgegensteht,"},{"11":"nach dem Evangelium von der Herrlichkeit des seligen Gottes, das mir anvertraut ist."},{"12":"Ich danke unserm Herrn Christus Jesus, der mich stark gemacht und für treu erachtet hat und in das Amt eingesetzt,"},{"13":"mich, der ich früher ein Lästerer und ein Verfolger und ein Frevler war; aber mir ist Barmherzigkeit widerfahren, denn ich habe es unwissend getan, im Unglauben."},{"14":"Es ist aber desto reicher geworden die Gnade unseres Herrn samt dem Glauben und der Liebe, die in Christus Jesus ist."},{"15":"Das ist gewisslich wahr und ein teuer wertes Wort: Christus Jesus ist in die Welt gekommen, die Sünder selig zu machen, unter denen ich der erste bin."},{"16":"Aber darum ist mir Barmherzigkeit widerfahren, dass Christus Jesus an mir als Erstem alle Geduld erweise, zum Vorbild denen, die an ihn glauben sollten zum ewigen Leben."},{"17":"Aber Gott, dem ewigen König, dem Unvergänglichen und Unsichtbaren, der allein Gott ist, sei Ehre und Preis in Ewigkeit! Amen."},{"18":"Dieses Gebot gebe ich dir, mein Sohn Timotheus, nach den Weissagungen, die früher über dich ergangen sind, damit du in ihrer Kraft einen guten Kampf kämpfst"},{"19":"und den Glauben und ein gutes Gewissen hast. Das haben einige von sich gestoßen und am Glauben Schiffbruch erlitten."},{"20":"Unter ihnen sind Hymenäus und Alexander, die ich dem Satan übergeben habe, damit sie in Zucht genommen werden und nicht mehr lästern."}]