[{"1":"Der Geist aber sagt deutlich, dass in den letzten Zeiten einige von dem Glauben abfallen werden und verführerischen Geistern und Lehren von Dämonen anhängen,"},{"2":"verleitet durch Heuchelei der Lügenredner, die ein Brandmal in ihrem Gewissen haben."},{"3":"Sie gebieten, nicht zu heiraten und Speisen zu meiden, die Gott geschaffen hat, dass sie mit Danksagung empfangen werden von den Gläubigen und denen, die die Wahrheit erkannt haben."},{"4":"Denn alles, was Gott geschaffen hat, ist gut, und nichts ist verwerflich, was mit Danksagung empfangen wird;"},{"5":"denn es wird geheiligt durch das Wort Gottes und Gebet."},{"6":"Wenn du die Brüder und Schwestern dies lehrst, so wirst du ein guter Diener Christi Jesu sein, genährt durch die Worte des Glaubens und der guten Lehre, der du gefolgt bist."},{"7":"Die ungeistlichen Altweiberfabeln aber weise zurück; übe dich selbst aber in der Frömmigkeit!"},{"8":"Denn die leibliche Übung ist wenig nütze; aber die Frömmigkeit ist zu allen Dingen nütze und hat die Verheißung dieses und des zukünftigen Lebens."},{"9":"Das ist gewisslich wahr und wert, dass man es beherzigt."},{"10":"Denn dafür arbeiten und kämpfen wir, weil wir unsre Hoffnung auf den lebendigen Gott gesetzt haben, welcher ist der Heiland aller Menschen, besonders der Gläubigen."},{"11":"Dies gebiete und lehre."},{"12":"Niemand verachte dich wegen deiner Jugend; du aber sei den Gläubigen ein Vorbild im Wort, im Wandel, in der Liebe, im Glauben, in der Reinheit."},{"13":"Fahre fort mit Vorlesen, mit Ermahnen, mit Lehren, bis ich komme."},{"14":"Lass nicht außer Acht die Gabe in dir, die dir gegeben ist durch Weissagung mit Handauflegung des Rates der Ältesten."},{"15":"Dies lass deine Sorge sein, damit gehe um, auf dass dein Fortschreiten allen offenbar sei."},{"16":"Hab acht auf dich selbst und auf die Lehre; beharre in diesen Stücken! Denn wenn du das tust, wirst du dich selbst retten und die, die dich hören."}]