[{"1":"Und Joschafat hatte großen Reichtum und viel Ehre und verschwägerte sich mit Ahab."},{"2":"Und nach einigen Jahren zog er hinab zu Ahab nach Samaria. Und Ahab ließ für ihn und für das Volk, das bei ihm war, viele Schafe und Rinder schlachten. Und er beredete ihn, dass er hinaufzöge nach Ramot in Gilead."},{"3":"Ahab, der König von Israel, sprach zu Joschafat, dem König von Juda: Willst du mit mir nach Ramot in Gilead ziehen? Er sprach zu ihm: Ich bin wie du und mein Volk wie dein Volk; wir wollen mit dir in den Kampf."},{"4":"Aber Joschafat sprach zum König von Israel: Frage doch zuerst nach dem Wort des HERRN!"},{"5":"Und der König von Israel versammelte die Propheten, vierhundert Mann, und sprach zu ihnen: Sollen wir nach Ramot in Gilead in den Kampf ziehen oder soll ich's lassen? Sie sprachen: Zieh hinauf! Gott wird es in des Königs Hand geben."},{"6":"Joschafat aber sprach: Ist nicht noch irgendein Prophet des HERRN hier, dass wir durch ihn den Herrn befragen?"},{"7":"Der König von Israel sprach zu Joschafat: Es ist noch ein Mann hier, durch den man den HERRN befragen kann; aber ich bin ihm gram, denn er weissagt über mich nichts Gutes, sondern immer nur Böses, nämlich Micha, der Sohn Jimlas. Joschafat sprach: Der König rede so nicht."},{"8":"Und der König von Israel rief einen seiner Kämmerer und sprach: Bringe eilends her Micha, den Sohn Jimlas!"},{"9":"Und der König von Israel und Joschafat, der König von Juda, saßen ein jeder auf seinem Thron, mit ihren königlichen Kleidern angetan. Sie saßen aber auf dem Platz vor dem Tor von Samaria, und alle Propheten weissagten vor ihnen."},{"10":"Und Zidkija, der Sohn Kenaanas, machte sich eiserne Hörner und sprach: So spricht der HERR: Hiermit wirst du die Aramäer niederstoßen, bis du sie aufreibst."},{"11":"Und alle Propheten weissagten ebenso und sprachen: Zieh hinauf nach Ramot in Gilead! Es wird dir gelingen, der HERR wird es in des Königs Hand geben."},{"12":"Und der Bote, der hingegangen war, um Micha zu rufen, sprach zu ihm: Siehe, die Worte der Propheten sind einmütig gut für den König. Lass doch auch dein Wort wie ihr Wort sein und rede Gutes."},{"13":"Micha aber sprach: So wahr der HERR lebt: Was mein Gott sagen wird, das will ich reden."},{"14":"Und als er zum König kam, sprach der König zu ihm: Micha, sollen wir nach Ramot in Gilead in den Kampf ziehen oder soll ich's lassen? Er sprach: Ja, zieht hinauf! Es wird euch gelingen, sie werden in eure Hände gegeben werden."},{"15":"Aber der König sprach zu ihm: Wie oft soll ich dich beschwören, dass du mir im Namen des HERRN nichts als die Wahrheit sagst!"},{"16":"Da sprach er: Ich sah ganz Israel zerstreut auf den Bergen wie Schafe, die keinen Hirten haben. Und der HERR sprach: Diese haben keinen Herrn. Ein jeder kehre wieder heim mit Frieden!"},{"17":"Da sprach der König von Israel zu Joschafat: Sagte ich dir nicht: Er weissagt nichts Gutes über mich, sondern nur Böses?"},{"18":"Micha aber sprach: Darum höret des HERRN Wort! Ich sah den HERRN sitzen auf seinem Thron, und das ganze himmlische Heer stand zu seiner Rechten und zu seiner Linken."},{"19":"Und der HERR sprach: Wer will Ahab, den König von Israel, betören, dass er hinaufziehe und falle bei Ramot in Gilead? Und als dieser so und jener anders redete,"},{"20":"trat der Geist vor und stellte sich vor den HERRN und sprach: Ich will ihn betören. Der HERR aber sprach zu ihm: Womit?"},{"21":"Er sprach: Ich will ausfahren und ein Lügengeist sein in aller seiner Propheten Mund. Und der Herr sprach: Du wirst ihn betören und wirst es ausrichten; fahr hin und tu das!"},{"22":"Nun siehe, der HERR hat einen Lügengeist in den Mund dieser deiner Propheten gegeben, und der HERR hat Unheil gegen dich geredet."},{"23":"Da trat herzu Zidkija, der Sohn Kenaanas, und schlug Micha auf die Backe und sprach: Auf welchem Wege sollte der Geist des HERRN von mir gewichen sein, um nun durch dich zu reden?"},{"24":"Micha sprach: Wahrlich, an jenem Tage wirst du's sehen, wenn du von einer Kammer in die andere gehst, um dich zu verstecken."},{"25":"Aber der König von Israel sprach: Nehmt Micha und bringt ihn zu Amon, dem Stadthauptmann, und zu Joasch, dem Sohn des Königs,"},{"26":"und sagt: So spricht der König: Legt diesen ins Gefängnis und speist ihn nur kärglich mit Brot und Wasser, bis ich wiederkomme mit Frieden!"},{"27":"Micha sprach: Kommst du mit Frieden wieder, so hat der HERR nicht durch mich geredet. Und er sprach: Höret, alle Völker!"},{"28":"So zogen der König von Israel und Joschafat, der König von Juda, hinauf nach Ramot in Gilead."},{"29":"Und der König von Israel sprach zu Joschafat: Ich will mich verkleiden und in den Kampf ziehen, du aber behalte deine königlichen Kleider an! Und der König von Israel verkleidete sich, und sie zogen in den Kampf."},{"30":"Aber der König von Aram hatte den Obersten über seine Wagen geboten: Ihr sollt nicht kämpfen, weder gegen Klein noch gegen Groß, sondern allein gegen den König von Israel."},{"31":"Als nun die Obersten der Wagen Joschafat sahen, dachten sie, es sei der König von Israel, und umringten ihn, um gegen ihn zu kämpfen. Aber Joschafat schrie und der HERR half ihm und Gott lockte sie von ihm weg."},{"32":"Denn als die Obersten der Wagen merkten, dass er nicht der König von Israel war, wandten sie sich von ihm ab."},{"33":"Es spannte aber ein Mann seinen Bogen von ungefähr und schoss den König von Israel zwischen Panzer und Wehrgehänge. Da sprach er zu seinem Wagenlenker: Wende um und führe mich aus dem Kampf; denn ich bin verwundet!"},{"34":"Aber der Kampf nahm immer mehr zu an jenem Tage, und der König von Israel blieb in seinem Wagen stehen gegenüber den Aramäern bis zum Abend; und er starb, als die Sonne unterging."}]