[{"1":"Also wurde alle Arbeit vollbracht, die Salomo am Hause des HERRN tat. Und Salomo brachte hinein alles, was sein Vater David geheiligt hatte, und legte das Silber und Gold und alle Geräte in den Schatz im Hause Gottes."},{"2":"Da versammelte Salomo alle Ältesten Israels, alle Häupter der Stämme und die Fürsten der Sippen Israels in Jerusalem, damit sie die Lade des Bundes des HERRN hinaufbrächten aus der Stadt Davids, das ist Zion."},{"3":"Und es versammelten sich beim König alle Männer Israels zum Fest, das im siebenten Monat ist."},{"4":"Und es kamen alle Ältesten Israels, und die Leviten hoben die Lade auf"},{"5":"und brachten sie hinauf samt der Stiftshütte und allem heiligen Gerät, das in der Stiftshütte war; es brachten sie hinauf die Priester und Leviten."},{"6":"Aber der König Salomo und die ganze Gemeinde Israel, die bei ihm vor der Lade versammelt war, opferten Schafe und Rinder, so viel, dass es niemand zählen noch berechnen konnte."},{"7":"So brachten die Priester die Lade des Bundes des HERRN an ihre Stätte, in den innersten Raum des Hauses, in das Allerheiligste, unter die Flügel der Cherubim,"},{"8":"dass die Cherubim ihre Flügel ausbreiteten über die Stätte der Lade. Und die Cherubim bedeckten die Lade und ihre Stangen von oben her."},{"9":"Die Stangen aber waren so lang, dass man ihre Enden vor dem Allerheiligsten sah, aber von außen sah man sie nicht. Und sie war dort bis auf diesen Tag."},{"10":"Und es war nichts in der Lade außer den zwei Tafeln, die Mose am Horeb hineingelegt hatte, die Tafeln des Bundes, den der HERR mit Israel geschlossen hatte, als sie aus Ägypten zogen."},{"11":"Und die Priester gingen heraus aus dem Heiligtum – denn alle Priester, die sich eingefunden hatten, hatten sich geheiligt, ohne dass man auf die Abteilungen geachtet hätte –,"},{"12":"und alle Leviten, die Sänger waren, nämlich Asaf, Heman und Jedutun und ihre Söhne und Brüder, angetan mit feiner Leinwand, standen östlich vom Altar mit Zimbeln, Psaltern und Harfen und bei ihnen hundertzwanzig Priester, die mit Trompeten bliesen."},{"13":"Und es war, als wäre es einer, der trompetete und sänge, als hörte man eine Stimme loben und danken dem HERRN. Und als sich die Stimme der Trompeten, Zimbeln und Saitenspiele erhob und man den HERRN lobte: »Er ist gütig, und seine Barmherzigkeit währt ewig«, da wurde das Haus erfüllt mit einer Wolke, als das Haus des HERRN,"},{"14":"sodass die Priester nicht zum Dienst hinzutreten konnten wegen der Wolke; denn die Herrlichkeit des HERRN erfüllte das Haus Gottes."}]