[{"1":"Und Salomo fing an, das Haus des HERRN zu bauen in Jerusalem auf dem Berge Morija, wo der HERR seinem Vater David erschienen war, an der Stätte, die David auf der Tenne Araunas, des Jebusiters, zubereitet hatte."},{"2":"Im zweiten Monat am zweiten Tage im vierten Jahr seiner Königsherrschaft fing er an zu bauen."},{"3":"Und dies sind die Maße, nach denen Salomo das Haus Gottes baute: die Länge sechzig Ellen nach altem Maß, die Breite zwanzig Ellen."},{"4":"Und die Vorhalle, die sich davor befand, war nach der Breite des Hauses zwanzig Ellen lang, die Höhe aber war hundertzwanzig Ellen, und er überzog sie innen mit lauterem Gold."},{"5":"Das große Tempelhaus aber täfelte er mit Zypressenholz und überzog sie mit dem besten Gold und brachte darauf Palmen und Blumenwerk an."},{"6":"Und er schmückte das Haus mit edlen Steinen zur Zierde, das Gold aber war Parwajim-Gold."},{"7":"Und er überzog das Haus, die Balken und die Schwellen samt ihren Wänden und Türen mit Gold und ließ auf die Wände Cherubim schnitzen."},{"8":"Er machte auch das Haus des Allerheiligsten. Dessen Länge war zwanzig Ellen nach der Breite des Baues, und seine Breite war auch zwanzig Ellen, und er überzog es mit dem besten Gold, an sechshundert Zentner;"},{"9":"und er gab auch für die Nägel fünfzig Schekel Gold an Gewicht und überzog die Obergemächer mit Gold."},{"10":"Er machte auch im Raum des Allerheiligsten zwei Cherubim, kunstreiche Bildwerke, und überzog sie mit Gold."},{"11":"Und die Länge der Flügel der Cherubim war zwanzig Ellen, sodass ein Flügel fünf Ellen hatte und die Wand des Hauses berührte und der andere Flügel auch fünf Ellen hatte und den Flügel des andern Cherubs berührte."},{"12":"So hatte auch der eine Flügel des andern Cherubs fünf Ellen und berührte die Wand des Hauses, und sein anderer Flügel hatte auch fünf Ellen und berührte den Flügel des andern Cherubs,"},{"13":"sodass diese Flügel der Cherubim zwanzig Ellen weit ausgebreitet waren. Und sie standen auf ihren Füßen, und ihr Antlitz war dem Haus zugewandt."},{"14":"Er machte auch einen Vorhang von blauem und rotem Purpur, von Karmesin und feiner Leinwand und brachte Cherubim darauf an."},{"15":"Und er machte vor dem Hause zwei Säulen, fünfunddreißig Ellen hoch, und den Knauf oben darauf fünf Ellen"},{"16":"und machte Ketten zum Gitterwerk und tat sie oben an die Säulen und machte hundert Granatäpfel und tat sie an die Ketten"},{"17":"und richtete die Säulen auf vor dem Tempel, eine zur Rechten und die andere zur Linken, und nannte die zur Rechten Jachin und die zur Linken Boas."}]