[{"1":"Und als Salomo sein Gebet vollendet hatte, fiel Feuer vom Himmel und verzehrte das Brandopfer und die Schlachtopfer, und die Herrlichkeit des HERRN erfüllte das Haus,"},{"2":"sodass die Priester nicht ins Haus des HERRN hineingehen konnten, weil die Herrlichkeit des HERRN das Haus des HERRN füllte."},{"3":"Und alle Israeliten sahen das Feuer herabfallen und die Herrlichkeit des HERRN über dem Hause, und sie fielen auf ihre Knie mit dem Antlitz zur Erde aufs Pflaster und beteten an und dankten dem HERRN, dass er gütig ist und seine Barmherzigkeit ewiglich währt."},{"4":"Der König aber und das ganze Volk opferten vor dem HERRN;"},{"5":"zweiundzwanzigtausend Rinder und hundertzwanzigtausend Schafe opferte der König Salomo. Und so weihten sie das Haus Gottes ein, der König und das ganze Volk."},{"6":"Die Priester aber taten ihren Dienst, ebenso die Leviten mit den Saitenspielen des HERRN, die der König David hatte machen lassen, dem HERRN zu danken, dass seine Barmherzigkeit ewiglich währt, mit dem Lobgesang Davids, den sie sangen. Und die Priester bliesen Trompeten ihnen gegenüber, und ganz Israel stand."},{"7":"Und Salomo weihte die Mitte des Vorhofes, der vor dem Hause des HERRN war; denn er hatte dort Brandopfer und das Fett der Dankopfer dargebracht. Denn der bronzene Altar, den Salomo hatte machen lassen, konnte nicht alle Brandopfer, Speisopfer und das Fett fassen."},{"8":"Und Salomo hielt damals das Fest sieben Tage lang und ganz Israel mit ihm, eine sehr große Gemeinde, von dort, wo es nach Hamat geht, bis an den Bach Ägyptens."},{"9":"Am achten Tage aber hielten sie eine Versammlung; denn die Einweihung des Altars hielten sie sieben Tage und das Fest auch sieben Tage."},{"10":"Aber am dreiundzwanzigsten Tage des siebenten Monats entließ er das Volk zu ihren Zelten, fröhlich und guten Mutes über all das Gute, das der HERR an David, Salomo und seinem Volk Israel getan hatte."},{"11":"So vollendete Salomo das Haus des HERRN und das Haus des Königs. Und es gelang ihm, alles, was ihm in den Sinn gekommen war, am Hause des HERRN und an seinem Hause auszuführen."},{"12":"Und der HERR erschien Salomo des Nachts und sprach zu ihm: Ich habe dein Gebet erhört und diese Stätte mir zum Opferhaus erwählt."},{"13":"Siehe, wenn ich den Himmel verschließe, dass es nicht regnet, oder die Heuschrecken das Land fressen oder eine Pest unter mein Volk kommen lasse"},{"14":"und dann mein Volk, über das mein Name genannt ist, sich demütigt, dass sie beten und mein Angesicht suchen und sich von ihren bösen Wegen bekehren, so will ich vom Himmel her hören und ihre Sünde vergeben und ihr Land heilen."},{"15":"So sollen nun meine Augen offen sein und meine Ohren aufmerken auf das Gebet an dieser Stätte."},{"16":"So habe ich nun dies Haus erwählt und geheiligt, dass mein Name dort sein soll ewiglich, und meine Augen und mein Herz sollen dort sein allezeit."},{"17":"Und wenn du vor mir wandelst, wie dein Vater David gewandelt ist, dass du alles tust, was ich dich heiße, und meine Gebote und Rechte hältst,"},{"18":"so will ich den Thron deines Königtums bestätigen, wie ich mich deinem Vater David verbunden habe und gesagt: Es soll dir nicht fehlen an einem Mann, der über Israel Herr sei."},{"19":"Werdet ihr euch aber abkehren und meine Rechte und Gebote, die ich euch vorgelegt habe, verlassen und hingehen und andern Göttern dienen und sie anbeten,"},{"20":"so werde ich Israel ausreißen aus meinem Lande, das ich ihnen gegeben habe, und dies Haus, das ich meinem Namen geheiligt habe, werde ich von meinem Angesicht verwerfen und werde es zum Sprichwort machen und zum Spott unter allen Völkern."},{"21":"Und vor diesem Hause, das so hoch erhoben wurde, werden sich entsetzen alle, die vorübergehen, und sagen: Warum ist der HERR mit diesem Lande und mit diesem Hause so verfahren?"},{"22":"Und man wird sagen: Weil sie den HERRN, den Gott ihrer Väter, verlassen haben, der sie aus Ägyptenland geführt hat, und sie sich an andere Götter gehängt und sie angebetet und ihnen gedient haben, darum hat er all dies Unheil über sie gebracht."}]