[{"1":"Fünfundzwanzig Jahre alt war Amazja, als er König wurde; und er regierte neunundzwanzig Jahre zu Jerusalem. Seine Mutter hieß Joaddan, aus Jerusalem."},{"2":"Und er tat, was dem HERRN wohlgefiel, doch nicht von ganzem Herzen."},{"3":"Als er nun das Königtum fest in der Hand hatte, tötete er seine Großen, die den König, seinen Vater, erschlagen hatten."},{"4":"Aber ihre Söhne tötete er nicht; denn so steht es geschrieben im Gesetz, im Buch des Mose, wo der HERR gebietet: Die Väter sollen nicht sterben für die Kinder und die Kinder nicht für die Väter, sondern ein jeder soll nur um seiner Sünde willen sterben."},{"5":"Und Amazja bot Juda auf und ordnete sie, ganz Juda und Benjamin, nach ihren Sippen unter die Obersten über Tausend und unter die Hauptleute über Hundert und musterte sie von zwanzig Jahren an und darüber, und es fanden sich dreihunderttausend auserlesene Leute, die in den Krieg ziehen und Spieß und Schild führen konnten."},{"6":"Dazu warb er aus Israel hunderttausend Kriegsleute für hundert Zentner Silber."},{"7":"Es kam aber ein Mann Gottes zu ihm und sprach: König, lass nicht das Heer Israels mit dir ziehen, denn der HERR ist nicht mit Israel, mit allen Ephraimitern;"},{"8":"sondern zieh du allein in den Kampf; tu's und sei stark! Sollte Gott dich fallen lassen vor dem Feind? Denn bei Gott steht die Kraft zu helfen und fallen zu lassen."},{"9":"Amazja sprach zu dem Mann Gottes: Was soll man dann tun mit den hundert Zentnern, die ich den Kriegsleuten aus Israel gegeben habe? Der Mann Gottes sprach: Es steht beim HERRN, dir mehr zu geben als dies."},{"10":"Da sonderte Amazja die Kriegsleute ab, die zu ihm aus Ephraim gekommen waren, dass sie wieder heimkehrten. Da entbrannte ihr Zorn sehr gegen Juda, und sie zogen zurück an ihren Ort mit grimmigem Zorn."},{"11":"Und Amazja ward getrost und führte sein Volk aus und zog ins Salztal und schlug die Männer von Seïr, zehntausend."},{"12":"Und die Judäer fingen zehntausend von ihnen lebendig; die führten sie auf die Spitze eines Felsens und stürzten sie von der Spitze des Felsens, dass sie alle zerschellten."},{"13":"Aber die Kriegsleute, die Amazja hatte ziehen lassen, dass sie nicht mit seinem Volk in den Kampf zögen, fielen in die Städte Judas ein von Samaria bis nach Bet-Horon und erschlugen dreitausend Mann von ihnen und gewannen viel Beute."},{"14":"Und als Amazja vom Sieg über die Edomiter wiederkam, brachte er die Götter der Leute von Seïr mit und stellte sie sich als Götter auf und betete sie an und räucherte ihnen."},{"15":"Da entbrannte der Zorn des HERRN über Amazja, und er sandte einen Propheten zu ihm. Der sprach zu ihm: Warum suchst du die Götter des Volks, die ihr Volk nicht aus deiner Hand erretten konnten?"},{"16":"Und als er so mit ihm redete, sprach der König zu ihm: Hat man dich zu des Königs Ratgeber gemacht? Höre auf! Warum willst du getötet werden? Da hörte der Prophet auf und sprach: Ich merke wohl, dass Gott beschlossen hat, dich zu verderben, weil du solches getan und auf meinen Rat nicht gehört hast."},{"17":"Und Amazja, der König von Juda, entschloss sich hinzusenden zu Joasch, dem Sohn des Joahas, des Sohnes Jehus, dem König von Israel, und ließ ihm sagen: Komm, wir wollen uns miteinander messen!"},{"18":"Aber Joasch, der König von Israel, sandte zu Amazja, dem König von Juda, und antwortete ihm: Der Dornstrauch im Libanon sandte zur Zeder im Libanon und ließ ihr sagen: Gib deine Tochter meinem Sohn zur Frau! Aber das Wild im Libanon lief über den Dornstrauch und zertrat ihn."},{"19":"Du denkst: Siehe, ich habe die Edomiter geschlagen. Darüber erhebt sich dein Herz und du suchst noch mehr Ruhm. Bleib doch daheim. Warum suchst du dein Unglück, dass du zu Fall kommst und Juda mit dir?"},{"20":"Aber Amazja hörte nicht darauf; denn es geschah von Gott, dass sie dahingegeben würden, weil sie die Götter der Edomiter gesucht hatten."},{"21":"Da zog Joasch, der König von Israel, herauf, und sie maßen sich miteinander, er und Amazja, der König von Juda, bei Bet-Schemesch, das in Juda liegt."},{"22":"Aber Juda wurde vor Israel her geschlagen, und sie flohen, ein jeder zu seinen Zelten."},{"23":"Aber Amazja, den Sohn des Joasch, den König von Juda, nahm Joasch, der Sohn des Joahas, der König von Israel, bei Bet-Schemesch gefangen und brachte ihn nach Jerusalem und riss die Mauer von Jerusalem ein vom Tor Ephraim bis an das Ecktor, vierhundert Ellen lang."},{"24":"Und alles Gold und Silber und alle Geräte, die im Hause Gottes unter der Obhut von Obed-Edom vorhanden waren, und die Schätze im Hause des Königs und die Geiseln nahm er mit sich nach Samaria."},{"25":"Und Amazja, der Sohn des Joasch, der König von Juda, lebte nach dem Tode des Joasch, des Sohnes des Joahas, des Königs von Israel, noch fünfzehn Jahre."},{"26":"Was aber mehr von Amazja zu sagen ist, das Frühere und das Spätere, siehe, das steht geschrieben im Buch der Könige von Juda und Israel."},{"27":"Und von der Zeit an, da Amazja von dem HERRN wich, machten sie eine Verschwörung gegen ihn in Jerusalem. Er aber floh nach Lachisch. Da sandten sie hinter ihm her nach Lachisch und töteten ihn dort."},{"28":"Und sie brachten ihn auf Rossen und begruben ihn bei seinen Vätern in der Stadt Judas."}]