[{"1":"Und da dies alles vollendet war, zog ganz Israel, alle, die sich eingefunden hatten, in die Städte Judas, und sie zerbrachen die Steinmale und hieben die Ascheren um und brachen ab die Opferhöhen und Altäre in ganz Juda, Benjamin, Ephraim und Manasse, bis alles vernichtet war. Und die Israeliten zogen alle wieder heim zu ihrem Besitz in ihre Städte."},{"2":"Hiskia aber stellte die Priester und Leviten nach ihren Abteilungen auf, einen jeden nach seinem Amt, Priester und Leviten, für die Brandopfer und Dankopfer, dass sie dienten, dankten und lobten in den Toren des Lagers des HERRN."},{"3":"Und der König gab von seiner Habe seinen Anteil für die Brandopfer am Morgen und am Abend und für die Brandopfer an den Sabbaten und an den Neumonden und Festen, wie es geschrieben steht im Gesetz des HERRN."},{"4":"Und er sagte dem Volk, das in Jerusalem wohnte, dass auch sie ihr Teil den Priestern und Leviten geben sollten, damit diese am Gesetz des HERRN festhalten könnten."},{"5":"Und da das Wort sich ausbreitete, gaben die Israeliten reichlich die Erstlinge von Getreide, Wein, Öl, Honig und allem Ertrag des Feldes; und auch den Zehnten von allem brachten sie in Menge."},{"6":"Und die Israeliten und Judäer, die in den Städten Judas wohnten, brachten auch den Zehnten von Rindern und Schafen und den Zehnten von den heiligen Gaben, die sie dem HERRN, ihrem Gott, geweiht hatten, und legten es in Haufen zusammen."},{"7":"Im dritten Monat fingen sie an es aufzuhäufen, und im siebenten Monat waren sie fertig."},{"8":"Und als Hiskia mit den Oberen hinging und sie die Haufen sahen, lobten sie den HERRN und sein Volk Israel."},{"9":"Und Hiskia befragte die Priester und Leviten wegen der Haufen."},{"10":"Und der Priester Asarja, der Erste im Hause Zadok, sprach zu ihm: Seit der Zeit, da man angefangen hat, die Abgaben ins Haus des HERRN zu bringen, haben wir gegessen und sind satt geworden, und es ist noch viel übrig geblieben; denn der HERR hat sein Volk gesegnet, darum ist diese Menge übrig geblieben."},{"11":"Da befahl der König, dass man Kammern herrichten sollte am Hause des HERRN. Und sie richteten sie her"},{"12":"und taten die Abgaben, die Zehnten und die heiligen Gaben getreu hinein. Und Vorsteher darüber wurde der Levit Konanja und als zweiter sein Bruder Schimi."},{"13":"Und Jehiël, Asasja, Nahat, Asaël, Jerimot, Josabad, Eliël, Jismachja, Mahat und Benaja wurden Aufseher unter Konanja und seinem Bruder Schimi nach dem Befehl des Königs Hiskia und Asarjas, des Vorstehers im Hause Gottes."},{"14":"Und der Levit Kore, der Sohn Jimnas, der Torhüter am Osttor, wurde über die freiwilligen Gaben für Gott gesetzt, dass er die Abgaben für den HERRN und das Hochheilige verteile."},{"15":"Und ihm treu zur Seite standen Eden, Minjamin, Jeschua, Schemaja, Amarja und Schechanja in den Städten der Priester, um ihren Brüdern nach ihren Abteilungen auszuteilen, dem Kleinen wie dem Großen,"},{"16":"allen denen, die aufgezeichnet waren als männlich, drei Jahre alt und darüber, allen, die in das Haus des HERRN gingen, je an ihrem Tage zu ihrem Amt in ihrem Dienst nach ihren Abteilungen. –"},{"17":"Die Priester waren aufgezeichnet nach ihren Sippen und die Leviten von zwanzig Jahren an und darüber nach ihrem Dienst in ihren Abteilungen. –"},{"18":"Und man zeichnete sie auf mit allen Alten, Frauen, Söhnen und Töchtern für die ganze Gemeinde; denn in ihrer Treue heiligten sie sich."},{"19":"Auch waren Männer namentlich bestellt für die Söhne Aaron, die Priester, in dem Gebiet ihrer Städte, für jede Stadt, dass sie Anteile ausgäben allem, was männlich war unter den Priestern, und allen, die als Leviten aufgezeichnet waren."},{"20":"So tat Hiskia in ganz Juda; er tat, was gut, recht und wahrhaftig war vor dem HERRN, seinem Gott."},{"21":"Und alles, was er anfing für den Dienst des Hauses Gottes nach dem Gesetz und Gebot, seinen Gott zu suchen, tat er von ganzem Herzen, und es gelang ihm."}]