[{"1":"Aber im siebenten Jahr fasste Jojada Mut und verbündete sich mit den Hauptleuten über Hundert, nämlich mit Asarja, dem Sohn Jerohams, Jischmael, dem Sohn Johanans, Asarja, dem Sohn Obeds, Maaseja, dem Sohn Adajas, und Elischafat, dem Sohn Sichris."},{"2":"Die zogen umher in Juda und brachten die Leviten aus allen Städten Judas zusammen und die Häupter der Sippen in Israel, dass sie nach Jerusalem kämen."},{"3":"Und die ganze Gemeinde schloss einen Bund im Hause Gottes mit dem König. Und Jojada sprach zu ihnen: Siehe, des Königs Sohn soll König sein, wie der HERR den Söhnen David zugesagt hat."},{"4":"So sollt ihr nun tun: Ein Drittel von euch, den Priestern und Leviten, die am Sabbat ihren Dienst antreten, sollen Torhüter sein an den Schwellen,"},{"5":"und ein Drittel im Hause des Königs und ein Drittel am Grundtor; aber alles Volk soll in den Vorhöfen am Hause des HERRN sein."},{"6":"Und dass niemand in das Haus des HERRN gehe! Nur die Priester und die Leviten, die Dienst tun, die sollen hineingehen, denn sie sind heilig; und alles Volk tue nach dem Gebot des HERRN."},{"7":"Und die Leviten sollen sich rings um den König herumstellen, ein jeder mit seiner Waffe in der Hand. Und wer in das Haus des Herrn geht, der sei des Todes! Und sie sollen um den König sein, wenn er aus und ein geht."},{"8":"Und die Leviten und ganz Juda taten, wie der Priester Jojada geboten hatte, und ein jeder nahm seine Leute, die am Sabbat antraten, samt denen, die am Sabbat abtraten. Denn der Priester Jojada ließ die Abteilungen nicht auseinandergehen."},{"9":"Und der Priester Jojada gab den Hauptleuten über Hundert die Spieße und Köcher und Waffen des Königs David, die im Hause Gottes waren,"},{"10":"und stellte alles Volk auf, einen jeden mit seiner Waffe in der Hand, rings um den König, von der Südseite des Hauses bis zu seiner Nordseite vor dem Altar und dem Hause."},{"11":"Und sie führten den Sohn des Königs heraus und setzten ihm die Krone auf und gaben ihm die Ordnung und machten ihn zum König. Und Jojada und seine Söhne salbten ihn und sprachen: Es lebe der König!"},{"12":"Als aber Atalja das Geschrei des Volks hörte, das herzulief und den König umjubelte, ging sie zum Volk in das Haus des HERRN."},{"13":"Und sie sah, und siehe, der König stand an seiner Stätte im Eingang und die Oberen und die Trompeter um den König, und alles Volk des Landes war fröhlich, und man blies die Trompeten, und die Sänger mit allerlei Saitenspiel standen da und gaben das Zeichen zum Jubel. Da zerriss Atalja ihre Kleider und rief: Aufruhr, Aufruhr!"},{"14":"Aber der Priester Jojada gebot den Hauptleuten über Hundert, die über das Heer gesetzt waren: Führt sie zwischen den Reihen hinaus, und wer ihr nachfolgt, den soll man mit dem Schwert töten! Denn der Priester hatte befohlen, man sollte sie nicht töten im Hause des HERRN."},{"15":"Und sie legten die Hände an sie, und als sie zum Eingang des Rosstors kam am Hause des Königs, töteten sie sie dort."},{"16":"Und Jojada schloss einen Bund zwischen sich, dem ganzen Volk und dem König, dass sie des HERRN Volk sein sollten."},{"17":"Da ging das ganze Volk in das Haus Baals und brach es ab, und seine Altäre und Bilder zerbrachen sie und töteten Mattan, den Priester Baals, vor den Altären."},{"18":"Und Jojada bestellte die Ämter am Hause des HERRN aus den Priestern und den Leviten, die David für das Haus des HERRN verordnet hatte, dem HERRN Brandopfer zu bringen, wie es geschrieben steht im Gesetz des Mose, mit Freuden und mit Liedern, nach Davids Weisung,"},{"19":"und er stellte Torhüter an die Tore am Hause des HERRN, dass niemand hineinkäme, der sich an irgendetwas unrein gemacht hatte."},{"20":"Und er nahm die Hauptleute über Hundert und die Mächtigen und die Herren im Volk und alles Volk des Landes und führte den König vom Hause des HERRN hinab; und sie zogen durch das obere Tor in das Haus des Königs und ließen den König sich auf den königlichen Thron setzen."},{"21":"Und alles Volk des Landes war fröhlich, aber die Stadt blieb still. Atalja aber hatte man mit dem Schwert erschlagen."}]