[{"1":"Manasse war zwölf Jahre alt, als er König wurde; und er regierte fünfundfünfzig Jahre zu Jerusalem"},{"2":"und tat, was dem HERRN missfiel, nach den gräulichen Sitten der Heiden, die der HERR vor den Israeliten vertrieben hatte."},{"3":"Er baute die Opferhöhen wieder auf, die sein Vater Hiskia zerstört hatte, und errichtete den Baalen Altäre und machte Ascheren und betete das ganze Heer des Himmels an und diente ihnen."},{"4":"Er baute auch Altäre im Hause des HERRN, von dem doch der HERR gesagt hatte: Zu Jerusalem soll mein Name sein ewiglich,"},{"5":"und baute Altäre dem ganzen Heer des Himmels in beiden Vorhöfen am Hause des HERRN."},{"6":"Und er ließ seine Söhne durchs Feuer gehen im Tal Ben-Hinnom und trieb Zeichendeuterei und Wahrsagerei und Zauberei und beschwor Tote und weissagte. So tat er viel, was dem HERRN missfiel, um ihn zu erzürnen."},{"7":"Er stellte auch das Bild des Götzen, das er machen ließ, ins Haus Gottes, von dem Gott zu David gesagt hatte und zu seinem Sohn Salomo: In diesem Hause zu Jerusalem, das ich erwählt habe vor allen Stämmen Israels, will ich meinen Namen wohnen lassen ewiglich"},{"8":"und will nicht mehr den Fuß Israels weichen lassen von dem Lande, das ich ihren Vätern bestimmt habe, sofern sie alles halten, was ich ihnen durch Mose geboten habe, nach dem ganzen Gesetz, den Geboten und Rechten."},{"9":"Aber Manasse verführte Juda und die Einwohner von Jerusalem, dass sie es ärger trieben als die Völker, die der HERR vor den Israeliten vertilgt hatte."},{"10":"Und wenn der HERR zu Manasse und seinem Volk reden ließ, merkten sie nicht darauf."},{"11":"Darum ließ der HERR über sie kommen die Obersten des Heeres des Königs von Assur; die nahmen Manasse gefangen mit Fesseln und legten ihn in Ketten und brachten ihn nach Babel."},{"12":"Und als er in Angst war, flehte er zu dem HERRN, seinem Gott, und demütigte sich vor dem Gott seiner Väter."},{"13":"Und als er bat, ließ sich der HERR erbitten und erhörte sein Flehen und brachte ihn wieder als König nach Jerusalem zurück. Da erkannte Manasse, dass der HERR Gott ist."},{"14":"Danach baute er die äußere Mauer an der Stadt Davids westwärts vom Gihon im Tal und wo man zum Fischtor hineingeht und führte sie um den Ofel und machte sie sehr hoch. Und er legte Hauptleute in alle festen Städte Judas."},{"15":"Er entfernte die fremden Götter und den Götzen aus dem Hause des HERRN und alle Altäre, die er gebaut hatte auf dem Berge des Hauses des HERRN und in Jerusalem, und warf sie hinaus vor die Stadt."},{"16":"Und er stellte den Altar des HERRN wieder her und opferte darauf Dankopfer und Lobopfer und befahl Juda, dass sie dem HERRN, dem Gott Israels, dienen sollten."},{"17":"Aber das Volk opferte noch auf den Höhen, jedoch dem HERRN, ihrem Gott."},{"18":"Was aber mehr von Manasse zu sagen ist und sein Gebet zu seinem Gott und die Reden der Seher, die zu ihm redeten im Namen des HERRN, des Gottes Israels, siehe, das steht in den Geschichten der Könige von Israel."},{"19":"Und sein Gebet und wie der HERR ihn erhörte und alle seine Sünde und Missetat und die Stätten, wo er die Opferhöhen baute und die Ascheren und Götzenbilder aufstellte, ehe er sich demütigte, siehe, das steht geschrieben in den Geschichten der Seher."},{"20":"Und Manasse legte sich zu seinen Vätern, und sie begruben ihn in seinem Hause. Und sein Sohn Amon wurde König an seiner statt."},{"21":"Zweiundzwanzig Jahre alt war Amon, als er König wurde; und er regierte zwei Jahre zu Jerusalem"},{"22":"und tat, was dem HERRN missfiel, wie sein Vater Manasse getan hatte. Und Amon opferte allen Götzen, die sein Vater Manasse gemacht hatte, und diente ihnen."},{"23":"Aber er demütigte sich nicht vor dem HERRN, wie sich sein Vater Manasse gedemütigt hatte, sondern häufte noch mehr Schuld auf."},{"24":"Und seine Großen machten eine Verschwörung gegen ihn und töteten ihn in seinem Hause."},{"25":"Da erschlug das Volk des Landes alle, die die Verschwörung gegen den König Amon gemacht hatten. Und das Volk des Landes machte seinen Sohn Josia zum König an seiner statt."}]