[{"1":"Und Salomo zählte 70000 ab, die Lasten tragen, und 80000, die im Gebirge Steine hauen sollten, und 3600 Aufseher über sie."},{"2":"Und Salomo sandte zu Hiram, dem König von Tyrus, und ließ ihm sagen: Wie du mit meinem Vater David tatest und ihm Zedern sandtest, dass er sich ein Haus baute, in dem er wohnte, –"},{"3":"siehe, ich will dem Namen des HERRN, meines Gottes, ein Haus bauen, das ihm geheiligt werde, um gutes Räucherwerk vor ihm zu räuchern und ständig Schaubrote zuzurichten und Brandopfer am Morgen und am Abend, an den Sabbaten und Neumonden und an den Festen des HERRN, unseres Gottes, wie es allezeit für Israel gilt."},{"4":"Und das Haus, das ich bauen will, soll groß sein; denn unser Gott ist größer als alle Götter."},{"5":"Aber wer vermag es, ihm ein Haus zu bauen? Denn der Himmel und aller Himmel Himmel können ihn nicht fassen. Wer bin ich denn, dass ich ihm ein Haus baue, es sei denn, um vor ihm zu opfern?"},{"6":"So sende mir nun einen weisen Mann, der mit Gold, Silber, Bronze, Eisen, rotem Purpur, Karmesin und blauem Purpur arbeiten kann und der Bildwerk zu schnitzen versteht zusammen mit den Weisen, die bei mir in Juda und Jerusalem sind und die mein Vater David bestellt hat."},{"7":"Und sende mir Zedern-, Zypressen- und Sandelholz vom Libanon; denn ich weiß, dass deine Knechte das Holz des Libanon zu hauen wissen. Und siehe, meine Leute sollen mit deinen Leuten sein,"},{"8":"dass man mir viel Holz zubereite; denn das Haus, das ich bauen will, soll groß und wunderbar sein."},{"9":"Und siehe, ich will den Holzhauern, deinen Knechten, die das Holz behauen, 200000 Scheffel Weizen und 200000 Scheffel Gerste und 20000 Eimer Wein und 20000 Eimer Öl geben."},{"10":"Da antwortete Hiram, der König von Tyrus, in einem Brief und sandte zu Salomo: Da der HERR sein Volk liebt, hat er dich zum König über sie gemacht."},{"11":"Und Hiram schrieb weiter: Gelobt sei der HERR, der Gott Israels, der Himmel und Erde gemacht hat, dass er dem König David einen weisen, klugen und verständigen Sohn gegeben hat, der dem HERRN ein Haus bauen will und auch ein Haus für seine Königsherrschaft!"},{"12":"So sende ich nun einen weisen und verständigen Mann, Hiram, meinen Berater;"},{"13":"er ist der Sohn einer Frau von den Töchtern Dan, und sein Vater ist ein Tyrer gewesen. Der versteht zu arbeiten mit Gold, Silber, Bronze, Eisen, Steinen, Holz, rotem und blauem Purpur, feiner Leinwand und Karmesin, und Bildwerk zu schnitzen und alles, was man ihm aufgibt, kunstreich zu machen mit deinen Weisen und mit den Weisen meines Herrn, des Königs David, deines Vaters."},{"14":"So sende nun mein Herr seinen Knechten, wie er gesagt hat, Weizen, Gerste, Öl und Wein,"},{"15":"so wollen wir das Holz hauen auf dem Libanon, soviel du bedarfst, und wollen es auf Flößen übers Meer nach Jafo bringen. Von da musst du es hinauf nach Jerusalem schaffen."},{"16":"Und Salomo zählte alle Fremdlinge im Lande Israel, nachdem schon sein Vater David sie gezählt hatte, und es fanden sich 153600."},{"17":"Und er machte von ihnen 70000 zu Trägern und 80000 zu Steinhauern im Gebirge und 3600 zu Aufsehern, die die Leute zum Dienst anhielten."}]