[{"1":"Und Asa tat, was recht war und dem HERRN, seinem Gott, wohlgefiel,"},{"2":"und entfernte die fremden Altäre und die Opferhöhen und zerbrach die Steinmale und hieb die Ascheren um"},{"3":"und gebot Juda, dass sie den HERRN, den Gott ihrer Väter, suchten und täten nach dem Gesetz und Gebot."},{"4":"Und er entfernte aus allen Städten Judas die Opferhöhen und die Räucheraltäre; und das Königreich hatte Ruhe unter ihm."},{"5":"Und er baute feste Städte in Juda, weil das Land Ruhe hatte und in diesen Jahren kein Krieg gegen ihn war; denn der HERR hatte ihm Ruhe gegeben."},{"6":"Und er sprach zu Juda: Lasst uns diese Städte ausbauen und um sie Mauern herumführen mit Türmen, Toren und Riegeln, solange das Land noch offen vor uns ist; denn wir haben den HERRN, unsern Gott, gesucht, und er hat uns Ruhe gegeben ringsumher. Also bauten sie und es ging glücklich vonstatten."},{"7":"Und Asa hatte eine Heeresmacht, aus Juda 300000, die große Schilde und Spieße trugen, und aus Benjamin 280000, die kleine Schilde trugen und mit dem Bogen schießen konnten; und diese alle waren starke Kriegsleute."},{"8":"Es zog aber gegen sie Serach, der Kuschiter, mit einer Heeresmacht von tausendmal tausend, dazu dreihundert Wagen, und sie kamen bis nach Marescha."},{"9":"Und Asa zog ihm entgegen; und sie rüsteten sich zum Kampf im Tal Zefata bei Marescha."},{"10":"Und Asa rief den HERRN, seinen Gott, an und sprach: HERR, es ist dir nicht schwer, dem Schwachen gegen den Starken zu helfen. Hilf uns, HERR, unser Gott; denn wir verlassen uns auf dich, und in deinem Namen sind wir gekommen gegen diese Menge. HERR, du bist unser Gott, gegen dich vermag kein Mensch etwas."},{"11":"Und der HERR schlug die Kuschiter vor Asa und vor Juda, sodass sie flohen."},{"12":"Und Asa samt dem Volk, das bei ihm war, jagte ihnen nach bis nach Gerar. Und die Kuschiter fielen, sodass keiner von ihnen am Leben blieb, sondern sie wurden zerschlagen vor dem HERRN und vor seinem Heer. Und Juda trug sehr viel Beute davon."},{"13":"Und sie schlugen alle Städte um Gerar her; denn der Schrecken des HERRN kam über sie. Und sie plünderten alle Städte; denn es war viel Beute darin."},{"14":"Auch schlugen sie die Zeltlager der Hirten und führten eine Menge Schafe und Kamele weg und kamen wieder nach Jerusalem."}]