[{"1":"Da nahm das ganze Volk von Juda den Usija – der war sechzehn Jahre alt –, und sie machten ihn zum König an seines Vaters Amazja statt."},{"2":"Der baute Elat aus und brachte es wieder an Juda, nachdem der König sich zu seinen Vätern gelegt hatte."},{"3":"Sechzehn Jahre alt war Usija, als er König wurde; und er regierte zweiundfünfzig Jahre zu Jerusalem. Seine Mutter hieß Jecholja, aus Jerusalem."},{"4":"Und er tat, was dem HERRN wohlgefiel, ganz wie sein Vater Amazja getan hatte."},{"5":"Und er suchte Gott, solange Secharja lebte, der ihn unterwies in der Furcht Gottes; und solange er den HERRN suchte, ließ es ihm Gott gelingen."},{"6":"Er zog aus und kämpfte gegen die Philister und riss nieder die Mauer von Gat und die Mauer von Jabne und die Mauer von Aschdod und baute Städte um Aschdod und im Philisterland;"},{"7":"denn Gott half ihm gegen die Philister, gegen die Araber, die in Gur-Baal wohnten, und gegen die Mëuniter."},{"8":"Und die Ammoniter gaben Usija Geschenke, und er wurde berühmt bis da, wo es nach Ägypten geht; denn er wurde stärker und stärker."},{"9":"Und Usija baute Türme in Jerusalem am Ecktor und am Taltor und am Winkel und befestigte sie."},{"10":"Er baute auch Türme in der Wüste und grub viele Brunnen; denn er hatte viel Vieh sowohl im Hügelland wie in der Ebene, auch Ackerleute und Weingärtner auf den Bergen und am Karmel; denn er hatte Lust am Ackerbau."},{"11":"Und Usija hatte ein kriegstüchtiges Heer, das in Abteilungen in den Kampf zog, nach seiner Zahl aufgestellt durch den Schreiber Jëiël und den Amtmann Maaseja unter dem Befehl Hananjas, eines der Obersten des Königs."},{"12":"Und die Zahl der Häupter der Sippen unter den Kriegern war 2600,"},{"13":"und unter ihrem Befehl stand eine Heeresmacht von 307500 sehr kriegstüchtigen Männern, um dem König gegen die Feinde zu helfen."},{"14":"Und Usija beschaffte für das ganze Heer Schilde, Spieße, Helme, Panzer, Bogen und Schleudersteine"},{"15":"und machte in Jerusalem kunstvolle Geschütze, die auf den Türmen und Ecken sein sollten, um mit Pfeilen und großen Steinen zu schießen. Und sein Name drang weit hinaus, weil ihm wunderbar geholfen wurde, bis er mächtig war."},{"16":"Und als er mächtig geworden war, überhob sich sein Herz zu seinem Verderben; denn er verging sich gegen den HERRN, seinen Gott, und ging in den Tempel des HERRN, um auf dem Räucheraltar zu räuchern."},{"17":"Aber der Priester Asarja ging ihm nach und achtzig Priester des HERRN mit ihm, tüchtige Leute,"},{"18":"und sie traten Usija, dem König, entgegen und sprachen zu ihm: Es gebührt nicht dir, Usija, dem HERRN zu räuchern, sondern den Priestern, den Söhnen Aaron, die geweiht sind zu räuchern. Geh hinaus aus dem Heiligtum; denn du bist untreu geworden und es wird dir keine Ehre bringen vor Gott, dem HERRN."},{"19":"Da wurde Usija zornig, als er bereits ein Räuchergefäß in der Hand hatte, um zu räuchern; und wie er so über die Priester zornig wurde, brach an seiner Stirn der Aussatz aus vor den Priestern im Hause des HERRN am Räucheraltar."},{"20":"Und der Hohepriester Asarja wandte das Angesicht ihm zu und alle Priester, und siehe, da war der König aussätzig an seiner Stirn. Und sie stießen ihn fort, und er eilte auch selbst hinauszugehen; denn seine Plage war vom HERRN."},{"21":"So war der König Usija aussätzig bis an seinen Tod und wohnte als Aussätziger in einem besonderen Hause; denn er war ausgeschlossen vom Hause des HERRN. Jotam aber, sein Sohn, stand dem Hause des Königs vor und richtete das Volk des Landes."},{"22":"Was aber mehr von Usija zu sagen ist, das Frühere und das Spätere, hat beschrieben der Prophet Jesaja, der Sohn des Amoz."},{"23":"Und Usija legte sich zu seinen Vätern, und sie begruben ihn bei seinen Vätern auf dem Felde neben der Grabstätte der Könige; denn sie sprachen: Er ist aussätzig. Und sein Sohn Jotam wurde König an seiner statt."}]