[{"1":"Und Joschafat legte sich zu seinen Vätern und wurde begraben bei seinen Vätern in der Stadt Davids. Und sein Sohn Joram wurde König an seiner statt."},{"2":"Und Joram hatte Brüder, Joschafats Söhne: Asarja, Jehiël, Secharja, Asarja, Michael und Schefatja; diese alle waren Söhne Joschafats, des Königs von Juda."},{"3":"Und ihr Vater gab ihnen viele Gaben an Silber, Gold und Kleinoden, dazu feste Städte in Juda; aber das Königtum gab er Joram; denn der war der Erstgeborene."},{"4":"Als aber Joram das Königtum seines Vaters übernommen hatte und mächtig wurde, erschlug er alle seine Brüder mit dem Schwert, dazu auch einige Obere in Israel."},{"5":"Zweiunddreißig Jahre alt war Joram, als er König wurde; und er regierte acht Jahre zu Jerusalem"},{"6":"und wandelte in dem Wege der Könige von Israel, wie das Haus Ahab getan hatte; denn Ahabs Tochter war seine Frau. Und er tat, was dem HERRN missfiel."},{"7":"Aber der HERR wollte das Haus David nicht verderben um des Bundes willen, den er mit David geschlossen hatte, und wie er ihm zugesagt hatte, ihm eine Leuchte zu geben und seinen Söhnen immerdar."},{"8":"Zu seiner Zeit fielen die Edomiter von Juda ab und setzten einen König über sich."},{"9":"Da zog Joram hin mit seinen Obersten und alle Wagen mit ihm, und er machte sich des Nachts auf und schlug die Edomiter, die ihn umringt hatten, und die Obersten über die Wagen."},{"10":"Doch blieben die Edomiter abtrünnig von Juda bis auf diesen Tag. Zur selben Zeit fiel Libna auch von ihm ab; denn er hatte den HERRN, den Gott seiner Väter, verlassen."},{"11":"Auch machte er Opferhöhen in den Städten Judas und verleitete die Einwohner von Jerusalem zur Abgötterei und verführte Juda."},{"12":"Es kam aber ein Brief zu ihm von dem Propheten Elia, der lautete: So spricht der HERR, der Gott deines Vaters David: Weil du nicht gewandelt bist in den Wegen deines Vaters Joschafat und nicht in den Wegen Asas, des Königs von Juda,"},{"13":"sondern wandelst in dem Wege der Könige von Israel und verleitest Juda und die Bewohner von Jerusalem zur Abgötterei nach der Abgötterei des Hauses Ahab und weil du dazu erschlagen hast deine Brüder, deines Vaters Haus, die besser waren als du,"},{"14":"siehe, so wird dich der HERR mit einer großen Plage schlagen an deinem Volk, an deinen Kindern, an deinen Frauen und an aller deiner Habe."},{"15":"Du aber wirst viel Krankheit haben in deinen Eingeweiden, bis über Jahr und Tag deine Eingeweide vor Krankheit heraustreten."},{"16":"Und der HERR erweckte gegen Joram den Geist der Philister und Araber, die neben den Kuschitern wohnen."},{"17":"Und sie zogen herauf und brachen in Juda ein und führten alle Habe weg, die vorhanden war im Hause des Königs, dazu seine Söhne und seine Frauen, sodass ihm kein Sohn übrig blieb außer Joahas, seinem jüngsten Sohn."},{"18":"Und nach dem allen plagte ihn der HERR mit einer Krankheit in seinen Eingeweiden; die war nicht zu heilen."},{"19":"Und als das über Jahr und Tag währte, bis die Zeit von zwei Jahren um war, traten in seiner Krankheit seine Eingeweide heraus, und er starb unter schlimmen Schmerzen. Und man machte keinen Brand ihm zu Ehren, wie man seinen Vätern getan hatte."},{"20":"Zweiunddreißig Jahre alt war er, als er König wurde; und er regierte acht Jahre zu Jerusalem und ging dahin, von niemand bedauert. Und sie begruben ihn in der Stadt Davids, aber nicht in den Gräbern der Könige."}]