[{"1":"Ahas war zwanzig Jahre alt, als er König wurde; und er regierte sechzehn Jahre zu Jerusalem. Er tat nicht, was dem HERRN wohlgefiel, wie sein Vater David,"},{"2":"sondern wandelte in den Wegen der Könige von Israel. Dazu machte er den Baalen gegossene Bilder"},{"3":"und räucherte im Tal Ben-Hinnom und verbrannte seine Söhne im Feuer nach den gräulichen Sitten der Heiden, die der HERR vor den Israeliten vertrieben hatte,"},{"4":"und opferte und räucherte auf den Höhen und auf den Hügeln und unter allen grünen Bäumen."},{"5":"Darum gab ihn der HERR, sein Gott, in die Hand des Königs von Aram, dass sie ihn schlugen und eine große Menge der Seinen gefangen wegführten und nach Damaskus brachten. Auch wurde er in die Hand des Königs von Israel gegeben; der schlug ihn hart;"},{"6":"denn Pekach, der Sohn Remaljas, schlug in Juda hundertzwanzigtausend streitbare Männer auf einen Tag, weil sie den HERRN, den Gott ihrer Väter, verlassen hatten."},{"7":"Und Sichri, ein Kriegsmann aus Ephraim, erschlug Maaseja, den Königssohn, und Asrikam, den Vorsteher des Königshauses, und Elkana, den Ersten nach dem König."},{"8":"Und die von Israel führten von ihren Brüdern zweihunderttausend Frauen, Söhne und Töchter gefangen weg und nahmen dazu große Beute von ihnen und brachten sie nach Samaria."},{"9":"Es war aber dort ein Prophet des HERRN, der hieß Oded. Der ging hinaus dem Heer entgegen, das nach Samaria kam, und sprach zu ihnen: Siehe, weil der HERR, der Gott eurer Väter, über Juda zornig ist, hat er sie in eure Hände gegeben; ihr aber habt sie mit solcher Wut erschlagen, dass es gen Himmel schreit."},{"10":"Nun gedenkt ihr, die Leute von Juda und Jerusalem zu unterwerfen, dass sie eure Sklaven und Sklavinnen seien. Ist denn das nicht Schuld bei euch gegenüber dem HERRN, eurem Gott?"},{"11":"So hört nun auf mich und bringt die Gefangenen wieder hin, die ihr aus euren Brüdern weggeführt habt; denn des HERRN Zorn ist über euch entbrannt."},{"12":"Da traten auf einige Sippenhäupter von Ephraim – Asarja, der Sohn Johanans, Berechja, der Sohn Meschillemots, Jehiskija, der Sohn Schallums, und Amasa, der Sohn Hadlais – gegen die, die aus dem Kampf kamen,"},{"13":"und sprachen zu ihnen: Ihr sollt die Gefangenen nicht hierher bringen; denn ihr bringt Schuld vor dem HERRN über uns, sodass ihr unsere Sünde und Schuld nur noch größer macht. Es ist schon genug der Schuld, und der Zorn des HERRN ist über Israel entbrannt."},{"14":"Da gaben die Kriegsleute die Gefangenen und die Beute frei vor den Obersten und vor der ganzen Gemeinde."},{"15":"Und jene Männer, die mit Namen genannt sind, nahmen die Gefangenen und bekleideten alle, die bloß unter ihnen waren, mit Kleidern aus der Beute und zogen ihnen Schuhe an und gaben ihnen zu essen und zu trinken und salbten sie, und alle, die schwach waren, führten sie auf Eseln und brachten sie nach Jericho, zur Palmenstadt, zu ihren Brüdern und kehrten nach Samaria zurück."},{"16":"Zu derselben Zeit sandte der König Ahas zu dem König von Assur, dass er ihm helfe."},{"17":"Und es kamen abermals die Edomiter und schlugen Juda und führten einige weg."},{"18":"Auch die Philister fielen ein in die Städte im Hügelland und im Südland Judas und eroberten Bet-Schemesch, Ajalon, Gederot und Socho mit seinen Ortschaften und Timna mit seinen Ortschaften und Gimso mit seinen Ortschaften und wohnten darin;"},{"19":"denn der HERR demütigte Juda um des Ahas willen, des Königs von Juda, weil er in Juda ein zuchtloses Wesen aufkommen ließ und dem HERRN untreu wurde."},{"20":"So zog auch gegen ihn Tiglat-Pileser, der König von Assur; der bedrängte ihn und half ihm nicht;"},{"21":"denn obwohl Ahas das Haus des HERRN und das Haus des Königs und die Häuser der Oberen plünderte und es dem König von Assur gab, half es ihm nichts."},{"22":"Auch in seiner Not war der König Ahas dem HERRN weiter untreu"},{"23":"und opferte den Göttern von Damaskus, die ihn geschlagen hatten, und sprach: Die Götter der Könige von Aram helfen ihnen; darum will ich ihnen opfern, dass sie mir auch helfen. Aber diese brachten ihn und ganz Israel zu Fall."},{"24":"Und Ahas brachte die Geräte des Hauses Gottes zusammen und zerschlug sie und schloss die Türen zu am Hause des HERRN und machte sich Altäre in allen Winkeln Jerusalems."},{"25":"Und in den Städten Judas hin und her machte er Höhen, um andern Göttern zu opfern, und reizte den HERRN, den Gott seiner Väter."},{"26":"Was aber mehr von ihm zu sagen ist und sein ganzer Wandel, der frühere und der spätere, siehe, das steht geschrieben im Buch der Könige von Juda und Israel."},{"27":"Und Ahas legte sich zu seinen Vätern, und sie begruben ihn in der Stadt, in Jerusalem; denn sie brachten ihn nicht in die Gräber der Könige von Israel. Und sein Sohn Hiskia wurde König an seiner statt."}]