[{"1":"Der Älteste an die auserwählte Herrin und ihre Kinder, die ich lieb habe in der Wahrheit, und nicht allein ich, sondern auch alle, die die Wahrheit erkannt haben,"},{"2":"um der Wahrheit willen, die in uns bleibt und bei uns sein wird in Ewigkeit:"},{"3":"Gnade, Barmherzigkeit, Friede von Gott, dem Vater, und von Jesus Christus, dem Sohn des Vaters, sei mit uns in der Wahrheit und in der Liebe!"},{"4":"Ich habe mich sehr gefreut, dass ich unter deinen Kindern solche gefunden habe, die in der Wahrheit wandeln, nach dem Gebot, das wir vom Vater empfangen haben."},{"5":"Und nun bitte ich dich, Herrin – nicht als schriebe ich dir ein neues Gebot, sondern das, das wir gehabt haben von Anfang an –, dass wir uns untereinander lieben."},{"6":"Und das ist die Liebe, dass wir wandeln nach seinen Geboten; das ist das Gebot, wie ihr's gehört habt von Anfang an, dass ihr darin wandelt."},{"7":"Denn viele Verführer sind in die Welt hinausgegangen, die nicht bekennen, dass Jesus Christus im Fleisch gekommen ist. Das ist der Verführer und der Antichrist."},{"8":"Seht euch vor, dass ihr nicht verliert, was wir erarbeitet haben, sondern vollen Lohn empfangt."},{"9":"Wer darüber hinausgeht und bleibt nicht in der Lehre Christi, der hat Gott nicht; wer in der Lehre bleibt, der hat beide, den Vater und den Sohn."},{"10":"Wenn jemand zu euch kommt und bringt diese Lehre nicht, nehmt ihn nicht auf in euer Haus und grüßt ihn auch nicht."},{"11":"Denn wer ihn grüßt, der hat teil an seinen bösen Werken."},{"12":"Ich hätte euch viel zu schreiben, aber ich wollte es nicht mit Brief und Tinte tun, sondern ich hoffe, zu euch zu kommen und mündlich mit euch zu reden, auf dass unsre Freude vollkommen sei."},{"13":"Es grüßen dich die Kinder deiner Schwester, der Auserwählten."}]