[{"1":"Im dreiundzwanzigsten Jahr des Joasch, des Sohnes Ahasjas, des Königs von Juda, wurde Joahas, der Sohn Jehus, König über Israel und regierte zu Samaria siebzehn Jahre."},{"2":"Und er tat, was dem HERRN missfiel, und wandelte nach den Sünden Jerobeams, des Sohnes Nebats, der Israel sündigen machte, und ließ nicht davon ab."},{"3":"Und des HERRN Zorn entbrannte über Israel, und er gab sie in die Hand Hasaëls, des Königs von Aram, und Ben-Hadads, des Sohnes Hasaëls, die ganze Zeit."},{"4":"Aber Joahas besänftigte den HERRN, und der HERR erhörte ihn; denn er sah den Jammer Israels an, wie der König von Aram es bedrängte."},{"5":"Und der HERR gab Israel einen Retter, der sie aus der Gewalt der Aramäer befreite, dass die Israeliten in ihren Zelten wohnten wie zuvor."},{"6":"Doch ließen sie nicht ab von der Sünde des Hauses Jerobeams, der Israel sündigen machte, sondern wandelten darin. Auch blieb die Aschera zu Samaria stehen."},{"7":"Denn es waren vom Kriegsvolk des Joahas nicht mehr übrig geblieben als fünfzig Reiter, zehn Wagen und zehntausend Mann Fußvolk; denn der König von Aram hatte sie umgebracht und gemacht wie Staub beim Dreschen."},{"8":"Was aber mehr von Joahas zu sagen ist und alles, was er getan hat, und seine tapferen Taten, siehe, das steht geschrieben in der Chronik der Könige von Israel."},{"9":"Und Joahas legte sich zu seinen Vätern, und man begrub ihn zu Samaria. Und sein Sohn Joasch wurde König an seiner statt."},{"10":"Im siebenunddreißigsten Jahr des Joasch, des Königs von Juda, wurde Joasch, der Sohn des Joahas, König über Israel und regierte zu Samaria sechzehn Jahre."},{"11":"Und er tat, was dem HERRN missfiel, und ließ nicht ab von allen Sünden Jerobeams, des Sohnes Nebats, der Israel sündigen machte, sondern wandelte darin."},{"12":"Was aber mehr von Joasch zu sagen ist und was er getan hat und seine tapferen Taten, wie er mit Amazja, dem König von Juda, gekämpft hat, siehe, das steht geschrieben in der Chronik der Könige von Israel."},{"13":"Und Joasch legte sich zu seinen Vätern, und auf seinen Thron setzte sich Jerobeam. Joasch aber wurde begraben zu Samaria bei den Königen von Israel."},{"14":"Als aber Elisa an der Krankheit erkrankte, an der er sterben sollte, kam Joasch, der König von Israel, zu ihm hinab und weinte vor ihm und sprach: Mein Vater, mein Vater! Du Wagen Israels und seine Reiter!"},{"15":"Elisa aber sprach zu ihm: Nimm Bogen und Pfeile! Und als er den Bogen und die Pfeile nahm,"},{"16":"sprach er zum König von Israel: Spanne mit deiner Hand den Bogen! Und er spannte ihn mit seiner Hand. Und Elisa legte seine Hand auf des Königs Hand"},{"17":"und sprach: Tu das Fenster auf nach Osten! Und er tat's auf. Und Elisa sprach: Schieß! Und er schoss. Elisa aber rief: Ein Pfeil des Siegs vom HERRN, ein Pfeil des Siegs gegen Aram! Du wirst die Aramäer schlagen bei Afek, bis sie aufgerieben sind."},{"18":"Und er sprach: Nimm die Pfeile! Und als er sie nahm, sprach er zum König von Israel: Schlag auf die Erde! Und er schlug dreimal und hielt inne."},{"19":"Da wurde der Mann Gottes zornig auf ihn und sprach: Hättest du fünf- oder sechsmal geschlagen, so hättest du die Aramäer geschlagen, bis sie aufgerieben wären; nun aber wirst du sie nur dreimal schlagen."},{"20":"Als aber Elisa gestorben war und man ihn begraben hatte, fielen streifende Rotten der Moabiter ins Land Jahr um Jahr."},{"21":"Und es begab sich, dass man einen Mann zu Grabe trug. Als man aber eine dieser Scharen sah, warf man den Mann in Elisas Grab. Und als er die Gebeine Elisas berührte, wurde er lebendig und trat auf seine Füße."},{"22":"Hasaël, der König von Aram, bedrängte Israel, solange Joahas lebte."},{"23":"Aber der HERR gab ihnen Gnade und erbarmte sich ihrer und wandte sich ihnen wieder zu um seines Bundes willen mit Abraham, Isaak und Jakob und wollte sie nicht verderben, verwarf sie auch nicht von seinem Angesicht bis auf diese Stunde."},{"24":"Und Hasaël, der König von Aram, starb, und sein Sohn Ben-Hadad wurde König an seiner statt."},{"25":"Joasch, der Sohn des Joahas, aber gewann die Städte zurück aus der Hand Ben-Hadads, des Sohnes Hasaëls, die er im Kampf seinem Vater Joahas genommen hatte. Dreimal schlug ihn Joasch und gewann die Städte Israels zurück."}]