[{"1":"Zum dritten Mal komme ich zu euch. »Durch zweier oder dreier Zeugen Mund soll jede Sache bestätigt werden.« (5. Mose 19,15)"},{"2":"Ich habe es vorausgesagt und sage es noch einmal voraus – wie bei meinem zweiten Besuch, so auch nun aus der Ferne – denen, die zuvor gesündigt haben, und den andern allen: Wenn ich abermals komme, dann will ich niemanden schonen."},{"3":"Ihr verlangt ja einen Beweis dafür, dass Christus in mir redet, der euch gegenüber nicht schwach ist, sondern ist mächtig unter euch."},{"4":"Denn wenn er auch gekreuzigt wurde in Schwachheit, so lebt er doch aus Gottes Kraft. Und wenn wir auch schwach sind in ihm, so werden wir doch mit ihm leben aus der Kraft Gottes für euch."},{"5":"Erforscht euch selbst, ob ihr im Glauben steht; prüft euch selbst! Oder erkennt ihr an euch selbst nicht, dass Jesus Christus in euch ist? Wenn nicht, dann wäret ihr ja nicht bewährt."},{"6":"Ich hoffe aber, ihr werdet erkennen, dass wir nicht unbewährt sind."},{"7":"Wir bitten aber Gott, dass ihr nichts Böses tut; nicht damit wir als bewährt angesehen werden, sondern damit ihr das Gute tut und wir wie die sind, die nicht bewährt sind."},{"8":"Denn wir vermögen nichts wider die Wahrheit, sondern nur etwas für die Wahrheit."},{"9":"Wir freuen uns ja, wenn wir schwach sind, ihr aber mächtig seid. Wir beten auch dafür, dass ihr vollkommen werdet."},{"10":"Deshalb schreibe ich auch dies aus der Ferne, damit ich nicht, wenn ich anwesend bin, Strenge gebrauchen muss nach der Vollmacht, die mir der Herr gegeben hat, zu erbauen, nicht zu zerstören."},{"11":"Zuletzt, Brüder und Schwestern, freut euch, lasst euch zurechtbringen, lasst euch mahnen, habt einerlei Sinn, haltet Frieden! So wird der Gott der Liebe und des Friedens mit euch sein."},{"12":"Grüßt euch untereinander mit dem heiligen Kuss. Es grüßen euch alle Heiligen."},{"13":"Die Gnade unseres Herrn Jesus Christus und die Liebe Gottes und die Gemeinschaft des Heiligen Geistes sei mit euch allen!"}]