[{"1":"Zu seiner Zeit zog herauf Nebukadnezar, der König von Babel, und Jojakim war ihm untertan drei Jahre. Aber er wurde wieder abtrünnig von ihm."},{"2":"Da ließ der HERR über ihn Scharen von Kriegsleuten kommen aus Chaldäa, aus Aram, aus Moab und aus Ammon und sandte sie gegen Juda, dass sie ihn vernichteten nach dem Wort des HERRN, das er geredet hatte durch seine Knechte, die Propheten."},{"3":"Aber das geschah Juda nach dem Wort des HERRN, dass er es von seinem Angesicht täte um der Sünden Manasses willen, die er getan hatte,"},{"4":"auch um des unschuldigen Blutes willen, das er vergoss, sodass er Jerusalem mit unschuldigem Blut füllte. Das wollte der HERR nicht vergeben."},{"5":"Was aber mehr zu sagen ist von Jojakim und alles, was er getan hat, siehe, das steht geschrieben in der Chronik der Könige von Juda."},{"6":"Und Jojakim legte sich zu seinen Vätern, und sein Sohn Jojachin wurde König an seiner statt."},{"7":"Und der König von Ägypten zog nicht mehr aus seinem Lande; denn der König von Babel hatte ihm alles genommen, was dem König von Ägypten gehörte, vom Bach Ägyptens bis an den Strom Euphrat."},{"8":"Achtzehn Jahre alt war Jojachin, als er König wurde; und er regierte drei Monate zu Jerusalem. Seine Mutter hieß Nehuschta, eine Tochter Elnatans aus Jerusalem."},{"9":"Und er tat, was dem HERRN missfiel, wie sein Vater getan hatte."},{"10":"Zu der Zeit zogen herauf die Kriegsleute Nebukadnezars, des Königs von Babel, gegen Jerusalem und belagerten die Stadt."},{"11":"Und Nebukadnezar, der König von Babel, kam zur Stadt, als seine Kriegsleute sie belagerten."},{"12":"Aber Jojachin, der König von Juda, ging hinaus zum König von Babel mit seiner Mutter, mit seinen Großen, mit seinen Obersten und Kämmerern. Und der König von Babel nahm ihn gefangen im achten Jahr seiner Herrschaft."},{"13":"Und er nahm von dort weg alle Schätze im Hause des HERRN und im Hause des Königs und zerschlug alle goldenen Gefäße, die Salomo, der König von Israel, gemacht hatte im Tempel des HERRN, wie denn der HERR geredet hatte."},{"14":"Und er führte weg das ganze Jerusalem, alle Obersten, alle Kriegsleute, zehntausend Gefangene und alle Zimmerleute und alle Schmiede und ließ nichts übrig als geringes Volk des Landes."},{"15":"Und er führte weg nach Babel Jojachin und die Mutter des Königs, die Frauen des Königs und seine Kämmerer; dazu die Mächtigen im Lande führte er auch gefangen von Jerusalem nach Babel."},{"16":"Dazu alle Kriegsleute, siebentausend, und die Zimmerleute und Schmiede, tausend, lauter starke Kriegsmänner, die brachte der König von Babel gefangen nach Babel."},{"17":"Und der König von Babel machte Mattanja, Jojachins Oheim, zum König an seiner statt und wandelte seinen Namen um in Zedekia."},{"18":"Einundzwanzig Jahre alt war Zedekia, als er König wurde; und er regierte elf Jahre zu Jerusalem. Seine Mutter hieß Hamutal, eine Tochter Jirmejas aus Libna."},{"19":"Und er tat, was dem HERRN missfiel, wie Jojakim getan hatte."},{"20":"Denn so geschah es mit Jerusalem und Juda um des Zornes des HERRN willen, bis er sie von seinem Angesicht wegstieß. Und Zedekia wurde abtrünnig vom König von Babel."}]