[{"1":"Im dritten Jahr Hoscheas, des Sohnes Elas, des Königs von Israel, wurde Hiskia König, der Sohn des Ahas, des Königs von Juda."},{"2":"Er war fünfundzwanzig Jahre alt, als er König wurde; und er regierte neunundzwanzig Jahre zu Jerusalem. Seine Mutter hieß Abi, eine Tochter Secharjas."},{"3":"Und er tat, was dem HERRN wohlgefiel, ganz wie sein Vater David."},{"4":"Er entfernte die Höhen und zerbrach die Steinmale und hieb die Aschera um und zerschlug die eherne Schlange, die Mose gemacht hatte. Denn bis zu dieser Zeit hatten ihr die Israeliten geräuchert, und man nannte sie Nehuschtan."},{"5":"Er vertraute dem HERRN, dem Gott Israels, sodass unter allen Königen von Juda seinesgleichen nach ihm nicht war noch vor ihm gewesen ist."},{"6":"Er hing dem HERRN an und wich nicht von ihm ab und hielt seine Gebote, die der HERR dem Mose geboten hatte."},{"7":"Und der HERR war mit ihm, und alles, was er unternahm, gelang ihm. Und er wurde abtrünnig vom König von Assyrien und war ihm nicht mehr untertan."},{"8":"Er schlug auch die Philister bis nach Gaza und seinem Gebiet, von den Wachttürmen bis zu den festen Städten."},{"9":"Im vierten Jahr Hiskias, des Königs von Juda – das war das siebente Jahr Hoscheas, des Sohnes Elas, des Königs von Israel –, zog Salmanassar, der König von Assyrien, herauf gegen Samaria und belagerte es"},{"10":"und nahm es ein nach drei Jahren. Im sechsten Jahr Hiskias, das ist im neunten Jahr Hoscheas, des Königs von Israel, wurde Samaria eingenommen."},{"11":"Und der König von Assyrien führte Israel weg nach Assyrien und ließ sie wohnen in Halach und am Habor, dem Fluss von Gosan, und in den Städten der Meder,"},{"12":"weil sie nicht gehorcht hatten der Stimme des HERRN, ihres Gottes, und seinen Bund übertreten hatten und alles, was Mose, der Knecht des HERRN, geboten hatte; sie hatten nicht gehorcht und nicht danach getan."},{"13":"Im vierzehnten Jahr des Königs Hiskia zog herauf Sanherib, der König von Assyrien, gegen alle festen Städte Judas und nahm sie ein."},{"14":"Da sandte Hiskia, der König von Juda, zum König von Assyrien nach Lachisch und ließ ihm sagen: Ich habe Unrecht getan, zieh weg von mir. Was du mir auferlegst, will ich tragen. Da legte der König von Assyrien Hiskia, dem König von Juda, dreihundert Zentner Silber auf und dreißig Zentner Gold."},{"15":"So gab Hiskia all das Silber, das sich im Hause des HERRN und in den Schätzen des Hauses des Königs fand."},{"16":"Zur selben Zeit brach Hiskia, der König von Juda, die Türen am Tempel des HERRN heraus und die Pfosten, die er selbst mit Gold hatte überziehen lassen, und gab sie dem König von Assyrien."},{"17":"Und der König von Assyrien sandte den Tartan und den Rabsaris und den Rabschake von Lachisch zum König Hiskia mit großer Heeresmacht nach Jerusalem, und sie zogen hinauf. Und als sie hinkamen, hielten sie an der Wasserleitung des oberen Teiches, der an der Straße bei dem Acker des Walkers liegt."},{"18":"Und sie riefen nach dem König. Da kamen heraus zu ihnen der Hofmeister Eljakim, der Sohn Hilkijas, und der Schreiber Schebna und der Kanzler Joach, der Sohn Asafs."},{"19":"Und der Rabschake sprach zu ihnen: Sagt doch dem König Hiskia: So spricht der große König, der König von Assyrien: Was ist das für ein Vertrauen, das du da hast?"},{"20":"Meinst du, bloße Worte seien schon Rat und Macht zum Kämpfen? Auf wen verlässt du dich denn, dass du von mir abtrünnig geworden bist?"},{"21":"Siehe, verlässt du dich auf diesen zerbrochenen Rohrstab, auf Ägypten, der jedem, der sich darauf stützt, in die Hand dringen und sie durchbohren wird? So ist der Pharao, der König von Ägypten, für alle, die sich auf ihn verlassen."},{"22":"Oder wollt ihr zu mir sagen: Wir verlassen uns auf den HERRN, unsern Gott! Ist er es denn nicht, dessen Höhen und Altäre Hiskia entfernt und zu Juda und zu Jerusalem gesagt hat: Nur vor diesem Altar, der in Jerusalem ist, sollt ihr anbeten?"},{"23":"Wohlan, nimm eine Wette an mit meinem Herrn, dem König von Assyrien: Ich will dir zweitausend Rosse geben, ob du Reiter dazu stellen kannst?"},{"24":"Wie willst du denn zurücktreiben auch nur einen der geringsten von meines Herrn Untertanen? Und du verlässt dich auf Ägypten um der Wagen und Gespanne willen."},{"25":"Meinst du aber, ich sei ohne den HERRN heraufgezogen, dass ich diese Stätte verderbe? Der HERR hat mir's geboten: Zieh hinauf in dies Land und verdirb es!"},{"26":"Da sprachen Eljakim, der Sohn Hilkijas, und Schebna und Joach zum Rabschake: Rede mit deinen Knechten aramäisch, denn wir verstehen's, und rede nicht mit uns hebräisch vor den Ohren des Volks, das auf der Mauer ist."},{"27":"Aber der Rabschake sprach zu ihnen: Hat mich denn mein Herr zu deinem Herrn oder zu dir gesandt, dass ich solche Worte rede, und nicht vielmehr zu den Männern, die auf der Mauer sitzen, dass sie mit euch ihren eigenen Mist fressen und ihren Harn saufen?"},{"28":"Da trat der Rabschake hin und rief mit lauter Stimme auf Hebräisch und sprach: Hört das Wort des großen Königs, des Königs von Assyrien!"},{"29":"So spricht der König: Lasst euch von Hiskia nicht betrügen, denn er vermag euch nicht zu erretten aus meiner Hand."},{"30":"Und lasst euch von Hiskia nicht verleiten, auf den HERRN zu vertrauen, wenn er sagt: Der HERR wird uns erretten, und diese Stadt wird nicht in die Hände des Königs von Assyrien gegeben werden."},{"31":"Hört nicht auf Hiskia! Denn so spricht der König von Assyrien: Nehmt meine Gnade an und kommt zu mir heraus, so soll jedermann von seinem Weinstock und seinem Feigenbaum essen und von seinem Brunnen trinken,"},{"32":"bis ich komme und euch hole in ein Land, das eurem Lande gleich ist, darin Korn, Wein, Brot, Weinberge, Ölbäume und Honig sind; dann werdet ihr am Leben bleiben und nicht sterben. Hört nicht auf Hiskia, denn er verführt euch, wenn er spricht: Der HERR wird uns erretten."},{"33":"Hat auch nur einer der Götter der andern Völker sein Land errettet aus der Hand des Königs von Assyrien?"},{"34":"Wo sind die Götter von Hamat und Arpad? Wo sind die Götter von Sefarwajim, Hena und Awa? Haben sie Samaria errettet aus meiner Hand?"},{"35":"Wo ist ein Gott unter den Göttern aller Länder, der sein Land aus meiner Hand errettet hätte, dass der HERR Jerusalem aus meiner Hand erretten sollte?"},{"36":"Das Volk aber schwieg still und antwortete ihm nichts, denn der König hatte geboten: Antwortet ihm nichts."},{"37":"Da kamen der Hofmeister Eljakim, der Sohn Hilkijas, und der Schreiber Schebna und der Kanzler Joach, der Sohn Asafs, zu Hiskia mit zerrissenen Kleidern und sagten ihm die Worte des Rabschake an."}]