[{"1":"Im siebenundzwanzigsten Jahr Jerobeams, des Königs von Israel, wurde Asarja König, der Sohn Amazjas, des Königs von Juda."},{"2":"Sechzehn Jahre war er alt, als er König wurde, und er regierte zweiundfünfzig Jahre zu Jerusalem. Seine Mutter hieß Jecholja, aus Jerusalem."},{"3":"Und er tat, was dem HERRN wohlgefiel, ganz wie sein Vater Amazja,"},{"4":"nur, dass die Höhen nicht entfernt wurden; denn das Volk opferte und räucherte noch auf den Höhen."},{"5":"Der HERR aber plagte den König, dass er aussätzig war bis an seinen Tod, und er wohnte in einem besonderen Hause. Jotam aber, der Sohn des Königs, stand dem Hause des Königs vor und richtete das Volk des Landes."},{"6":"Was aber mehr von Asarja zu sagen ist und alles, was er getan hat, siehe, das steht geschrieben in der Chronik der Könige von Juda."},{"7":"Und Asarja legte sich zu seinen Vätern, und man begrub ihn bei seinen Vätern in der Stadt Davids. Und sein Sohn Jotam wurde König an seiner statt."},{"8":"Im achtunddreißigsten Jahr Asarjas, des Königs von Juda, wurde Secharja, der Sohn Jerobeams, König über Israel und regierte zu Samaria sechs Monate."},{"9":"Und er tat, was dem HERRN missfiel, wie seine Väter getan hatten. Er ließ nicht ab von den Sünden Jerobeams, des Sohnes Nebats, der Israel sündigen machte."},{"10":"Und Schallum, der Sohn des Jabesch, machte eine Verschwörung gegen ihn und schlug ihn tot und wurde König an seiner statt."},{"11":"Was aber mehr von Secharja zu sagen ist, siehe, das steht geschrieben in der Chronik der Könige von Israel."},{"12":"Und das ist's, was der HERR zu Jehu geredet hatte: Dir sollen Söhne auf dem Thron Israels sitzen bis ins vierte Glied. Und so ist es geschehen."},{"13":"Schallum aber, der Sohn des Jabesch, wurde König im neununddreißigsten Jahr Usijas, des Königs von Juda, und regierte einen Monat zu Samaria."},{"14":"Denn Menahem, der Sohn Gadis, zog herauf von Tirza und kam nach Samaria und schlug Schallum, den Sohn des Jabesch, in Samaria tot und wurde König an seiner statt."},{"15":"Was aber mehr von Schallum zu sagen ist und seine Verschwörung, die er gemacht hat, siehe, das steht geschrieben in der Chronik der Könige von Israel."},{"16":"Damals schlug Menahem die Stadt Tifsach und alle, die darin waren, und ihr Gebiet von Tirza aus, weil sie ihn nicht einlassen wollten, und schlug sie, und alle ihre Schwangeren ließ er aufschlitzen."},{"17":"Im neununddreißigsten Jahr Asarjas, des Königs von Juda, wurde Menahem, der Sohn Gadis, König über Israel und regierte zehn Jahre zu Samaria."},{"18":"Und er tat, was dem HERRN missfiel. Er ließ sein Leben lang nicht ab von den Sünden Jerobeams, des Sohnes Nebats, der Israel sündigen machte."},{"19":"Und es kam Pul, der König von Assyrien, ins Land. Und Menahem gab Pul tausend Zentner Silber, damit er's mit ihm hielte und sein Königtum befestigte."},{"20":"Und Menahem legte eine Steuer auf die Reichsten in Israel, fünfzig Silberstücke auf jeden Mann, um es dem König von Assyrien zu geben. So zog der König von Assyrien wieder heim und blieb nicht im Lande."},{"21":"Was aber mehr von Menahem zu sagen ist und alles, was er getan hat, siehe, das steht geschrieben in der Chronik der Könige von Israel."},{"22":"Und Menahem legte sich zu seinen Vätern, und sein Sohn Pekachja wurde König an seiner statt."},{"23":"Im fünfzigsten Jahr Asarjas, des Königs von Juda, wurde Pekachja, der Sohn Menahems, König über Israel und regierte zu Samaria zwei Jahre."},{"24":"Und er tat, was dem HERRN missfiel, denn er ließ nicht ab von der Sünde Jerobeams, des Sohnes Nebats, der Israel sündigen machte."},{"25":"Und es machte Pekach, der Sohn Remaljas, sein Ritter, eine Verschwörung gegen ihn – und bei ihm waren fünfzig Mann von den Gileaditern – und schlug ihn tot in Samaria im Burgturm des Königshauses samt Argob und Arje und wurde König an seiner statt."},{"26":"Was aber mehr von Pekachja zu sagen ist und alles, was er getan hat, siehe, das steht geschrieben in der Chronik der Könige von Israel."},{"27":"Im zweiundfünfzigsten Jahr Asarjas, des Königs von Juda, wurde Pekach, der Sohn Remaljas, König über Israel und regierte zu Samaria zwanzig Jahre."},{"28":"Und er tat, was dem HERRN missfiel, denn er ließ nicht ab von der Sünde Jerobeams, des Sohnes Nebats, der Israel sündigen machte."},{"29":"Zu der Zeit Pekachs, des Königs von Israel, kam Tiglat-Pileser, der König von Assyrien, und nahm Ijon, Abel-Bet-Maacha, Janoach, Kedesch, Hazor, Gilead und von Galiläa das ganze Land Naftali und führte sie weg nach Assyrien."},{"30":"Und Hoschea, der Sohn Elas, machte eine Verschwörung gegen Pekach, den Sohn Remaljas, und schlug ihn tot und wurde König an seiner statt im zwanzigsten Jahr Jotams, des Sohnes Usijas."},{"31":"Was aber mehr von Pekach zu sagen ist und alles, was er getan hat, siehe, das steht geschrieben in der Chronik der Könige von Israel."},{"32":"Im zweiten Jahr Pekachs, des Sohnes Remaljas, des Königs von Israel, wurde Jotam König, der Sohn Usijas, des Königs von Juda."},{"33":"Er war fünfundzwanzig Jahre alt, als er König wurde; und er regierte sechzehn Jahre zu Jerusalem. Seine Mutter hieß Jeruscha, eine Tochter Zadoks."},{"34":"Und er tat, was dem HERRN wohlgefiel, ganz wie sein Vater Usija getan hatte,"},{"35":"nur, dass die Höhen nicht entfernt wurden; denn das Volk opferte und räucherte noch auf den Höhen. Er baute das obere Tor am Hause des HERRN."},{"36":"Was aber mehr von Jotam zu sagen ist und alles, was er getan hat, siehe, das steht geschrieben in der Chronik der Könige von Juda."},{"37":"Zu der Zeit begann der HERR, gegen Juda zu senden Rezin, den König von Aram, und Pekach, den Sohn Remaljas."},{"38":"Und Jotam legte sich zu seinen Vätern und wurde begraben bei seinen Vätern in der Stadt Davids, seines Vaters. Und sein Sohn Ahas wurde König an seiner statt."}]