[{"1":"Ich hatte nun dies bei mir beschlossen, dass ich nicht abermals in Traurigkeit zu euch käme."},{"2":"Denn wenn ich euch traurig mache, wer macht mich dann fröhlich? Der, der von mir traurig gemacht wird?"},{"3":"Und eben dies habe ich geschrieben, damit ich nicht, wenn ich komme, von denen traurig gemacht werde, über die ich mich freuen sollte. Habe ich doch zu euch allen das Vertrauen, dass meine Freude euer aller Freude ist."},{"4":"Denn ich schrieb euch aus großer Bedrängnis und Angst des Herzens unter vielen Tränen; nicht damit ihr betrübt werdet, sondern damit ihr die Liebe erkennt, die ich habe, besonders zu euch."},{"5":"Wenn aber jemand Betrübnis angerichtet hat, der hat nicht mich betrübt, sondern zum Teil – damit ich nicht zu viel sage – euch alle."},{"6":"Es ist genug, dass derselbe von den meisten gestraft ist,"},{"7":"sodass ihr ihm nun desto mehr vergeben und ihn trösten sollt, auf dass er nicht in allzu große Traurigkeit versinke."},{"8":"Darum ermahne ich euch, dass ihr Liebe an ihm beweist."},{"9":"Denn darum habe ich auch geschrieben, damit ich erkenne, ob ihr rechtschaffen seid, gehorsam in allen Stücken."},{"10":"Wem aber ihr etwas vergebt, dem vergebe ich auch. Denn auch ich habe, wenn ich etwas zu vergeben hatte, es vergeben um euretwillen vor Christi Angesicht,"},{"11":"auf dass wir nicht überlistet werden vom Satan; denn uns ist nicht unbekannt, was er im Sinn hat."},{"12":"Als ich aber nach Troas kam, zu predigen das Evangelium Christi, und mir eine Tür aufgetan war in dem Herrn,"},{"13":"da hatte ich keine Ruhe in meinem Geist, weil ich Titus, meinen Bruder, nicht fand; sondern ich nahm Abschied von ihnen und fuhr nach Makedonien."},{"14":"Gott aber sei gedankt, der uns allezeit im Triumph mitführt in Christus und offenbart den Geruch seiner Erkenntnis durch uns an allen Orten!"},{"15":"Denn wir sind für Gott ein Wohlgeruch Christi unter denen, die gerettet werden, und unter denen, die verloren werden:"},{"16":"diesen ein Geruch des Todes zum Tode, jenen aber ein Geruch des Lebens zum Leben. Und wer ist dazu tüchtig?"},{"17":"Wir sind ja nicht wie die vielen, die mit dem Wort Gottes Geschäfte machen; sondern wie man aus Lauterkeit und aus Gott redet, so reden wir vor Gott in Christus."}]