[{"1":"Als aber Atalja, Ahasjas Mutter, sah, dass ihr Sohn tot war, machte sie sich auf und brachte alle aus dem königlichen Geschlecht um."},{"2":"Aber Joscheba, die Tochter des Königs Joram, Ahasjas Schwester, nahm Joasch, den Sohn Ahasjas, und stahl ihn aus der Mitte der Söhne des Königs, die getötet werden sollten, und brachte ihn mit seiner Amme in die Bettenkammer. Und man verbarg ihn vor Atalja, dass er nicht getötet wurde."},{"3":"Und er war bei Joscheba versteckt im Hause des HERRN sechs Jahre lang. Atalja aber war Königin über das Land."},{"4":"Im siebenten Jahr aber sandte Jojada hin und nahm die Hauptleute über Hundert von der Garde und der Leibwache und ließ sie zu sich ins Haus des HERRN kommen und schloss einen Bund mit ihnen und nahm einen Eid von ihnen im Hause des HERRN und zeigte ihnen den Sohn des Königs"},{"5":"und gebot ihnen: Das ist's, was ihr tun sollt: Ein Drittel von euch, die ihr am Sabbat antretet, soll Wache halten im Haus des Königs"},{"6":"und ein Drittel soll Wache halten am Tor Sur und ein Drittel am Tor hinter dem Haus der Leibwache; so sollt ihr Wache halten rings um das Haus."},{"7":"Aber zwei Abteilungen von euch, die am Sabbat abtreten, sollen Wache halten im Hause des HERRN um den König her,"},{"8":"und ihr sollt euch rings um den König stellen, jeder mit seiner Waffe in der Hand, und wer hereinkommt zwischen die Reihen, der sterbe. Und ihr sollt bei dem König sein, wenn er aus und ein geht."},{"9":"Und die Hauptleute über Hundert taten alles, was ihnen der Priester Jojada geboten hatte, und nahmen zu sich ihre Männer, die am Sabbat antraten, mit denen, die am Sabbat abtraten, und kamen zu dem Priester Jojada."},{"10":"Und der Priester gab den Hauptleuten über Hundert die Spieße und Köcher, die dem König David gehört hatten und in dem Hause des HERRN waren."},{"11":"Und die Leibwache stand, jeder mit seiner Waffe in der Hand, von der Seite des Tempels im Süden bis zur Seite im Norden, vor dem Altar und dem Tempel, rings um den König herum."},{"12":"Und Jojada ließ den Sohn des Königs hervortreten und setzte ihm die Krone auf und gab ihm die Ordnung, und sie machten ihn zum König und salbten ihn, klatschten in die Hände und riefen: Es lebe der König!"},{"13":"Und als Atalja das Geschrei der Leibwache und des Volks hörte, das herzulief, kam sie zum Volk in das Haus des HERRN"},{"14":"und sah, und siehe, da stand der König an der Säule, wie es Brauch war, und die Hauptleute und die Trompeter bei dem König. Und alles Volk des Landes war fröhlich und blies die Trompeten. Atalja aber zerriss ihre Kleider und rief: Aufruhr, Aufruhr!"},{"15":"Aber der Priester Jojada gebot den Hauptleuten über Hundert, die über das Heer gesetzt waren, und sprach zu ihnen: Führt sie zwischen den Reihen hinaus, und wer ihr folgt, der sterbe durchs Schwert! Denn der Priester hatte gesagt, sie sollte nicht im Hause des HERRN getötet werden."},{"16":"Und sie legten die Hände an sie, und sie ging hin den Weg, wo die Rosse zum Hause des Königs gehen, und wurde dort getötet."},{"17":"Und Jojada schloss einen Bund zwischen dem HERRN und dem König und dem Volk, dass sie des HERRN Volk sein sollten; desgleichen auch zwischen dem König und dem Volk."},{"18":"Da ging alles Volk des Landes in das Haus Baals, und sie brachen seine Altäre ab und zerschlugen seine Götzenbilder ganz und gar und erschlugen Mattan, den Priester Baals, vor den Altären. Der Priester Jojada aber bestellte Wachen am Hause des HERRN"},{"19":"und nahm die Hauptleute über Hundert und die Garde und die Leibwache und alles Volk des Landes, und sie führten den König hinab vom Hause des HERRN und kamen durchs Tor der Leibwache zum Hause des Königs. Und er setzte sich auf den königlichen Thron."},{"20":"Und alles Volk des Landes war fröhlich, aber die Stadt blieb still. Atalja aber töteten sie mit dem Schwert bei des Königs Hause."}]