[{"1":"Josia war acht Jahre alt, als er König wurde; und er regierte einunddreißig Jahre zu Jerusalem. Seine Mutter hieß Jedida, eine Tochter Adajas aus Bozkat."},{"2":"Und er tat, was dem HERRN wohlgefiel, und wandelte ganz in dem Wege seines Vaters David und wich nicht davon ab, weder zur Rechten noch zur Linken."},{"3":"Und im achtzehnten Jahr des Königs Josia sandte der König den Schreiber Schafan, den Sohn Azaljas, des Sohnes Meschullams, in das Haus des HERRN und sprach:"},{"4":"Geh hinauf zu dem Hohenpriester Hilkija, dass er bereit mache alles Silber, das zum Hause des HERRN gebracht ist, das die Hüter an der Schwelle gesammelt haben vom Volk,"},{"5":"damit man es gebe den Werkmeistern, die bestellt sind im Hause des HERRN, und sie es geben den Arbeitern am Hause des HERRN, dass sie ausbessern, was baufällig ist am Hause,"},{"6":"nämlich den Zimmerleuten und Bauleuten und Maurern und denen, die Holz und gehauene Steine kaufen sollen, um das Haus auszubessern;"},{"7":"doch dass sie keine Rechnung zu legen brauchten von dem Geld, das ihnen gegeben wird, sondern dass sie auf Treu und Glauben handeln sollten."},{"8":"Und der Hohepriester Hilkija sprach zu dem Schreiber Schafan: Ich habe das Buch des Gesetzes gefunden im Hause des HERRN. Und Hilkija gab das Buch Schafan, und der las es."},{"9":"Und der Schreiber Schafan kam zum König und gab ihm Bericht und sprach: Deine Knechte haben das Silber bereit gemacht, das sich im Hause fand, und haben's den Werkmeistern gegeben, die bestellt sind am Hause des HERRN."},{"10":"Dazu sagte der Schreiber Schafan dem König und sprach: Der Priester Hilkija gab mir ein Buch. Und Schafan las es vor dem König."},{"11":"Da aber der König die Worte des Gesetzbuches hörte, zerriss er seine Kleider."},{"12":"Und der König gebot dem Priester Hilkija und Ahikam, dem Sohn Schafans, und Achbor, dem Sohn Michajas, und Schafan, dem Schreiber, und Asaja, dem Knecht des Königs, und sprach:"},{"13":"Geht hin und befragt den HERRN für mich, für das Volk und für ganz Juda über die Worte dieses Buches, das gefunden ist; denn groß ist der Grimm des HERRN, der über uns entbrannt ist, weil unsere Väter nicht gehorcht haben den Worten dieses Buches und nicht alles taten, was darin geschrieben ist."},{"14":"Da gingen hin der Priester Hilkija, Ahikam, Achbor, Schafan und Asaja zu der Prophetin Hulda, der Frau Schallums, des Sohnes Tikwas, des Sohnes des Harhas, des Hüters der Kleider, und sie wohnte in Jerusalem in der Neustadt; und sie redeten mit ihr."},{"15":"Sie aber sprach zu ihnen: So spricht der HERR, der Gott Israels: Sagt dem Mann, der euch zu mir gesandt hat:"},{"16":"So spricht der HERR: Siehe, ich will Unheil über diese Stätte und ihre Einwohner bringen, alle Worte des Buches, das der König von Juda hat lesen lassen,"},{"17":"weil sie mich verlassen und andern Göttern geräuchert haben, mich zu erzürnen mit allen Werken ihrer Hände; darum wird mein Grimm gegen diese Stätte entbrennen und nicht ausgelöscht werden."},{"18":"Aber dem König von Juda, der euch gesandt hat, den HERRN zu befragen, sollt ihr sagen: So spricht der HERR, der Gott Israels: Was die Worte angeht, die du gehört hast:"},{"19":"Weil dein Herz verzagt ist und du dich gedemütigt hast vor dem HERRN, als du hörtest, was ich geredet habe gegen diese Stätte und ihre Einwohner, dass sie sollen zum Entsetzen und zum Fluch werden, und weil du deine Kleider zerrissen hast und vor mir geweint hast, so habe ich's auch erhört, spricht der HERR."},{"20":"Darum will ich dich zu deinen Vätern versammeln, dass du mit Frieden in dein Grab kommst und deine Augen nicht sehen all das Unheil, das ich über diese Stätte bringen will. Und sie sagten es dem König wieder."}]