[{"1":"Im siebzehnten Jahr Pekachs, des Sohnes Remaljas, wurde Ahas König, der Sohn Jotams, des Königs von Juda."},{"2":"Zwanzig Jahre war Ahas alt, als er König wurde; und er regierte sechzehn Jahre zu Jerusalem. Und er tat nicht, was dem HERRN, seinem Gott, wohlgefiel, wie sein Vater David,"},{"3":"denn er wandelte auf dem Wege der Könige von Israel. Dazu ließ er seinen Sohn durchs Feuer gehen nach den Gräueln der Völker, die der HERR vor den Israeliten vertrieben hatte,"},{"4":"und brachte Opfer dar und räucherte auf den Höhen und auf den Hügeln und unter allen grünen Bäumen."},{"5":"Damals zogen Rezin, der König von Aram, und Pekach, der Sohn Remaljas, der König von Israel, hinauf, um gegen Jerusalem zu kämpfen, und belagerten Ahas in der Stadt; aber sie konnten sie nicht erobern."},{"6":"Zu dieser Zeit brachte Rezin, der König von Aram, Elat wieder an Edom und vertrieb die Judäer aus Elat. Danach kamen die Edomiter und wohnten darin bis auf diesen Tag."},{"7":"Aber Ahas sandte Boten zu Tiglat-Pileser, dem König von Assyrien, und ließ ihm sagen: Ich bin dein Knecht und dein Sohn. Komm herauf und hilf mir aus der Hand des Königs von Aram und des Königs von Israel, die sich gegen mich aufgemacht haben!"},{"8":"Und Ahas nahm das Silber und Gold, das sich in dem Hause des HERRN und in den Schätzen des Königshauses fand, und sandte es dem König von Assyrien als Geschenk."},{"9":"Und der König von Assyrien hörte auf ihn und zog herauf gegen Damaskus und eroberte es und führte die Einwohner weg nach Kir und tötete Rezin."},{"10":"Und der König Ahas zog Tiglat-Pileser entgegen, dem König von Assyrien, nach Damaskus. Und als er den Altar sah, der in Damaskus war, sandte der König Ahas zum Priester Uria Maße und Abbild des Altars, ganz wie dieser gemacht war."},{"11":"Und der Priester Uria baute einen Altar und machte ihn so, wie der König Ahas zu ihm gesandt hatte von Damaskus, bis König Ahas von Damaskus kam."},{"12":"Und als der König aus Damaskus zurückkam und den Altar sah, trat er heran, stieg hinauf"},{"13":"und verbrannte darauf sein Brandopfer und Speisopfer und goss darauf sein Trankopfer und sprengte das Blut der Dankopfer, die er opferte, an den Altar."},{"14":"Aber den bronzenen Altar, der vor dem HERRN stand, tat er weg von der Vorderseite des Tempels, damit er nicht stehe zwischen dem Altar und dem Hause des HERRN, und setzte ihn an die Seite des neuen Altars gegen Norden."},{"15":"Und der König Ahas gebot dem Priester Uria: Auf dem großen Altar sollst du anzünden das Brandopfer des Morgens und das Speisopfer des Abends und das Brandopfer des Königs und sein Speisopfer und das Brandopfer des ganzen Volks des Landes samt ihrem Speisopfer und Trankopfer; und alles Blut der Brandopfer und das Blut der Schlachtopfer sollst du daran sprengen. Aber wegen des bronzenen Altars will ich bedenken, was ich mache."},{"16":"Der Priester Uria tat alles, was ihm der König Ahas geboten hatte."},{"17":"Und der König Ahas brach die Leisten der Gestelle ab und nahm die Kessel von ihnen herunter. Und das Meer nahm er von den bronzenen Rindern herunter, die darunter waren, und setzte es auf ein steinernes Pflaster."},{"18":"Auch die bedeckte Sabbathalle, die am Tempel gebaut war, und den äußeren Königseingang am Hause des HERRN änderte er wegen des Königs von Assyrien."},{"19":"Was aber mehr von Ahas zu sagen ist, was er getan hat, siehe, das steht geschrieben in der Chronik der Könige von Juda."},{"20":"Und Ahas legte sich zu seinen Vätern und wurde begraben bei seinen Vätern in der Stadt Davids. Und sein Sohn Hiskia wurde König an seiner statt."}]