[{"1":"Im dritten Monat nach dem Auszug der Israeliten aus Ägyptenland, an diesem Tag kamen sie in die Wüste Sinai."},{"2":"Sie brachen auf von Refidim und kamen in die Wüste Sinai, und Israel lagerte sich dort in der Wüste gegenüber dem Berge."},{"3":"Und Mose stieg hinauf zu Gott. Und der HERR rief ihm vom Berge zu und sprach: So sollst du sagen zu dem Hause Jakob und den Israeliten verkündigen:"},{"4":"Ihr habt gesehen, was ich an den Ägyptern getan habe und wie ich euch getragen habe auf Adlerflügeln und euch zu mir gebracht."},{"5":"Werdet ihr nun meiner Stimme gehorchen und meinen Bund halten, so sollt ihr mein Eigentum sein vor allen Völkern; denn die ganze Erde ist mein."},{"6":"Und ihr sollt mir ein Königreich von Priestern und ein heiliges Volk sein. Das sind die Worte, die du den Israeliten sagen sollst."},{"7":"Mose kam und berief die Ältesten des Volks und legte ihnen alle diese Worte vor, die ihm der HERR geboten hatte."},{"8":"Und alles Volk antwortete einmütig und sprach: Alles, was der HERR geredet hat, wollen wir tun. Und Mose sagte die Worte des Volks dem HERRN wieder."},{"9":"Und der HERR sprach zu Mose: Siehe, ich will zu dir kommen in einer dichten Wolke, auf dass dies Volk es höre, wenn ich mit dir rede, und dir für immer glaube. Und Mose verkündete dem HERRN die Worte des Volks."},{"10":"Und der HERR sprach zu Mose: Geh hin zum Volk und heilige sie heute und morgen, dass sie ihre Kleider waschen"},{"11":"und bereit seien für den dritten Tag; denn am dritten Tage wird der HERR vor allem Volk herabfahren auf den Berg Sinai."},{"12":"Und zieh eine Grenze um das Volk und sprich zu ihnen: Hütet euch, auf den Berg zu steigen oder seinen Fuß anzurühren; denn wer den Berg anrührt, der soll des Todes sterben."},{"13":"Keine Hand soll ihn anrühren, sondern er soll gesteinigt oder erschossen werden; es sei Tier oder Mensch, sie sollen nicht leben bleiben. Wenn aber das Widderhorn lange tönen wird, dann soll man auf den Berg steigen."},{"14":"Mose stieg vom Berge zum Volk herab und heiligte sie, und sie wuschen ihre Kleider."},{"15":"Und er sprach zu ihnen: Seid bereit für den dritten Tag, und keiner rühre eine Frau an."},{"16":"Als nun der dritte Tag kam und es Morgen ward, da erhob sich ein Donnern und Blitzen und eine dichte Wolke auf dem Berge und der Ton einer sehr starken Posaune. Das ganze Volk aber, das im Lager war, erschrak."},{"17":"Und Mose führte das Volk aus dem Lager Gott entgegen, und es trat unten an den Berg."},{"18":"Der ganze Berg Sinai aber rauchte, weil der HERR auf den Berg herabfuhr im Feuer; und sein Rauch stieg auf wie der Rauch von einem Schmelzofen, und der ganze Berg bebte sehr."},{"19":"Und der Posaune Ton ward immer stärker. Und Mose redete, und Gott antwortete ihm laut."},{"20":"Als nun der HERR herniedergekommen war auf den Berg Sinai, oben auf seinen Gipfel, berief er Mose hinauf auf den Gipfel des Berges, und Mose stieg hinauf."},{"21":"Da sprach der HERR zu ihm: Steig hinab und verwarne das Volk, dass sie nicht durchbrechen zum HERRN, ihn zu sehen, und viele von ihnen fallen."},{"22":"Auch die Priester, die sonst zum HERRN nahen dürfen, sollen sich heiligen, dass der HERR nicht zwischen sie dreinfahre."},{"23":"Mose aber sprach zum HERRN: Das Volk kann nicht auf den Berg Sinai steigen, denn du hast uns verwarnt und gesagt: Zieh eine Grenze um den Berg und heilige ihn."},{"24":"Und der HERR sprach zu ihm: Geh hin, steig hinab und komm wieder herauf, du und Aaron mit dir; aber die Priester und das Volk sollen nicht durchbrechen, dass sie hinaufsteigen zu dem HERRN, damit er nicht zwischen sie dreinfahre."},{"25":"Und Mose stieg hinunter zum Volk und sagte es ihm."}]