[{"1":"Du sollst kein falsches Gerücht verbreiten; du sollst nicht einem Schuldigen Beistand leisten, indem du als Zeuge Gewalt deckst."},{"2":"Du sollst der Menge nicht auf dem Weg zum Bösen folgen und nicht so antworten vor Gericht, dass du der Menge nachgibst und vom Rechten abweichst."},{"3":"Du sollst den Geringen nicht begünstigen in seiner Sache."},{"4":"Wenn du dem Rind oder Esel deines Feindes begegnest, die sich verirrt haben, so sollst du sie ihm wieder zuführen."},{"5":"Wenn du den Esel deines Widersachers unter seiner Last liegen siehst, so lass ihn ja nicht im Stich, sondern hilf mit ihm zusammen dem Tiere auf."},{"6":"Du sollst das Recht deines Armen nicht beugen in seiner Sache."},{"7":"Halte dich ferne von einer Sache, bei der Lüge im Spiel ist. Den Unschuldigen und den, der im Recht ist, sollst du nicht töten; denn ich lasse den Schuldigen nicht recht haben."},{"8":"Du sollst dich nicht durch Geschenke bestechen lassen; denn Geschenke machen die Sehenden blind und verdrehen die Sache derer, die im Recht sind."},{"9":"Einen Fremdling sollst du nicht bedrängen; denn ihr wisst um der Fremdlinge Herz, weil ihr auch Fremdlinge in Ägyptenland gewesen seid."},{"10":"Sechs Jahre sollst du dein Land besäen und seine Früchte einsammeln."},{"11":"Aber im siebenten Jahr sollst du es ruhen und brach liegen lassen, dass die Armen unter deinem Volk davon essen; und was übrig bleibt, mag das Wild auf dem Felde fressen. Ebenso sollst du es halten mit deinem Weinberg und deinen Ölbäumen."},{"12":"Sechs Tage sollst du deine Arbeit tun; aber am siebenten Tage sollst du ruhen, auf dass dein Rind und Esel sich ausruhen und deiner Sklavin Sohn und der Fremdling sich erquicken."},{"13":"Alles, was ich euch gesagt habe, das haltet. Die Namen anderer Götter sollt ihr nicht anrufen, und aus eurem Munde sollen sie nicht gehört werden."},{"14":"Dreimal im Jahr sollst du mir ein Fest feiern:"},{"15":"Das Fest der Ungesäuerten Brote sollst du so halten, dass du sieben Tage ungesäuertes Brot isst, wie ich dir geboten habe, im Monat Abib, denn zu dieser Zeit bist du aus Ägypten gezogen. Niemand erscheine mit leeren Händen vor mir!"},{"16":"Und du sollst halten das Fest der Ernte, der Erstlinge deiner Früchte, die du auf dem Felde gesät hast, und das Fest der Lese am Ausgang des Jahres, wenn du den Ertrag deiner Arbeit eingesammelt hast vom Felde."},{"17":"Dreimal im Jahre soll erscheinen vor dem HERRN, dem Herrscher, alles, was männlich ist unter dir."},{"18":"Du sollst das Blut meines Opfers nicht zugleich mit Sauerteig opfern, und das Fett von meinem Fest soll nicht über Nacht bleiben bis zum Morgen."},{"19":"Das Beste von den Erstlingen deines Feldes sollst du in das Haus des HERRN, deines Gottes, bringen. Du sollst das Böcklein nicht kochen in seiner Mutter Milch."},{"20":"Siehe, ich sende einen Engel vor dir her, der dich behüte auf dem Wege und dich bringe an den Ort, den ich bestimmt habe."},{"21":"Hüte dich vor ihm und gehorche seiner Stimme und erbittere ihn nicht, denn er wird euer Übertreten nicht vergeben, weil mein Name in ihm ist."},{"22":"Wirst du aber auf seine Stimme hören und alles tun, was ich dir sage, so will ich deiner Feinde Feind und deiner Widersacher Widersacher sein."},{"23":"Ja, mein Engel wird vor dir hergehen und dich bringen zu den Amoritern, Hetitern, Perisitern, Kanaanitern, Hiwitern und Jebusitern, und ich will sie vertilgen."},{"24":"Du sollst ihre Götter nicht anbeten noch ihnen dienen noch tun, wie sie tun, sondern du sollst sie umreißen und ihre Steinmale zerbrechen."},{"25":"Aber dem HERRN, eurem Gott, sollt ihr dienen, so wird er dein Brot und dein Wasser segnen, und ich will alle Krankheit von dir wenden."},{"26":"Es soll keine Frau in deinem Lande eine Fehlgeburt haben oder unfruchtbar sein, und ich will dich alt werden lassen."},{"27":"Ich will meinen Schrecken vor dir hersenden und alle Völker verzagt machen, wohin du kommst, und will geben, dass alle deine Feinde vor dir fliehen."},{"28":"Ich will Hornissen vor dir hersenden, die vor dir her vertreiben die Hiwiter, Kanaaniter und Hetiter."},{"29":"Aber ich will sie nicht in einem Jahr ausstoßen vor dir, auf dass nicht das Land wüst werde und sich die wilden Tiere wider dich mehren."},{"30":"Einzeln nacheinander will ich sie vor dir her ausstoßen, bis du zahlreich bist und das Land besitzt."},{"31":"Und ich will deine Grenze festsetzen von dem Schilfmeer bis an das Philistermeer und von der Wüste bis an den Euphratstrom. Denn ich will in eure Hand geben die Bewohner des Landes, dass du sie ausstoßen sollst vor dir her."},{"32":"Du sollst mit ihnen und mit ihren Göttern keinen Bund schließen."},{"33":"Lass sie nicht wohnen in deinem Lande, dass sie dich nicht verführen zur Sünde wider mich; denn wenn du ihren Göttern dienst, wird dir das zum Fallstrick werden."}]