[{"1":"Dies sind die Rechtsordnungen, die du ihnen vorlegen sollst:"},{"2":"Wenn du einen hebräischen Sklaven kaufst, so soll er dir sechs Jahre dienen; im siebenten Jahr aber soll er freigelassen werden ohne Lösegeld."},{"3":"Ist er ohne Frau gekommen, so soll er auch ohne Frau gehen; ist er aber mit seiner Frau gekommen, so soll sie mit ihm gehen."},{"4":"Hat ihm aber sein Herr eine Frau gegeben und hat sie ihm Söhne oder Töchter geboren, so sollen Frau und Kinder seinem Herrn gehören, er aber soll ohne Frau gehen."},{"5":"Spricht aber der Sklave: Ich habe meinen Herrn lieb und meine Frau und Kind, ich will nicht frei werden,"},{"6":"so bringe ihn sein Herr vor Gott und stelle ihn an die Tür oder den Pfosten und durchbohre mit einem Pfriemen sein Ohr, und er sei sein Sklave für immer."},{"7":"Verkauft jemand seine Tochter als Sklavin, so darf sie nicht freigelassen werden wie die Sklaven."},{"8":"Gefällt sie aber ihrem Herrn nicht, nachdem er sie für sich bestimmt hat, so soll er sie auslösen lassen. Er hat aber nicht Macht, sie unter ein fremdes Volk zu verkaufen, nachdem er sie verschmäht hat."},{"9":"Hat er sie aber für seinen Sohn bestimmt, so soll er nach dem Recht der Töchter an ihr tun."},{"10":"Nimmt er sich aber noch eine andere, so soll er der ersten an Nahrung, Kleidung und ehelichem Recht nichts abbrechen."},{"11":"Erfüllt er an ihr diese drei Pflichten nicht, so soll sie umsonst freigelassen werden, ohne Lösegeld."},{"12":"Wer einen Menschen schlägt, dass er stirbt, der soll des Todes sterben."},{"13":"Hat er ihm aber nicht nachgestellt, sondern hat Gott es seiner Hand widerfahren lassen, so will ich dir einen Ort bestimmen, wohin er fliehen kann."},{"14":"Wenn aber jemand an seinem Nächsten frevelt und ihn mit Hinterlist umbringt, so sollst du ihn von meinem Altar wegreißen, dass man ihn töte."},{"15":"Wer Vater oder Mutter schlägt, der soll des Todes sterben."},{"16":"Wer einen Menschen raubt, sei es, dass er ihn verkauft, sei es, dass man ihn bei ihm findet, der soll des Todes sterben."},{"17":"Wer Vater oder Mutter flucht, der soll des Todes sterben."},{"18":"Wenn Männer miteinander streiten und einer schlägt den andern mit einem Stein oder mit der Faust, dass er nicht stirbt, sondern zu Bett liegen muss"},{"19":"und wieder aufkommt und ausgehen kann an seinem Stock, so soll der, der ihn schlug, nicht bestraft werden; er soll ihm aber bezahlen, was er versäumt hat, und das Arztgeld geben."},{"20":"Wenn jemand seinen Sklaven oder seine Sklavin schlägt mit einem Stock, dass sie unter seinen Händen sterben, muss er bestraft werden."},{"21":"Bleiben sie aber einen oder zwei Tage am Leben, so soll er nicht bestraft werden; denn es ist sein Geld."},{"22":"Wenn Männer miteinander streiten und stoßen dabei eine schwangere Frau, sodass ihr die Frucht abgeht, ihr aber sonst kein Schaden widerfährt, so soll man ihn um Geld strafen, wie viel ihr Ehemann ihm auferlegt, und er soll's geben durch die Hand der Richter."},{"23":"Entsteht ein dauernder Schaden, so sollst du geben Leben um Leben,"},{"24":"Auge um Auge, Zahn um Zahn, Hand um Hand, Fuß um Fuß,"},{"25":"Brandmal um Brandmal, Wunde um Wunde, Beule um Beule."},{"26":"Wenn jemand seinen Sklaven oder seine Sklavin ins Auge schlägt und zerstört es, der soll sie freilassen um des Auges willen."},{"27":"Desgleichen wenn er seinem Sklaven oder seiner Sklavin einen Zahn ausschlägt, soll er sie freilassen um des Zahnes willen."},{"28":"Wenn ein Rind einen Mann oder eine Frau stößt, dass sie sterben, so soll man das Rind steinigen und sein Fleisch nicht essen; aber der Besitzer des Rindes soll nicht bestraft werden."},{"29":"Ist aber das Rind zuvor stößig gewesen und seinem Besitzer war's bekannt und er hat das Rind nicht verwahrt und es tötet nun einen Mann oder eine Frau, so soll man das Rind steinigen, und sein Besitzer soll sterben."},{"30":"Will man ihm aber ein Lösegeld auferlegen, so soll er geben, was man ihm auferlegt, um sein Leben auszulösen."},{"31":"Ebenso soll man mit ihm verfahren, wenn das Rind einen Sohn oder eine Tochter stößt."},{"32":"Stößt es aber einen Sklaven oder eine Sklavin, so soll der Besitzer ihrem Herrn dreißig Schekel Silber geben, und das Rind soll man steinigen."},{"33":"Wenn jemand eine Zisterne aufdeckt oder gräbt eine Zisterne und deckt sie nicht zu und es fällt ein Rind oder Esel hinein,"},{"34":"so soll der Besitzer der Zisterne mit Geld dem andern Ersatz leisten, das tote Tier aber soll ihm gehören."},{"35":"Wenn jemandes Rind eines andern Rind stößt, dass es stirbt, so sollen sie das lebendige Rind verkaufen und das Geld teilen und das tote Tier auch teilen."},{"36":"Ist's aber bekannt gewesen, dass das Rind zuvor stößig gewesen ist, und sein Besitzer hat es nicht verwahrt, so soll er ein Rind für das andere erstatten und das tote Tier haben."},{"37":"Wenn jemand ein Rind oder ein Schaf stiehlt und schlachtet's oder verkauft's, so soll er fünf Rinder für ein Rind wiedergeben und vier Schafe für ein Schaf."}]