[{"1":"Der HERR aber sprach zu Mose und Aaron in Ägyptenland:"},{"2":"Dieser Monat soll bei euch der erste Monat sein, und von ihm an sollt ihr die Monate des Jahres zählen."},{"3":"Sagt der ganzen Gemeinde Israel: Am zehnten Tage dieses Monats nehme jeder Hausvater ein Lamm, je ein Lamm für ein Haus."},{"4":"Wenn aber in einem Hause für ein Lamm zu wenige sind, so nehme er's mit seinem Nachbarn, der seinem Hause am nächsten wohnt, bis es so viele sind, dass sie das Lamm aufessen können."},{"5":"Ihr sollt aber ein solches Lamm nehmen, an dem kein Fehler ist, ein männliches Tier, ein Jahr alt. Von den Schafen und Ziegen sollt ihr's nehmen"},{"6":"und sollt es verwahren bis zum vierzehnten Tag des Monats. Da soll es die ganze Versammlung der Gemeinde Israel schlachten gegen Abend."},{"7":"Und sie sollen von seinem Blut nehmen und beide Pfosten an der Tür und den Türsturz damit bestreichen an den Häusern, in denen sie's essen,"},{"8":"und sollen das Fleisch essen in derselben Nacht, am Feuer gebraten, und ungesäuertes Brot dazu und sollen es mit bitteren Kräutern essen."},{"9":"Ihr sollt es weder roh essen noch mit Wasser gekocht, sondern am Feuer gebraten mit Kopf, Schenkeln und inneren Teilen."},{"10":"Und ihr sollt nichts davon übrig lassen bis zum Morgen; wenn aber etwas übrig bleibt bis zum Morgen, sollt ihr's mit Feuer verbrennen."},{"11":"So sollt ihr's aber essen: Um eure Lenden sollt ihr gegürtet sein und eure Schuhe an euren Füßen haben und den Stab in der Hand und sollt es in Eile essen; es ist des HERRN Passa."},{"12":"Denn ich will in derselben Nacht durch Ägyptenland gehen und alle Erstgeburt schlagen in Ägyptenland unter Mensch und Vieh und will Strafgericht halten über alle Götter der Ägypter. Ich bin der HERR."},{"13":"Dann aber soll das Blut euer Zeichen sein an den Häusern, in denen ihr seid: Wo ich das Blut sehe, will ich an euch vorübergehen, und die Plage soll euch nicht widerfahren, die das Verderben bringt, wenn ich Ägyptenland schlage."},{"14":"Ihr sollt diesen Tag als Gedenktag haben und sollt ihn feiern als ein Fest für den HERRN, ihr und alle eure Nachkommen, als ewige Ordnung."},{"15":"Sieben Tage sollt ihr ungesäuertes Brot essen. Schon am ersten Tag sollt ihr den Sauerteig aus euren Häusern tun. Wer gesäuertes Brot isst, vom ersten Tag an bis zum siebenten, der soll ausgerottet werden aus Israel."},{"16":"Am ersten Tag soll heilige Versammlung sein und am siebenten soll auch heilige Versammlung sein. Keine Arbeit sollt ihr dann tun; nur was jeder zur Speise braucht, das allein dürft ihr euch zubereiten."},{"17":"Haltet das Gebot der ungesäuerten Brote. Denn eben an diesem Tage habe ich eure Scharen aus Ägyptenland geführt; darum sollt ihr diesen Tag halten, ihr und alle eure Nachkommen, als ewige Ordnung."},{"18":"Am vierzehnten Tage des ersten Monats am Abend sollt ihr ungesäuertes Brot essen bis zum Abend des einundzwanzigsten Tages des Monats,"},{"19":"sodass man sieben Tage lang keinen Sauerteig finde in euren Häusern. Denn wer gesäuertes Brot isst, der soll ausgerottet werden aus der Gemeinde Israel, sei es ein Fremdling oder ein Einheimischer im Lande."},{"20":"Keinerlei gesäuertes Brot sollt ihr essen, sondern nur ungesäuertes Brot, wo immer ihr wohnt."},{"21":"Und Mose rief alle Ältesten Israels und sprach zu ihnen: Lest Schafe aus und nehmt sie für euch nach euren Geschlechtern und schlachtet das Passa."},{"22":"Und nehmt ein Büschel Ysop und taucht es in das Blut in dem Becken und bestreicht damit den Türsturz und die beiden Pfosten. Und keiner von euch gehe zu seiner Haustür heraus bis zum Morgen."},{"23":"Denn der HERR wird umhergehen und die Ägypter schlagen. Wenn er aber das Blut sehen wird am Türsturz und an den beiden Pfosten, wird er an der Tür vorübergehen und den Verderber nicht in eure Häuser kommen lassen, um euch zu schlagen."},{"24":"Darum so halte diese Ordnung für dich und deine Nachkommen ewiglich."},{"25":"Und wenn ihr in das Land kommt, das euch der HERR geben wird, wie er gesagt hat, so haltet fest an diesem Brauch."},{"26":"Und wenn eure Kinder zu euch sagen werden: Was habt ihr da für einen Brauch?,"},{"27":"sollt ihr sagen: Es ist das Passaopfer des HERRN, der an den Israeliten vorüberging in Ägypten, als er die Ägypter schlug und unsere Häuser errettete. Da neigte sich das Volk und betete an."},{"28":"Und die Israeliten gingen hin und taten, wie der HERR es Mose und Aaron geboten hatte."},{"29":"Und zur Mitternacht schlug der HERR alle Erstgeburt in Ägyptenland vom ersten Sohn des Pharao an, der auf seinem Thron saß, bis zum ersten Sohn des Gefangenen im Gefängnis und alle Erstgeburt des Viehs."},{"30":"Da stand der Pharao auf in derselben Nacht und alle seine Großen und alle Ägypter, und es ward ein großes Geschrei in Ägypten; denn es war kein Haus, in dem nicht ein Toter war."},{"31":"Und er ließ Mose und Aaron rufen in der Nacht und sprach: Macht euch auf und zieht weg aus meinem Volk, ihr und die Israeliten. Geht hin und dient dem HERRN, wie ihr gesagt habt."},{"32":"Nehmt auch mit euch eure Schafe und Rinder, wie ihr gesagt habt. Geht hin und bittet auch um Segen für mich."},{"33":"Und die Ägypter drängten das Volk und trieben es eilends aus dem Lande; denn sie sprachen: Wir sind alle des Todes."},{"34":"Und das Volk trug den rohen Teig, ehe er durchsäuert war, ihre Backschüsseln in ihre Mäntel gewickelt, auf ihren Schultern."},{"35":"Und die Israeliten hatten getan, wie Mose gesagt hatte, und hatten sich von den Ägyptern silberne und goldene Gefäße und Kleider geben lassen."},{"36":"Dazu hatte der HERR dem Volk Gunst verschafft bei den Ägyptern, dass sie ihnen willfährig waren, und so nahmen sie es den Ägyptern weg."},{"37":"Also zogen die Israeliten aus von Ramses nach Sukkot, sechshunderttausend Mann zu Fuß ohne die Frauen und Kinder."},{"38":"Und es zog auch mit ihnen viel fremdes Volk, dazu Schafe und Rinder, sehr viel Vieh."},{"39":"Und sie backten aus dem rohen Teig, den sie aus Ägypten mitbrachten, ungesäuerte Brote; denn er war nicht gesäuert, weil sie aus Ägypten weggetrieben wurden und sich nicht länger aufhalten konnten und keine Wegzehrung zubereitet hatten."},{"40":"Die Zeit aber, die die Israeliten in Ägypten gewohnt haben, ist vierhundertdreißig Jahre."},{"41":"Als diese um waren, an eben diesem Tage zog das ganze Heer des HERRN aus Ägyptenland."},{"42":"Eine Nacht des Wachens war dies für den HERRN, um sie aus Ägyptenland zu führen; darum sollen die Israeliten diese Nacht dem HERRN zu Ehren wachen, sie und ihre Nachkommen."},{"43":"Und der HERR sprach zu Mose und Aaron: Dies ist die Ordnung für das Passa: Kein Fremder soll davon essen."},{"44":"Ist er ein gekaufter Sklave, so beschneide man ihn; dann darf er davon essen."},{"45":"Ist er aber ein Beisasse oder Tagelöhner, so darf er nicht davon essen."},{"46":"In einem einzigen Hause soll man es verzehren; ihr sollt nichts von seinem Fleisch hinaus vor das Haus tragen und sollt keinen Knochen an ihm zerbrechen."},{"47":"Die ganze Gemeinde Israel soll das tun."},{"48":"Wenn ein Fremdling bei dir wohnt und dem HERRN das Passa halten will, der beschneide alles, was männlich ist; alsdann trete er herzu, dass er es halte, und er sei wie ein Einheimischer des Landes. Aber ein Unbeschnittener darf nicht davon essen."},{"49":"Ein und dasselbe Gesetz gelte für den Einheimischen und den Fremdling, der unter euch wohnt."},{"50":"Und alle Israeliten taten, wie der HERR es Mose und Aaron geboten hatte."},{"51":"An eben diesem Tage führte der HERR die Israeliten aus Ägyptenland, Schar um Schar."}]