[{"1":"Und der HERR sprach zu Mose: Haue dir zwei steinerne Tafeln zu, wie die ersten waren, dass ich die Worte darauf schreibe, die auf den ersten Tafeln standen, welche du zerbrochen hast."},{"2":"Und sei morgen bereit, dass du früh auf den Berg Sinai steigst und dort zu mir trittst auf dem Gipfel des Berges."},{"3":"Und lass niemand mit dir hinaufsteigen; es soll auch niemand gesehen werden auf dem ganzen Berge. Auch kein Schaf und Rind lass weiden gegen diesen Berg hin."},{"4":"Und Mose hieb zwei steinerne Tafeln zu, wie die ersten waren, und stand am Morgen früh auf und stieg auf den Berg Sinai, wie ihm der HERR geboten hatte, und nahm die zwei steinernen Tafeln in seine Hand."},{"5":"Da kam der HERR hernieder in einer Wolke und trat daselbst zu ihm. Und er rief aus den Namen des HERRN."},{"6":"Und der HERR ging vor seinem Angesicht vorüber, und er rief aus: HERR, HERR, Gott, barmherzig und gnädig und geduldig und von großer Gnade und Treue,"},{"7":"der da Tausenden Gnade bewahrt und vergibt Missetat, Übertretung und Sünde, aber ungestraft lässt er niemand, sondern sucht die Missetat der Väter heim an Kindern und Kindeskindern bis ins dritte und vierte Glied."},{"8":"Und Mose neigte sich eilends zur Erde und betete an"},{"9":"und sprach: Hab ich, HERR, Gnade vor deinen Augen gefunden, so gehe der Herr in unserer Mitte, denn es ist ein halsstarriges Volk; und vergib uns unsere Missetat und Sünde und lass uns dein Erbbesitz sein."},{"10":"Und der HERR sprach: Siehe, ich will einen Bund schließen: Vor deinem ganzen Volk will ich Wunder tun, wie sie nicht geschaffen sind in allen Landen und unter allen Völkern, und das ganze Volk, in dessen Mitte du bist, soll des HERRN Werk sehen; denn wunderbar wird sein, was ich an dir tun werde."},{"11":"Halte, was ich dir heute gebiete. Siehe, ich will vor dir her ausstoßen die Amoriter, Kanaaniter, Hetiter, Perisiter, Hiwiter und Jebusiter."},{"12":"Hüte dich, einen Bund zu schließen mit den Bewohnern des Landes, in das du kommst, damit sie dir nicht zum Fallstrick werden in deiner Mitte;"},{"13":"sondern ihre Altäre sollst du umstürzen und ihre Steinmale zerbrechen und ihre heiligen Pfähle umhauen;"},{"14":"denn du sollst keinen andern Gott anbeten. Denn der HERR heißt ein Eiferer; ein eifernder Gott ist er."},{"15":"Hüte dich, einen Bund zu schließen mit den Bewohnern des Landes, damit sie, wenn sie ihren Göttern nachlaufen und ihnen opfern, dich nicht einladen und du von ihrem Opfer isst"},{"16":"und damit du für deine Söhne ihre Töchter nicht zu Frauen nimmst und diese dann ihren Göttern nachlaufen und machen, dass deine Söhne auch ihren Göttern nachhuren!"},{"17":"Du sollst dir keine gegossenen Götterbilder machen."},{"18":"Das Fest der Ungesäuerten Brote sollst du halten. Sieben Tage sollst du ungesäuertes Brot essen, wie ich dir geboten habe, zur Zeit des Monats Abib; denn im Monat Abib bist du aus Ägypten gezogen."},{"19":"Alle Erstgeburt ist mein, alle männliche Erstgeburt von deinem Vieh, es sei Stier oder Schaf."},{"20":"Aber den Erstling des Esels sollst du mit einem Schaf auslösen. Wenn du ihn aber nicht auslöst, so brich ihm das Genick. Alle Erstgeburt unter deinen Söhnen sollst du auslösen. Und dass niemand vor mir mit leeren Händen erscheine!"},{"21":"Sechs Tage sollst du arbeiten; am siebenten Tage sollst du ruhen, auch in der Zeit des Pflügens und des Erntens."},{"22":"Das Wochenfest sollst du halten mit den Erstlingen der Weizenernte und das Fest der Lese, wenn das Jahr um ist."},{"23":"Dreimal im Jahr soll alles, was männlich ist, erscheinen vor dem Herrscher, dem HERRN, dem Gott Israels."},{"24":"Denn ich werde die Völker vor dir ausstoßen und dein Gebiet weit machen, und niemand soll dein Land begehren, während du dreimal im Jahr hinaufgehst, um vor dem HERRN, deinem Gott, zu erscheinen."},{"25":"Du sollst das Blut meines Opfers nicht darbringen zugleich mit dem Sauerteig, und das Opfer des Passafestes soll nicht über Nacht bleiben bis zum Morgen."},{"26":"Das Beste von den ersten Früchten deines Ackers sollst du in das Haus des HERRN, deines Gottes, bringen. Du sollst das Böcklein nicht kochen in seiner Mutter Milch."},{"27":"Und der HERR sprach zu Mose: Schreib dir diese Worte auf; denn aufgrund dieser Worte schließe ich mit dir einen Bund und mit Israel."},{"28":"Und er war allda bei dem HERRN vierzig Tage und vierzig Nächte und aß kein Brot und trank kein Wasser. Und er schrieb auf die Tafeln die Worte des Bundes, die Zehn Worte."},{"29":"Als nun Mose vom Berge Sinai herabstieg, hatte er die zwei Tafeln des Gesetzes in seiner Hand und wusste nicht, dass die Haut seines Angesichts glänzte, weil er mit Gott geredet hatte."},{"30":"Als aber Aaron und alle Israeliten sahen, dass die Haut seines Angesichts glänzte, fürchteten sie sich, ihm zu nahen."},{"31":"Da rief sie Mose, und sie wandten sich wieder zu ihm, Aaron und alle Obersten der Gemeinde, und er redete mit ihnen."},{"32":"Danach nahten sich ihm auch alle Israeliten. Und er gebot ihnen alles, was der HERR mit ihm geredet hatte auf dem Berge Sinai."},{"33":"Und als er dies alles mit ihnen geredet hatte, legte er eine Decke auf sein Angesicht."},{"34":"Und wenn er hineinging vor den HERRN, mit ihm zu reden, tat er die Decke ab, bis er wieder herausging. Und wenn er herauskam und zu den Israeliten redete, was ihm geboten war,"},{"35":"sahen die Israeliten, wie die Haut seines Angesichts glänzte. Dann tat er die Decke auf sein Angesicht, bis er wieder hineinging, mit ihm zu reden."}]