[{"1":"Und der HERR sprach zu Mose: Eine Plage noch will ich über den Pharao und Ägypten kommen lassen. Dann wird er euch von hier wegziehen lassen, und nicht nur das, sondern er wird euch von hier sogar vertreiben."},{"2":"So sage nun zu dem Volk, dass ein jeder sich von seinem Nachbarn und eine jede von ihrer Nachbarin silberne und goldene Gefäße geben lasse."},{"3":"Und der HERR verschaffte dem Volk Gunst bei den Ägyptern, und der Mann Mose war sehr angesehen in Ägyptenland vor den Großen des Pharao und vor dem Volk."},{"4":"Und Mose sprach: So spricht der HERR: Um Mitternacht will ich durch Ägypten gehen,"},{"5":"und alle Erstgeburt in Ägyptenland soll sterben, vom ersten Sohn des Pharao an, der auf seinem Thron sitzt, bis zum ersten Sohn der Magd, die hinter ihrer Mühle hockt, und alle Erstgeburt unter dem Vieh."},{"6":"Und es wird ein großes Geschrei sein in ganz Ägyptenland, wie nie zuvor gewesen ist noch werden wird;"},{"7":"aber gegen die Israeliten soll nicht einmal ein Hund mucken, weder gegen Mensch noch Vieh, auf dass ihr erkennt, dass der HERR einen Unterschied macht zwischen Ägypten und Israel."},{"8":"Dann werden zu mir herabkommen alle diese deine Großen und mir zu Füßen fallen und sagen: Zieh aus, du und alles Volk, das dir nachgeht. Und daraufhin werde ich ausziehen. Und Mose ging vom Pharao mit grimmigem Zorn."},{"9":"Der HERR aber sprach zu Mose: Der Pharao wird nicht auf euch hören, auf dass meiner Wunder noch mehr werden in Ägyptenland."},{"10":"Und Mose und Aaron haben diese Wunder alle getan vor dem Pharao; aber der HERR verstockte ihm das Herz, sodass er die Israeliten nicht ziehen ließ aus seinem Lande."}]