[{"1":"Der HERR sprach zu Mose: Geh, zieh von dannen, du und das Volk, das du aus Ägyptenland heraufgeführt hast, in das Land, von dem ich Abraham, Isaak und Jakob geschworen habe: Deinen Nachkommen will ich's geben."},{"2":"Und ich will vor dir her senden einen Engel und vertreiben die Kanaaniter, Amoriter, Hetiter, Perisiter, Hiwiter und Jebusiter"},{"3":"und will dich bringen in das Land, darin Milch und Honig fließt. Ich selbst will nicht mit dir hinaufziehen, denn du bist ein halsstarriges Volk; ich würde dich unterwegs verzehren."},{"4":"Als das Volk diese harte Rede hörte, trugen sie Leid, und niemand tat seinen Schmuck an."},{"5":"Und der HERR sprach zu Mose: Sage zu den Israeliten: Ihr seid ein halsstarriges Volk. Wenn ich nur einen Augenblick mit dir hinaufzöge, würde ich dich vertilgen. Und nun lege deinen Schmuck ab, dann will ich sehen, was ich dir tue."},{"6":"Und die Israeliten taten ihren Schmuck von sich, seit sie am Berg Horeb waren."},{"7":"Mose aber nahm das Zelt und schlug es draußen auf, fern von dem Lager, und nannte es Stiftshütte. Und wer den HERRN befragen wollte, musste herausgehen zur Stiftshütte vor das Lager."},{"8":"Und wenn Mose hinausging zum Zelt, so stand alles Volk auf, und jeder trat in seines Zeltes Tür und sah ihm nach, bis er ins Zelt hineinging."},{"9":"Und wenn Mose ins Zelt hineinging, so kam die Wolkensäule hernieder und stand am Eingang des Zeltes, und der HERR redete mit Mose."},{"10":"Und alles Volk sah die Wolkensäule am Eingang des Zeltes stehen, und sie standen auf und neigten sich, ein jeder in seines Zeltes Tür."},{"11":"Der HERR aber redete mit Mose von Angesicht zu Angesicht, wie ein Mann mit seinem Freunde redet. Dann kehrte er zum Lager zurück; aber sein Diener Josua, der Sohn Nuns, ein junger Mann, wich nicht aus dem Zelt."},{"12":"Und Mose sprach zu dem HERRN: Siehe, du sprichst zu mir: Führe dies Volk hinauf!, und lässt mich nicht wissen, wen du mit mir senden willst, wo du doch gesagt hast: Ich kenne dich mit Namen, und du hast Gnade vor meinen Augen gefunden."},{"13":"Hab ich denn Gnade vor deinen Augen gefunden, so lass mich deinen Weg wissen, damit ich dich erkenne und Gnade vor deinen Augen finde. Und sieh doch, dass dies Volk dein Volk ist."},{"14":"Er sprach: Mein Angesicht soll vorangehen; ich will dich zur Ruhe leiten."},{"15":"Mose aber sprach zu ihm: Wenn nicht dein Angesicht vorangeht, so führe uns nicht von hier hinauf."},{"16":"Denn woran soll erkannt werden, dass ich und dein Volk vor deinen Augen Gnade gefunden haben, wenn nicht daran, dass du mit uns gehst, sodass ich und dein Volk erhoben werden vor allen Völkern, die auf dem Erdboden sind?"},{"17":"Der HERR sprach zu Mose: Auch das, was du jetzt gesagt hast, will ich tun; denn du hast Gnade vor meinen Augen gefunden, und ich kenne dich mit Namen."},{"18":"Und Mose sprach: Lass mich deine Herrlichkeit sehen!"},{"19":"Und er sprach: Ich will vor deinem Angesicht all meine Güte vorübergehen lassen und will ausrufen den Namen des HERRN vor dir: Wem ich gnädig bin, dem bin ich gnädig, und wessen ich mich erbarme, dessen erbarme ich mich."},{"20":"Und er sprach weiter: Mein Angesicht kannst du nicht sehen; denn kein Mensch wird leben, der mich sieht."},{"21":"Und der HERR sprach weiter: Siehe, es ist ein Raum bei mir, da sollst du auf dem Fels stehen."},{"22":"Wenn dann meine Herrlichkeit vorübergeht, will ich dich in die Felskluft stellen und meine Hand über dir halten, bis ich vorübergegangen bin."},{"23":"Dann will ich meine Hand von dir tun, und du darfst hinter mir her sehen; aber mein Angesicht kann man nicht sehen."}]