[{"1":"Als aber das Volk sah, dass Mose ausblieb und nicht wieder von dem Berge herabkam, sammelte es sich gegen Aaron und sprach zu ihm: Auf, mache uns Götter, die vor uns hergehen! Denn wir wissen nicht, was diesem Mann Mose widerfahren ist, der uns aus Ägyptenland geführt hat."},{"2":"Aaron sprach zu ihnen: Reißt ab die goldenen Ohrringe an den Ohren eurer Frauen, eurer Söhne und eurer Töchter und bringt sie zu mir."},{"3":"Da riss alles Volk sich die goldenen Ohrringe von den Ohren und brachte sie zu Aaron."},{"4":"Und er nahm sie von ihren Händen und formte das Gold und machte ein gegossenes Kalb. Und sie sprachen: Das sind deine Götter, Israel, die dich aus Ägyptenland geführt haben!"},{"5":"Als das Aaron sah, baute er einen Altar vor ihm und ließ ausrufen und sprach: Morgen ist des HERRN Fest."},{"6":"Und sie standen früh am Morgen auf und opferten Brandopfer und brachten dazu Dankopfer dar. Danach setzte sich das Volk, um zu essen und zu trinken, und sie standen auf, um ihre Lust zu treiben."},{"7":"Der HERR sprach aber zu Mose: Geh, steig hinab; denn dein Volk, das du aus Ägyptenland geführt hast, hat schändlich gehandelt."},{"8":"Sie sind schnell von dem Wege gewichen, den ich ihnen geboten habe. Sie haben sich ein gegossenes Kalb gemacht und haben's angebetet und ihm geopfert und gesagt: Dies sind deine Götter, Israel, die dich aus Ägyptenland geführt haben."},{"9":"Und der HERR sprach zu Mose: Ich habe dies Volk gesehen. Und siehe, es ist ein halsstarriges Volk."},{"10":"Und nun lass mich, dass mein Zorn über sie entbrenne und sie verzehre; dafür will ich dich zum großen Volk machen."},{"11":"Mose wollte den HERRN, seinen Gott, besänftigen und sprach: Ach, HERR, warum will dein Zorn entbrennen über dein Volk, das du mit großer Kraft und starker Hand aus Ägyptenland geführt hast?"},{"12":"Warum sollen die Ägypter sagen: Er hat sie zu ihrem Unglück herausgeführt, dass er sie umbrächte im Gebirge und vertilgte sie von dem Erdboden? Kehre dich ab von deinem glühenden Zorn und lass dich des Unheils gereuen, das du über dein Volk bringen willst."},{"13":"Gedenke an deine Knechte Abraham, Isaak und Israel, denen du bei dir selbst geschworen und verheißen hast: Ich will eure Nachkommen mehren wie die Sterne am Himmel, und dies ganze Land, das ich verheißen habe, will ich euren Nachkommen geben, und sie sollen es besitzen für ewig."},{"14":"Da gereute den HERRN das Unheil, das er seinem Volk angedroht hatte."},{"15":"Mose wandte sich und stieg vom Berge und hatte die zwei Tafeln des Gesetzes in seiner Hand; die waren beschrieben auf beiden Seiten, vorn und hinten waren sie beschrieben."},{"16":"Und Gott hatte sie selbst gemacht, und die Schrift war Gottes Schrift, eingegraben in die Tafeln."},{"17":"Als nun Josua das Geschrei des Volks hörte, sprach er zu Mose: Es ist ein Kriegsgeschrei im Lager."},{"18":"Er antwortete: Es ist kein Geschrei wie bei einem Sieg, und es ist kein Geschrei wie bei einer Niederlage, ich höre Geschrei wie beim Tanz."},{"19":"Als Mose aber nahe zum Lager kam und das Kalb und das Tanzen sah, entbrannte sein Zorn, und er warf die Tafeln aus der Hand und zerbrach sie unten am Berge"},{"20":"und nahm das Kalb, das sie gemacht hatten, und verbrannte es im Feuer und zermalmte es zu Pulver und streute es aufs Wasser und gab's den Israeliten zu trinken."},{"21":"Und er sprach zu Aaron: Was hat dir dies Volk getan, dass du eine so große Sünde über sie gebracht hast?"},{"22":"Aaron sprach: Mein Herr lasse seinen Zorn nicht entbrennen. Du weißt, dass dies Volk böse ist."},{"23":"Sie sprachen zu mir: Mache uns Götter, die vor uns hergehen; denn wir wissen nicht, was mit diesem Mann Mose geschehen ist, der uns aus Ägyptenland geführt hat."},{"24":"Ich sprach zu ihnen: Wer Gold hat, der reiße es ab und gebe es mir. Und ich warf es ins Feuer, und daraus ist dieses Kalb geworden."},{"25":"Als nun Mose sah, dass das Volk zuchtlos geworden war – denn Aaron hatte sie zuchtlos werden lassen zum Gespött ihrer Widersacher –,"},{"26":"trat Mose in das Tor des Lagers und rief: Her zu mir, wer dem HERRN angehört! Da sammelten sich zu ihm alle Söhne Levi."},{"27":"Und er sprach zu ihnen: So spricht der HERR, der Gott Israels: Ein jeder gürte sein Schwert um die Lenden und gehe durch das Lager hin und her von einem Tor zum andern und erschlage seinen Bruder, Freund und Nächsten."},{"28":"Die Söhne Levi taten, wie ihnen Mose gesagt hatte; und es fielen an jenem Tage vom Volk dreitausend Mann."},{"29":"Da sprach Mose: Füllt heute eure Hände zum Dienst für den HERRN – denn ein jeder ist wider seinen Sohn und Bruder gewesen –, damit euch heute Segen gegeben werde."},{"30":"Am nächsten Morgen sprach Mose zum Volk: Ihr habt eine große Sünde getan; nun will ich hinaufsteigen zu dem HERRN, ob ich vielleicht Sühne erwirken kann für eure Sünde."},{"31":"Als nun Mose wieder zu dem HERRN kam, sprach er: Ach, das Volk hat eine große Sünde getan, und sie haben sich Götter von Gold gemacht."},{"32":"Vergib ihnen doch ihre Sünde; wenn nicht, dann tilge mich aus deinem Buch, das du geschrieben hast."},{"33":"Der HERR sprach zu Mose: Ich will den aus meinem Buch tilgen, der an mir gesündigt hat."},{"34":"So geh nun hin und führe das Volk, wohin ich dir gesagt habe. Siehe, mein Engel soll vor dir hergehen. Ich werde aber ihre Sünde heimsuchen, wenn meine Zeit heimzusuchen gekommen ist."},{"35":"Und der HERR schlug das Volk, weil sie sich das Kalb gemacht hatten, das Aaron angefertigt hatte."}]