[{"1":"Und er machte den Brandopferaltar aus Akazienholz, fünf Ellen lang und ebenso breit, viereckig, und drei Ellen hoch,"},{"2":"und vier Hörner, die mit ihm aus einem Stück waren, auf seinen vier Ecken und überzog ihn mit Bronze."},{"3":"Und er machte alle Geräte zu dem Altar, Töpfe für die Fettasche, Schaufeln, Schalen, Gabeln, Kohlenpfannen, alles aus Bronze."},{"4":"Und er machte am Altar ein Gitterwerk aus Bronze wie ein Netz unter der Einfassung des Altars, von unten her bis zur halben Höhe des Altars"},{"5":"und goss vier Ringe an die vier Enden des bronzenen Gitters für die Stangen."},{"6":"Diese machte er aus Akazienholz und überzog sie mit Bronze"},{"7":"und tat sie in die Ringe an den Seiten des Altars, dass man ihn damit trüge. Und er machte ihn so, dass er inwendig hohl war."},{"8":"Und er machte das Becken aus Bronze und sein Gestell auch aus Bronze von den Spiegeln der Frauen, die vor dem Eingang der Stiftshütte Dienst taten."},{"9":"Und er machte den Vorhof: nach Süden Behänge, hundert Ellen lang, von gezwirntem feinem Leinen,"},{"10":"mit zwanzig Säulen und zwanzig Füßen aus Bronze, aber ihre Nägel und Ringbänder aus Silber;"},{"11":"desgleichen nach Norden, hundert Ellen lang mit zwanzig Säulen und zwanzig Füßen aus Bronze, aber ihre Nägel und Ringbänder aus Silber;"},{"12":"nach Westen aber fünfzig Ellen lang mit zehn Säulen und zehn Füßen, aber ihre Nägel und Ringbänder aus Silber;"},{"13":"nach Osten auch fünfzig Ellen;"},{"14":"fünfzehn Ellen auf einer Seite mit drei Säulen und drei Füßen"},{"15":"und auf der andern Seite auch fünfzehn Ellen mit drei Säulen und drei Füßen, zu beiden Seiten des Tors am Vorhof."},{"16":"Alle Behänge des Vorhofs waren von gezwirntem feinem Leinen"},{"17":"und die Füße der Säulen aus Bronze und ihre Nägel aus Silber, und ihre Köpfe waren überzogen mit Silber, und ihre Ringbänder waren silbern an allen Säulen des Vorhofs."},{"18":"Und die Decke für das Tor des Vorhofs webte er bunt aus blauem und rotem Purpur, Karmesin und gezwirntem feinem Leinen, zwanzig Ellen lang und fünf Ellen hoch, nach dem Maß der Behänge des Vorhofs,"},{"19":"dazu vier Säulen und vier Füße aus Bronze und ihre Nägel aus Silber und ihre Köpfe und ihre Ringbänder, überzogen mit Silber."},{"20":"Und alle Pflöcke der Wohnung und des Vorhofs ringsherum waren aus Bronze."},{"21":"Dies sind die Kosten für die Wohnung, die Wohnung des Gesetzes, die nach dem Gebot des Mose errechnet wurden von den Leviten unter der Leitung Itamars, des Sohnes Aarons, des Priesters."},{"22":"Bezalel aber, der Sohn Uris, des Sohnes Hurs, vom Stamme Juda, hatte alles gemacht, was der HERR dem Mose geboten hatte,"},{"23":"und mit ihm Oholiab, der Sohn Ahisamachs, vom Stamme Dan, ein Handwerker, Kunstweber und Buntweber in blauem und rotem Purpur, Karmesin und feinem Leinen."},{"24":"Alles Gold, das verarbeitet ist zu diesem ganzen Werk des Heiligtums und das als Gabe gespendet war, beträgt 29 Zentner 730 Schekel nach dem Gewicht des Heiligtums."},{"25":"Das Silber aber, das die Zählung der Gemeinde erbrachte, betrug hundert Zentner 1775 Schekel nach dem Gewicht des Heiligtums,"},{"26":"auf den Kopf einen halben Schekel nach dem Gewicht des Heiligtums von allen, die gezählt wurden von zwanzig Jahren an und darüber, 603550 Mann."},{"27":"Aus den hundert Zentnern Silber goss man die Füße der Bretter und die Füße des Vorhangs, hundert Füße aus hundert Zentnern, je einen Zentner für einen Fuß."},{"28":"Und aus den 1775 Schekel machte er die Nägel für die Säulen und überzog ihre Köpfe und verband sie miteinander."},{"29":"Die Bronze aber, die gespendet war, betrug 70 Zentner 2400 Schekel."},{"30":"Daraus machte er die Füße am Eingang der Stiftshütte und den bronzenen Altar und das bronzene Gitterwerk daran und alle Geräte des Altars,"},{"31":"dazu die Füße des Vorhofs ringsherum und die Füße des Tors am Vorhof, alle Zeltpflöcke der Wohnung und alle Zeltpflöcke des Vorhofs ringsherum."}]