[{"1":"Und der HERR redete mit Mose und sprach:"},{"2":"Siehe, ich habe mit Namen berufen Bezalel, den Sohn Uris, des Sohnes Hurs, vom Stamm Juda,"},{"3":"und habe ihn erfüllt mit dem Geist Gottes, mit Weisheit und Verstand und Erkenntnis und mit allerlei Fertigkeiten,"},{"4":"kunstreich zu arbeiten in Gold, Silber, Bronze,"},{"5":"kunstreich Steine zu schneiden und einzusetzen und kunstreich zu schnitzen in Holz, um jede Arbeit zu vollbringen."},{"6":"Und siehe, ich habe ihm beigegeben Oholiab, den Sohn Ahisamachs, vom Stamm Dan, und habe allen Kundigen die Weisheit ins Herz gegeben, dass sie alles machen können, was ich dir geboten habe:"},{"7":"die Stiftshütte, die Lade mit dem Gesetz, den Gnadenstuhl darauf und alle Geräte in der Hütte,"},{"8":"den Tisch und sein Gerät, den Leuchter von reinem Gold und all sein Gerät, den Räucheraltar,"},{"9":"den Brandopferaltar mit all seinem Gerät, das Becken mit seinem Gestell,"},{"10":"die gewirkten Kleider, die heiligen Kleider des Priesters Aaron und die Kleider seiner Söhne für den priesterlichen Dienst,"},{"11":"das Salböl und das Räucherwerk von Spezerei für das Heiligtum. Ganz so, wie ich dir geboten habe, sollen sie es machen."},{"12":"Und der HERR redete mit Mose und sprach:"},{"13":"Sage den Israeliten: Haltet meine Sabbate; denn das ist ein Zeichen zwischen mir und euch von Geschlecht zu Geschlecht, damit ihr erkennt, dass ich der HERR bin, der euch heiligt."},{"14":"Darum haltet den Sabbat, denn er soll euch heilig sein. Wer ihn entheiligt, der soll des Todes sterben. Denn wer eine Arbeit am Sabbat tut, der soll ausgerottet werden aus seinem Volk."},{"15":"Sechs Tage soll man arbeiten, aber am siebenten Tag ist Sabbat, ein heiliger Ruhetag für den HERRN. Wer eine Arbeit tut am Sabbattag, soll des Todes sterben."},{"16":"Darum sollen die Israeliten den Sabbat halten, dass sie ihn auch bei ihren Nachkommen halten als ewigen Bund."},{"17":"Er ist ein ewiges Zeichen zwischen mir und den Israeliten. Denn in sechs Tagen machte der HERR Himmel und Erde, aber am siebenten Tage ruhte er und erquickte sich."},{"18":"Und als der HERR mit Mose zu Ende geredet hatte auf dem Berge Sinai, gab er ihm die beiden Tafeln des Gesetzes; die waren aus Stein und beschrieben von dem Finger Gottes."}]