[{"1":"Die Wohnung sollst du machen aus zehn Teppichen von gezwirntem feinem Leinen, von blauem und rotem Purpur und von Karmesin. Cherubim sollst du einweben, wie es ein Kunstweber macht."},{"2":"Die Länge eines Teppichs soll achtundzwanzig Ellen sein, die Breite vier Ellen, und sie sollen alle zehn dasselbe Maß haben;"},{"3":"und es sollen je fünf zu einer Bahn zusammengefügt werden, einer an den andern."},{"4":"Und du sollst Schlaufen machen von blauem Purpur an beiden Bahnen an dem Rand, an dem sie zusammengeheftet werden,"},{"5":"fünfzig Schlaufen an jeder Bahn, dass eine Schlaufe der andern gegenüberstehe."},{"6":"Und du sollst fünfzig goldene Haken machen und die Teppiche verbinden, einen mit dem andern, auf dass die Wohnung ein Ganzes sei."},{"7":"Du sollst auch Teppiche aus Ziegenhaar machen als Zelt über der Wohnung, elf Teppiche."},{"8":"Die Länge eines Teppichs soll dreißig Ellen sein, die Breite aber vier Ellen, und sie sollen alle elf dasselbe Maß haben."},{"9":"Fünf sollst du aneinanderfügen und die sechs andern auch, und den sechsten Teppich sollst du vorn an dem Zelt doppelt legen;"},{"10":"und sollst an beiden Bahnen fünfzig Schlaufen machen an dem Rand, an dem sie zusammengeheftet werden."},{"11":"Und du sollst fünfzig Haken aus Bronze machen und die Haken in die Schlaufen tun, damit das Zelt zusammengefügt werde und ein Ganzes sei."},{"12":"Aber vom Überhang der Teppiche des Zeltes sollst du einen halben Teppich hinten an der Wohnung überhängen lassen"},{"13":"und auf beiden Seiten je eine Elle, dass der Überhang der Zeltteppiche an beiden Seiten der Wohnung herabhänge und sie bedecke."},{"14":"Über die Decke des Zeltes sollst du eine Decke von rot gefärbten Widderfellen machen und darüber noch eine Decke von feinem Leder."},{"15":"Du sollst auch Bretter machen für die Wohnung, aus Akazienholz, zum Aufstellen;"},{"16":"zehn Ellen lang soll ein Brett sein und anderthalb Ellen breit."},{"17":"Zwei Zapfen soll ein Brett haben, dass eins an das andere gesetzt werden könne. So sollst du alle Bretter der Wohnung machen."},{"18":"Zwanzig von ihnen sollen nach Süden stehen."},{"19":"Vierzig silberne Füße sollst du machen unter den zwanzig Brettern, je zwei Füße unter jedem Brett für seine zwei Zapfen."},{"20":"Ebenso sollen auf der andern Seite, nach Norden, auch zwanzig Bretter stehen"},{"21":"mit vierzig silbernen Füßen, je zwei Füße unter jedem Brett."},{"22":"Und für die Rückseite der Wohnung nach Westen sollst du sechs Bretter machen;"},{"23":"dazu zwei Bretter für die zwei Ecken an der Rückseite der Wohnung,"},{"24":"dass beide mit ihren Eckbrettern unten und oben verbunden sind und so die Ecken bilden."},{"25":"Acht Bretter sollen es sein mit ihren silbernen Füßen; sechzehn Füße sollen es sein, je zwei unter einem Brett."},{"26":"Und du sollst Riegel machen aus Akazienholz, fünf zu den Brettern auf der einen Langseite der Wohnung"},{"27":"und fünf zu den Brettern auf der anderen Langseite der Wohnung und fünf zu den Brettern auf der Rückseite der Wohnung nach Westen,"},{"28":"und sollst einen Mittelriegel in halber Höhe an den Brettern entlanglaufen lassen von einem Ende zu dem andern."},{"29":"Und du sollst die Bretter mit Gold überziehen und ihre Ringe aus Gold machen, in die man die Riegel hineintut. Und die Riegel sollst du mit Gold überziehen."},{"30":"So sollst du die Wohnung in der Weise aufrichten, wie du sie auf dem Berge gesehen hast."},{"31":"Du sollst einen Vorhang machen aus blauem und rotem Purpur, Karmesin und gezwirntem feinem Leinen und sollst Cherubim einweben in kunstreicher Arbeit"},{"32":"und sollst ihn aufhängen an vier Säulen von Akazienholz, die mit Gold überzogen sind und goldene Nägel und vier silberne Füße haben."},{"33":"Und du sollst den Vorhang an die Haken hängen und die Lade mit dem Gesetz hinter den Vorhang setzen, dass er euch eine Scheidewand sei zwischen dem Heiligen und dem Allerheiligsten."},{"34":"Und du sollst den Gnadenstuhl auf die Lade mit dem Gesetz tun, die im Allerheiligsten steht."},{"35":"Den Tisch aber setze außen vor den Vorhang und den Leuchter dem Tisch gegenüber an die Südseite in der Wohnung, dass der Tisch nach Norden zu steht."},{"36":"Und du sollst eine Decke machen für den Eingang des Zeltes, bunt gewebt aus blauem und rotem Purpur, Karmesin und gezwirntem feinem Leinen"},{"37":"und für die Decke fünf Säulen aus Akazienholz, mit Gold überzogen, mit goldenen Nägeln, und sollst für sie fünf Füße aus Bronze gießen."}]