[{"1":"Und aus dem blauen und roten Purpur und dem Karmesin machten sie gewirkte Kleider zum Dienst im Heiligtum, und sie machten die heiligen Kleider für Aaron, wie der HERR es Mose geboten hatte."},{"2":"Und sie machten den Priesterschurz aus Gold, blauem und rotem Purpur, Karmesin und gezwirntem feinem Leinen."},{"3":"Und sie schlugen Goldplatten und schnitten sie zu Fäden, dass man sie unter den blauen und roten Purpur, das Karmesin und das feine Leinen einweben konnte, wie es ein Kunstweber macht."},{"4":"Schulterteile machten sie, die an den Schurz angefügt wurden, und an seinen beiden Enden wurde er zusammengebunden."},{"5":"Und seine Binde war von derselben Arbeit, aus einem Stück mit ihm, aus Gold, blauem und rotem Purpur, Karmesin und gezwirntem feinem Leinen, wie der HERR es Mose geboten hatte."},{"6":"Und sie fassten zwei Onyxsteine ringsherum mit Gold ein und schnitten wie in ein Siegel die Namen der Söhne Israels hinein."},{"7":"Und er heftete sie auf die Schulterteile des Schurzes, dass es Steine seien zum gnädigen Gedenken an die Israeliten, wie der HERR es Mose geboten hatte."},{"8":"Und sie machten die Brusttasche, kunstvoll gewebt wie der Priesterschurz, aus Gold, blauem und rotem Purpur, Karmesin und gezwirntem feinem Leinen,"},{"9":"dass sie viereckig war und doppelt gelegt, eine Spanne lang und ebenso breit,"},{"10":"und besetzten sie mit vier Reihen Steinen: Die erste Reihe war ein Sarder, ein Topas und ein Smaragd,"},{"11":"die andere ein Rubin, ein Saphir und ein Diamant,"},{"12":"die dritte ein Lynkurer, ein Achat und ein Amethyst,"},{"13":"die vierte ein Türkis, ein Onyx und ein Jaspis, ringsherum eingefasst in Gold waren sie, als man sie anbrachte."},{"14":"Und die Steine trugen die zwölf Namen der Söhne Israels, eingeschnitten wie in ein Siegel, sodass auf einem jeden ein Name stand nach den zwölf Stämmen."},{"15":"Und sie machten an der Tasche Ketten wie geflochtene Schnüre, aus feinem Gold,"},{"16":"und zwei goldene Fassungen und zwei goldene Ringe und hefteten die beiden Ringe an die beiden oberen Ecken der Tasche."},{"17":"Und die beiden goldenen Schnüre taten sie in die beiden Ringe an den Ecken der Tasche."},{"18":"Aber die beiden andern Enden der beiden Schnüre taten sie an die beiden goldenen Fassungen und hefteten sie vorne auf die Schulterteile des Schurzes."},{"19":"Und sie machten zwei andere goldene Ringe und hefteten sie an die beiden anderen Ecken der Tasche an ihren Rand innen zum Schurz hin;"},{"20":"und sie machten zwei andere goldene Ringe, die taten sie unten an die beiden Schulterteile vorn am Schurz, wo er zusammengeht, oben über der Binde des Schurzes,"},{"21":"und knüpften die Tasche mit ihren Ringen an die Ringe des Schurzes mit einer Schnur aus blauem Purpur, dass sie über der Binde des Schurzes anliege und die Tasche sich nicht von dem Schurz losmache, wie der HERR es Mose geboten hatte."},{"22":"Und dazu machte er das Obergewand zum Priesterschurz, gewebt ganz aus blauem Purpur."},{"23":"Und die Öffnung war in seiner Mitte wie die Öffnung eines Panzerhemdes. Eine Borte war rings um die Öffnung, dass sie nicht einreiße."},{"24":"Und sie machten an den Saum des Obergewandes Granatäpfel aus blauem und rotem Purpur, Karmesin und gezwirntem feinem Leinen"},{"25":"und machten Schellen aus feinem Golde; die taten sie zwischen die Granatäpfel ringsherum am Saum des Obergewandes,"},{"26":"je einen Granatapfel und eine Schelle ringsherum am Saum, für den Dienst, wie der HERR es Mose geboten hatte."},{"27":"Und sie machten auch die Untergewänder aus feinem Leinen, gewebt, für Aaron und seine Söhne"},{"28":"und den Kopfbund aus feinem Leinen und die hohen Mützen aus feinem Leinen und Beinkleider aus gezwirntem feinem Leinen"},{"29":"und den Gürtel bunt gewebt aus gezwirntem feinem Leinen, blauem und rotem Purpur und Karmesin, wie der HERR es Mose geboten hatte."},{"30":"Sie machten auch das Stirnblatt, den heiligen Kronreif, aus feinem Gold und schrieben darauf wie in ein Siegel geschnitten: »Heilig dem HERRN«."},{"31":"Und sie banden eine Schnur aus blauem Purpur daran, dass sie an dem Kopfbund oben angeheftet würde, wie der HERR es Mose geboten hatte."},{"32":"Also wurde vollendet das ganze Werk der Wohnung der Stiftshütte. Und die Israeliten taten alles, was der HERR dem Mose geboten hatte."},{"33":"Und sie brachten die Wohnung zu Mose: das Zelt und alle seine Geräte, Haken, Bretter, Riegel, Säulen, Füße,"},{"34":"die Decke von rot gefärbten Widderfellen, die Decke aus Leder und den Vorhang,"},{"35":"die Lade mit dem Gesetz samt ihren Stangen, den Gnadenstuhl,"},{"36":"den Tisch und alle seine Geräte und die Schaubrote,"},{"37":"den Leuchter aus feinem Gold mit den Lampen zum Aufsetzen und all seinem Gerät und das Öl für den Leuchter,"},{"38":"den goldenen Altar und das Salböl und das wohlriechende Räucherwerk, die Decke für den Eingang des Zeltes,"},{"39":"den bronzenen Altar und sein bronzenes Gitter mit seinen Stangen und seinem ganzen Gerät, das Becken mit seinem Gestell,"},{"40":"die Behänge des Vorhofs mit seinen Säulen und Füßen, die Decke vor dem Tor des Vorhofs mit seinen Seilen und Zeltpflöcken und alles Gerät zum Dienst der Wohnung der Stiftshütte,"},{"41":"die Amtskleider des Priesters Aaron für den Dienst im Heiligtum und die Kleider seiner Söhne für den priesterlichen Dienst."},{"42":"Ganz so, wie der HERR es Mose geboten hatte, hatten die Israeliten alle Arbeiten ausgeführt."},{"43":"Und Mose sah dies ganze Werk an, und siehe, sie hatten es gemacht, wie der HERR geboten hatte. Und Mose segnete sie."}]