[{"1":"Der HERR sprach zu Mose: Siehe, ich setze dich zum Gott für den Pharao, und Aaron, dein Bruder, soll dein Prophet sein."},{"2":"Du sollst alles reden, was ich dir gebieten werde; aber Aaron, dein Bruder, soll es vor dem Pharao reden, damit er die Israeliten aus seinem Lande ziehen lasse."},{"3":"Aber ich will das Herz des Pharao verhärten und viele Zeichen und Wunder tun in Ägyptenland."},{"4":"Und der Pharao wird nicht auf euch hören. Dann werde ich meine Hand auf Ägypten legen und durch große Gerichte meine Heerscharen, mein Volk, die Israeliten, aus Ägyptenland führen."},{"5":"Und die Ägypter sollen innewerden, dass ich der HERR bin, wenn ich meine Hand über Ägypten ausstrecken und die Israeliten aus ihrer Mitte wegführen werde."},{"6":"Mose und Aaron taten, wie ihnen der HERR geboten hatte."},{"7":"Und Mose war achtzig Jahre und Aaron dreiundachtzig Jahre alt, als sie mit dem Pharao redeten."},{"8":"Und der HERR sprach zu Mose und Aaron:"},{"9":"Wenn der Pharao zu euch sagen wird: Weist euch aus durch ein Wunder!, so sollst du zu Aaron sagen: Nimm deinen Stab und wirf ihn hin vor dem Pharao, dass er zur Schlange werde!"},{"10":"Da gingen Mose und Aaron hinein zum Pharao und taten, wie ihnen der HERR geboten hatte. Und Aaron warf seinen Stab hin vor dem Pharao und vor seinen Großen, und er ward zur Schlange."},{"11":"Da ließ der Pharao die Weisen und Zauberer rufen und die ägyptischen Zauberer taten ebenso mit ihren Künsten:"},{"12":"Ein jeder warf seinen Stab hin, da wurden Schlangen daraus; aber Aarons Stab verschlang ihre Stäbe."},{"13":"Aber das Herz des Pharao wurde verstockt, und er hörte nicht auf sie, wie der HERR gesagt hatte."},{"14":"Und der HERR sprach zu Mose: Das Herz des Pharao ist hart; er weigert sich, das Volk ziehen zu lassen."},{"15":"Geh hin zum Pharao morgen früh. Siehe, er wird ans Wasser gehen; so tritt ihm entgegen am Ufer des Nils und nimm den Stab in deine Hand, der zur Schlange wurde,"},{"16":"und sprich zu ihm: Der HERR, der Gott der Hebräer, hat mich zu dir gesandt und lässt dir sagen: Lass mein Volk ziehen, dass es mir diene in der Wüste. Aber du hast bisher nicht hören wollen."},{"17":"Darum spricht der HERR: Daran sollst du erfahren, dass ich der HERR bin: Siehe, ich will mit dem Stabe, den ich in meiner Hand habe, auf das Wasser schlagen, das im Nil ist, und es soll in Blut verwandelt werden."},{"18":"Die Fische im Strom werden sterben, und der Strom wird stinken. Und die Ägypter wird es ekeln, das Wasser aus dem Nil zu trinken."},{"19":"Und der HERR sprach zu Mose: Sage Aaron: Nimm deinen Stab und recke deine Hand aus über die Wasser in Ägypten, über ihre Ströme und Kanäle und Sümpfe und über alle Wasserstellen, dass sie zu Blut werden, und es sei Blut in ganz Ägyptenland, selbst in den hölzernen und steinernen Gefäßen."},{"20":"Mose und Aaron taten, wie ihnen der HERR geboten hatte. Da hob er den Stab und schlug ins Wasser, das im Nil war, vor dem Pharao und seinen Großen. Und alles Wasser im Strom wurde in Blut verwandelt."},{"21":"Und die Fische im Strom starben und der Strom wurde stinkend, sodass die Ägypter das Wasser aus dem Nil nicht trinken konnten; und es war Blut in ganz Ägyptenland."},{"22":"Und die ägyptischen Zauberer taten ebenso mit ihren Künsten. So wurde das Herz des Pharao verstockt, und er hörte nicht auf Mose und Aaron, wie der HERR gesagt hatte."},{"23":"Und der Pharao wandte sich und ging heim und nahm sich auch dies nicht zu Herzen."},{"24":"Aber alle Ägypter gruben am Nil entlang nach Wasser zum Trinken, denn das Wasser aus dem Strom konnten sie nicht trinken."},{"25":"Und das währte sieben Tage lang, nachdem der HERR den Strom geschlagen hatte."},{"26":"Da sprach der HERR zu Mose: Geh hinein zum Pharao und sage zu ihm: So spricht der HERR: Lass mein Volk ziehen, dass es mir diene!"},{"27":"Wenn du dich aber weigerst, siehe, so will ich dein ganzes Gebiet mit Fröschen plagen,"},{"28":"dass der Nil von Fröschen wimmeln soll. Die sollen heraufkriechen und in dein Haus kommen, in deine Schlafkammer, auf dein Bett, auch in die Häuser deiner Großen und deines Volks, in deine Backöfen und in deine Backtröge;"},{"29":"ja, die Frösche sollen auf dich selbst und auf dein Volk und auf alle deine Großen kriechen."}]