[{"1":"Danach gingen Mose und Aaron hin und sprachen zum Pharao: So spricht der HERR, der Gott Israels: Lass mein Volk ziehen, dass es mir ein Fest halte in der Wüste."},{"2":"Der Pharao antwortete: Wer ist der HERR, dass ich ihm gehorchen müsse und Israel ziehen lasse? Ich weiß nichts von dem HERRN, will auch Israel nicht ziehen lassen."},{"3":"Sie sprachen: Der Gott der Hebräer ist uns begegnet. Wir wollen nun hinziehen drei Tagereisen weit in die Wüste und dem HERRN, unserm Gott, opfern, dass er uns nicht schlage mit Pest oder Schwert."},{"4":"Da sprach der König von Ägypten zu ihnen: Mose und Aaron, warum wollt ihr das Volk von seiner Arbeit frei machen? Geht hin an eure Dienste!"},{"5":"Weiter sprach der Pharao: Siehe, sie sind schon mehr als das Volk des Landes, und ihr wollt sie noch feiern lassen von ihrem Dienst!"},{"6":"Darum befahl der Pharao am selben Tage den Vögten des Volks und ihren Aufsehern und sprach:"},{"7":"Ihr sollt dem Volk nicht mehr Häcksel geben, dass sie Ziegel machen, wie bisher; lasst sie selbst hingehen und Stroh dafür zusammenlesen."},{"8":"Aber die Zahl der Ziegel, die sie bisher gemacht haben, sollt ihr ihnen gleichwohl auferlegen und nichts davon ablassen, denn sie gehen müßig; darum schreien sie und sprechen: Wir wollen hinziehen und unserm Gott opfern."},{"9":"Man drücke die Leute mit Arbeit, dass sie zu schaffen haben und sich nicht um falsche Reden kümmern."},{"10":"Da gingen die Vögte des Volks und ihre Aufseher hinaus und sprachen zum Volk: So spricht der Pharao: Man wird euch kein Häcksel mehr geben."},{"11":"Geht ihr selbst hin und beschafft euch Häcksel, wo ihr's findet; aber von eurer Arbeit soll euch nichts erlassen werden."},{"12":"Da zerstreute sich das Volk ins ganze Land Ägypten, um Stroh zu sammeln, damit sie Häcksel hätten."},{"13":"Und die Vögte trieben sie an und sprachen: Erfüllt euer Tagewerk wie damals, als ihr Häcksel hattet."},{"14":"Und die Aufseher aus den Reihen der Israeliten, die die Vögte des Pharao über sie gesetzt hatten, wurden geschlagen, und es wurde zu ihnen gesagt: Warum habt ihr nicht auch heute euer festgesetztes Tagewerk getan wie bisher?"},{"15":"Da gingen die Aufseher der Israeliten hin und schrien zu dem Pharao: Warum verfährst du so mit deinen Knechten?"},{"16":"Man gibt deinen Knechten kein Häcksel, und wir sollen dennoch die Ziegel machen, die uns bestimmt sind; und siehe, deine Knechte werden geschlagen, und dein Volk trägt die Schuld."},{"17":"Der Pharao sprach: Ihr seid müßig, müßig seid ihr; darum sprecht ihr: Wir wollen hinziehen und dem HERRN opfern."},{"18":"So geht nun hin und tut euren Frondienst! Häcksel soll man euch nicht geben, aber die Anzahl Ziegel sollt ihr schaffen."},{"19":"Da sahen die Aufseher der Israeliten, dass es mit ihnen übel stand, weil man sagte: Ihr sollt nichts ablassen von dem Tagewerk an Ziegeln."},{"20":"Und als sie von dem Pharao weggingen, begegneten sie Mose und Aaron, die dastanden und auf sie warteten,"},{"21":"und sprachen zu ihnen: Der HERR richte seine Augen wider euch und strafe es, dass ihr uns stinkend gemacht habt vor dem Pharao und seinen Großen und habt ihnen so das Schwert in ihre Hände gegeben, uns zu töten."},{"22":"Mose aber kam wieder zu dem HERRN und sprach: Herr, warum tust du so übel an diesem Volk? Warum hast du mich hergesandt?"},{"23":"Denn seitdem ich hingegangen bin zum Pharao, um mit ihm zu reden in deinem Namen, hat er das Volk noch härter geplagt, und du hast dein Volk nicht errettet."}]