[{"1":"Dies ist's, was du mit ihnen tun sollst, dass sie mir zu Priestern geweiht werden: Nimm einen jungen Stier und zwei Widder ohne Fehler,"},{"2":"ungesäuertes Brot und ungesäuerte Kuchen, mit Öl vermengt, und ungesäuerte Fladen, mit Öl bestrichen; aus feinem Weizenmehl sollst du das alles machen"},{"3":"und sollst es in einen Korb legen und in dem Korbe herzubringen samt dem Stier und den beiden Widdern."},{"4":"Und du sollst Aaron und seine Söhne an den Eingang der Stiftshütte treten lassen und sie mit Wasser waschen"},{"5":"und die Kleider nehmen und Aaron anziehen das Untergewand und das Obergewand und den Priesterschurz und die Brusttasche und sollst ihm den Schurz mit der Binde umgürten"},{"6":"und den Kopfbund auf sein Haupt setzen und den heiligen Kronreif am Kopfbund befestigen."},{"7":"Und du sollst das Salböl nehmen und auf sein Haupt gießen und ihn salben."},{"8":"Und seine Söhne sollst du auch herzuführen und ihnen das Untergewand anziehen"},{"9":"und sie, Aaron und seine Söhne, mit Gürteln umgürten und den Söhnen die hohen Mützen aufsetzen, dass sie das Priestertum haben nach ewiger Ordnung. Und du sollst Aaron und seinen Söhnen die Hände füllen."},{"10":"Und du sollst den jungen Stier herzuführen vor die Stiftshütte, und Aaron und seine Söhne sollen ihre Hände auf den Kopf des Stieres legen."},{"11":"Und du sollst den Stier schlachten vor dem HERRN, am Eingang der Stiftshütte,"},{"12":"und sollst von seinem Blut nehmen und mit deinem Finger an die Hörner des Altars streichen und alles andere Blut an den Fuß des Altars schütten."},{"13":"Und du sollst alles Fett am Eingeweide nehmen und den Lappen an der Leber und die beiden Nieren mit dem Fett daran und sollst es auf dem Altar in Rauch aufgehen lassen."},{"14":"Aber Fleisch, Fell und Kot des Stieres sollst du draußen vor dem Lager mit Feuer verbrennen; denn es ist ein Sündopfer."},{"15":"Und den einen Widder sollst du nehmen, und Aaron und seine Söhne sollen ihre Hände auf seinen Kopf legen."},{"16":"Dann sollst du ihn schlachten und sein Blut nehmen und ringsum an den Altar sprengen."},{"17":"Aber den Widder sollst du in seine Stücke zerlegen und seine Eingeweide und Schenkel waschen und sie auf seine Stücke und auf seinen Kopf legen"},{"18":"und den ganzen Widder in Rauch aufgehen lassen auf dem Altar; denn es ist dem HERRN ein Brandopfer, ein lieblicher Geruch, ein Feueropfer für den HERRN."},{"19":"Den andern Widder aber sollst du nehmen, und Aaron und seine Söhne sollen ihre Hände auf seinen Kopf legen,"},{"20":"und du sollst ihn schlachten und von seinem Blut nehmen und es Aaron und seinen Söhnen an das rechte Ohrläppchen streichen und an den Daumen ihrer rechten Hand und an die große Zehe ihres rechten Fußes; und du sollst das Blut ringsum an den Altar sprengen."},{"21":"Und du sollst von dem Blut auf dem Altar nehmen und Salböl und sollst Aaron und seine Kleider, seine Söhne und ihre Kleider damit besprengen. So werden er und seine Kleider, seine Söhne und ihre Kleider geweiht."},{"22":"Danach sollst du nehmen das Fett von dem Widder, den Fettschwanz und das Fett am Eingeweide, den Lappen an der Leber und die beiden Nieren mit dem Fett daran und die rechte Keule – denn es ist der Widder der Einsetzung –"},{"23":"und einen Laib Brot und einen Ölkuchen und einen Fladen aus dem Korbe mit dem ungesäuerten Brot, der vor dem HERRN steht."},{"24":"Dann lege das alles auf die Hände Aarons und seiner Söhne und schwinge es als Schwingopfer vor dem HERRN."},{"25":"Danach nimm es von ihren Händen und lass es in Rauch aufgehen auf dem Altar über dem Brandopfer zum lieblichen Geruch vor dem HERRN; denn es ist ein Feueropfer für den HERRN."},{"26":"Und du sollst die Brust vom Widder der Einsetzung Aarons nehmen und sie vor dem HERRN schwingen. Das soll dein Anteil sein."},{"27":"So sollst du heiligen die Brust als Schwingopfer und die Keule als Hebopfer, die geschwungen und erhoben werden von dem Widder der Einsetzung Aarons und seiner Söhne."},{"28":"Und das soll Aaron und seinen Söhnen gehören als ewiges Anrecht bei den Israeliten, denn es ist eine Abgabe. Eine Abgabe von den Israeliten soll es sein von ihren Dankopfern, ihrer Opfergabe für den HERRN."},{"29":"Und die heiligen Kleider Aarons sollen nach ihm seine Söhne haben, dass sie darin gesalbt und ihre Hände gefüllt werden."},{"30":"Wer von seinen Söhnen an seiner statt Priester wird, der soll sie sieben Tage anziehen, wenn er in die Stiftshütte geht, um im Heiligtum zu dienen."},{"31":"Und du sollst den Widder der Einsetzung nehmen und sein Fleisch an einem heiligen Ort kochen."},{"32":"Und Aaron mit seinen Söhnen soll das Fleisch des Widders samt dem Brot im Korbe essen am Eingang der Stiftshütte."},{"33":"Sie sollen die Stücke essen, mit denen die Sühnung für sie vollzogen wurde, als man ihre Hände füllte und sie weihte. Kein anderer darf es essen, denn es ist heilig."},{"34":"Wenn aber etwas übrig bleibt von dem Fleisch der Einsetzung und von dem Brot bis zum Morgen, sollst du es mit Feuer verbrennen. Es darf nicht gegessen werden, denn es ist heilig."},{"35":"So sollst du mit Aaron und seinen Söhnen alles tun, was ich dir geboten habe. Sieben Tage sollst du ihre Hände füllen"},{"36":"und täglich einen jungen Stier zum Sündopfer schlachten zur Sühnung und sollst den Altar entsündigen, indem du die Sühnung an ihm vollziehst, und sollst ihn salben, dass er geweiht werde."},{"37":"Sieben Tage sollst du an dem Altar die Sühnung vollziehen und ihn weihen; so wird er ein Hochheiliges. Wer den Altar anrührt, der ist dem Heiligtum verfallen."},{"38":"Und dies sollst du auf dem Altar tun: Zwei einjährige Lämmer sollst du an jedem Tage darauf opfern,"},{"39":"ein Lamm am Morgen, das andere gegen Abend."},{"40":"Und zu dem einen Lamm einen Krug feines Mehl, vermengt mit einer viertel Kanne zerstoßener Oliven, und zum Trankopfer eine viertel Kanne Wein."},{"41":"Mit dem andern Lamm sollst du tun gegen Abend wie mit dem Speisopfer und Trankopfer vom Morgen, zum lieblichen Geruch, ein Feueropfer für den HERRN."},{"42":"Das soll das tägliche Brandopfer sein bei euren Nachkommen am Eingang der Stiftshütte vor dem HERRN, wo ich euch begegnen und mit dir reden will."},{"43":"Daselbst will ich den Israeliten begegnen, und das Heiligtum wird geheiligt werden in meiner Herrlichkeit."},{"44":"Und ich will die Stiftshütte und den Altar heiligen und Aaron und seine Söhne heiligen, dass sie meine Priester seien."},{"45":"Und ich will unter den Israeliten wohnen und ihr Gott sein,"},{"46":"dass sie erkennen sollen, ich sei der HERR, ihr Gott, der sie aus Ägyptenland führte, damit ich unter ihnen wohne, ich, der HERR, ihr Gott."}]