[{"1":"Und der HERR sprach zu Mose: Sage Aaron: Recke deine Hand aus mit deinem Stabe über die Ströme, Kanäle und Sümpfe und lass Frösche über Ägyptenland kommen."},{"2":"Und Aaron reckte seine Hand aus über die Wasser in Ägypten, und es kamen Frösche herauf und bedeckten Ägyptenland."},{"3":"Da taten die Zauberer ebenso mit ihren Künsten und ließen Frösche über Ägyptenland kommen."},{"4":"Da ließ der Pharao Mose und Aaron rufen und sprach: Bittet den HERRN für mich, dass er die Frösche von mir und von meinem Volk nehme, so will ich das Volk ziehen lassen, dass es dem HERRN opfere."},{"5":"Mose sprach: Bestimme über mich in deiner Majestät, wann ich für dich, für deine Großen und für dein Volk bitten soll, dass bei dir und in deinem Haus die Frösche vertilgt werden und allein im Nil bleiben."},{"6":"Er sprach: Morgen. Mose antwortete: Ganz wie du gesagt hast; auf dass du erfahrest, dass niemand ist wie der HERR, unser Gott."},{"7":"Die Frösche sollen von dir, von deinem Hause, von deinen Großen und von deinem Volk weichen und allein im Nil übrig bleiben."},{"8":"So gingen Mose und Aaron vom Pharao. Und Mose schrie zu dem HERRN wegen der Frösche, die er über den Pharao gebracht hatte."},{"9":"Und der HERR tat, wie Mose gesagt hatte, und die Frösche starben in den Häusern, in den Höfen und auf dem Felde."},{"10":"Und man häufte sie zusammen, hier einen Haufen und da einen Haufen, und das Land stank davon."},{"11":"Als aber der Pharao merkte, dass er Luft gekriegt hatte, verhärtete er sein Herz und hörte nicht auf sie, wie der HERR gesagt hatte."},{"12":"Und der HERR sprach zu Mose: Sage Aaron: Strecke deinen Stab aus und schlag in den Staub der Erde, dass er zu Stechmücken werde in ganz Ägyptenland."},{"13":"Sie taten so, und Aaron reckte seine Hand aus mit seinem Stabe und schlug in den Staub auf der Erde. Und es kamen Mücken und setzten sich an die Menschen und an das Vieh; aller Staub der Erde ward zu Mücken in ganz Ägyptenland."},{"14":"Die Zauberer taten ebenso mit ihren Künsten, um Mücken hervorzubringen; aber sie konnten es nicht. Und die Mücken waren sowohl an den Menschen als am Vieh."},{"15":"Da sprachen die Zauberer zum Pharao: Das ist Gottes Finger. Aber das Herz des Pharao wurde verstockt, und er hörte nicht auf sie, wie der HERR gesagt hatte."},{"16":"Und der HERR sprach zu Mose: Mach dich morgen früh auf und tritt vor den Pharao, wenn er hinaus ans Wasser geht, und sage zu ihm: So spricht der HERR: Lass mein Volk ziehen, dass es mir diene;"},{"17":"wenn nicht, siehe, so will ich Ungeziefer kommen lassen über dich, deine Großen, dein Volk und dein Haus, dass die Häuser der Ägypter und das Land, auf dem sie wohnen, voller Ungeziefer werden sollen."},{"18":"An dem Lande Goschen aber, wo sich mein Volk aufhält, will ich an dem Tage etwas Besonderes tun, dass dort kein Ungeziefer sei, damit du innewirst, dass ich der HERR bin, inmitten dieses Landes,"},{"19":"und ich will einen Unterschied machen zwischen meinem und deinem Volk. Morgen schon soll das Zeichen geschehen."},{"20":"Und der HERR tat so, und es kam viel Ungeziefer in das Haus des Pharao, in die Häuser seiner Großen und über ganz Ägyptenland, und das Land wurde verheert von dem Ungeziefer."},{"21":"Da ließ der Pharao Mose und Aaron rufen und sprach: Geht hin, opfert eurem Gott hier im Lande."},{"22":"Mose sprach: Das geht nicht an, denn was wir dem HERRN, unserm Gott, opfern, ist den Ägyptern ein Gräuel. Siehe, wenn wir vor ihren Augen opfern, was ihnen ein Gräuel ist, werden sie uns dann nicht steinigen?"},{"23":"Drei Tagereisen weit wollen wir in die Wüste ziehen und dem HERRN, unserm Gott, opfern, wie er uns gesagt hat."},{"24":"Der Pharao sprach: Ich will euch ziehen lassen, dass ihr dem HERRN, eurem Gott, opfert in der Wüste. Nur zieht nicht zu weit und bittet für mich!"},{"25":"Mose sprach: Siehe, wenn ich jetzt von dir hinausgegangen bin, so will ich den HERRN bitten, dass das Ungeziefer morgen vom Pharao und seinen Großen und seinem Volk weiche; nur täusche uns nicht abermals, dass du das Volk nicht ziehen lässt, dem HERRN zu opfern."},{"26":"Und Mose ging hinaus vom Pharao und bat den HERRN."},{"27":"Und der HERR tat, wie Mose gesagt hatte, und schaffte das Ungeziefer weg vom Pharao, von seinen Großen und von seinem Volk, sodass auch nicht eines übrig blieb."},{"28":"Aber der Pharao verhärtete sein Herz auch diesmal und ließ das Volk nicht ziehen."}]