[{"1":"Und es ging hin ein Mann vom Hause Levi und nahm eine Tochter Levis zur Frau."},{"2":"Und sie ward schwanger und gebar einen Sohn. Und als sie sah, dass es ein feines Kind war, verbarg sie ihn drei Monate."},{"3":"Als sie ihn aber nicht länger verbergen konnte, nahm sie ein Kästlein von Rohr für ihn und verklebte es mit Erdharz und Pech und legte das Kind hinein und setzte das Kästlein in das Schilf am Ufer des Nils."},{"4":"Aber seine Schwester stand von ferne, um zu erfahren, wie es ihm ergehen würde."},{"5":"Und die Tochter des Pharao ging hinab und wollte baden im Nil, und ihre Dienerinnen gingen am Ufer hin und her. Und als sie das Kästlein im Schilf sah, sandte sie ihre Magd hin und ließ es holen."},{"6":"Und als sie es auftat, sah sie das Kind, und siehe, das Knäblein weinte. Da jammerte es sie, und sie sprach: Es ist eins von den hebräischen Kindlein."},{"7":"Da sprach seine Schwester zu der Tochter des Pharao: Soll ich hingehen und eine der hebräischen Frauen rufen, die da stillt, dass sie dir das Kindlein stille?"},{"8":"Die Tochter des Pharao sprach zu ihr: Geh hin. Das Mädchen ging hin und rief die Mutter des Kindes."},{"9":"Da sprach die Tochter des Pharao zu ihr: Nimm das Kindlein mit und stille es mir; ich will es dir lohnen. Die Frau nahm das Kind und stillte es."},{"10":"Und als das Kind groß war, brachte sie es der Tochter des Pharao, und es ward ihr Sohn, und sie nannte ihn Mose; denn sie sprach: Ich habe ihn aus dem Wasser gezogen."},{"11":"Zu der Zeit, als Mose groß geworden war, ging er hinaus zu seinen Brüdern und sah ihre Lasten und nahm wahr, dass ein Ägypter einen seiner hebräischen Brüder schlug."},{"12":"Da schaute er sich nach allen Seiten um und als er sah, dass kein Mensch da war, erschlug er den Ägypter und verscharrte ihn im Sande."},{"13":"Am andern Tage ging er wieder hinaus und sah zwei hebräische Männer miteinander streiten und sprach zu dem, der im Unrecht war: Warum schlägst du deinen Nächsten?"},{"14":"Er aber sprach: Wer hat dich zum Aufseher oder Richter über uns gesetzt? Willst du mich auch umbringen, wie du den Ägypter umgebracht hast? Da fürchtete sich Mose und sprach: Es ist also doch bekannt geworden!"},{"15":"Und es kam vor den Pharao; der trachtete danach, Mose zu töten. Aber Mose floh vor dem Pharao und hielt sich auf im Lande Midian. Und er setzte sich nieder bei einem Brunnen."},{"16":"Der Priester in Midian aber hatte sieben Töchter; die kamen, Wasser zu schöpfen, und füllten die Rinnen, um die Schafe ihres Vaters zu tränken."},{"17":"Da kamen Hirten und vertrieben sie. Mose aber stand auf und half ihnen und tränkte ihre Schafe."},{"18":"Und als sie zu ihrem Vater Reguël kamen, sprach er: Warum seid ihr heute so bald gekommen?"},{"19":"Sie sprachen: Ein ägyptischer Mann rettete uns aus der Hand der Hirten und schöpfte für uns und tränkte die Schafe."},{"20":"Er sprach zu seinen Töchtern: Wo ist er? Warum habt ihr den Mann draußen gelassen? Ladet ihn doch ein, mit uns zu essen."},{"21":"Und Mose willigte ein, bei dem Mann zu bleiben. Und der gab Mose seine Tochter Zippora zur Frau."},{"22":"Die gebar einen Sohn, und er nannte ihn Gerschom; denn, sprach er, ich bin ein Fremdling geworden im fremden Lande."},{"23":"Lange Zeit danach starb der König von Ägypten. Und die Israeliten seufzten über ihre Knechtschaft und schrien, und ihr Schreien aus ihrer Knechtschaft stieg auf zu Gott."},{"24":"Und Gott erhörte ihr Wehklagen und gedachte an seinen Bund mit Abraham, Isaak und Jakob."},{"25":"Und Gott sah auf die Israeliten und nahm sich ihrer an."}]