[{"1":"Mose aber hütete die Schafe Jitros, seines Schwiegervaters, des Priesters in Midian, und trieb die Schafe über die Wüste hinaus und kam an den Berg Gottes, den Horeb."},{"2":"Und der Engel des HERRN erschien ihm in einer feurigen Flamme aus dem Dornbusch. Und er sah, dass der Busch im Feuer brannte und doch nicht verzehrt wurde."},{"3":"Da sprach er: Ich will hingehen und diese wundersame Erscheinung besehen, warum der Busch nicht verbrennt."},{"4":"Als aber der HERR sah, dass er hinging, um zu sehen, rief Gott ihn aus dem Busch und sprach: Mose, Mose! Er antwortete: Hier bin ich."},{"5":"Er sprach: Tritt nicht herzu, zieh deine Schuhe von deinen Füßen; denn der<br />Ort, darauf du stehst, ist heiliges Land!"},{"6":"Und er sprach weiter: Ich bin der Gott deines Vaters, der Gott Abrahams,<br />der Gott Isaaks und der Gott Jakobs. Und Mose verhüllte sein Angesicht;<br />denn er fürchtete sich, Gott anzuschauen."},{"7":"Und der HERR sprach: Ich habe das Elend meines Volks in Ägypten<br />gesehen, und ihr Geschrei über ihre Bedränger habe ich gehört; ich habe<br />ihre Leiden erkannt."},{"8":"Und ich bin herniedergefahren, dass ich sie errette aus der Ägypter Hand und sie aus diesem Lande hinaufführe in ein gutes und weites Land, in ein Land, darin Milch und Honig fließt, in das Gebiet der Kanaaniter, Hetiter, Amoriter, Perisiter, Hiwiter und Jebusiter."},{"9":"Weil denn nun das Geschrei der Israeliten vor mich gekommen ist und ich dazu ihre Drangsal gesehen habe, wie die Ägypter sie bedrängen,"},{"10":"so geh nun hin, ich will dich zum Pharao senden, damit du mein Volk, die Israeliten, aus Ägypten führst."},{"11":"Mose sprach zu Gott: Wer bin ich, dass ich zum Pharao gehe und führe die Israeliten aus Ägypten?"},{"12":"Er sprach: Ich will mit dir sein. Und das soll dir das Zeichen sein, dass ich dich gesandt habe: Wenn du mein Volk aus Ägypten geführt hast, werdet ihr Gott dienen auf diesem Berge."},{"13":"Mose sprach zu Gott: Siehe, wenn ich zu den Israeliten komme und spreche zu ihnen: Der Gott eurer Väter hat mich zu euch gesandt!, und sie mir sagen werden: Wie ist sein Name?, was soll ich ihnen sagen?"},{"14":"Gott sprach zu Mose: Ich werde sein, der ich sein werde. Und sprach: So sollst du zu den Israeliten sagen: »Ich werde sein«, der hat mich zu euch gesandt."},{"15":"Und Gott sprach weiter zu Mose: So sollst du zu den Israeliten sagen: Der HERR, der Gott eurer Väter, der Gott Abrahams, der Gott Isaaks, der Gott Jakobs, hat mich zu euch gesandt. Das ist mein Name auf ewig, mit dem man mich anrufen soll von Geschlecht zu Geschlecht."},{"16":"Darum geh hin und versammle die Ältesten von Israel und sprich zu ihnen: Der HERR, der Gott eurer Väter, ist mir erschienen, der Gott Abrahams, der Gott Isaaks, der Gott Jakobs, und hat gesagt: Ich habe mich euer angenommen und gesehen, was euch in Ägypten widerfahren ist,"},{"17":"und habe gesagt: Ich will euch aus dem Elend Ägyptens führen in das Land der Kanaaniter, Hetiter, Amoriter, Perisiter, Hiwiter und Jebusiter, in das Land, darin Milch und Honig fließt."},{"18":"Und sie werden auf dich hören. Danach sollst du mit den Ältesten Israels hineingehen zum König von Ägypten und zu ihm sagen: Der HERR, der Gott der Hebräer, ist uns begegnet. Nun wollen wir gehen drei Tagereisen weit in die Wüste, dass wir opfern dem HERRN, unserm Gott."},{"19":"Aber ich weiß, dass euch der König von Ägypten nicht wird ziehen lassen, er werde denn gezwungen durch eine starke Hand."},{"20":"Daher werde ich meine Hand ausstrecken und Ägypten schlagen mit all den Wundern, die ich darin tun werde. Danach wird er euch ziehen lassen."},{"21":"Auch will ich diesem Volk Gunst verschaffen bei den Ägyptern, dass, wenn ihr auszieht, ihr nicht leer auszieht,"},{"22":"sondern jede Frau soll sich von ihrer Nachbarin und Hausgenossin silberne und goldene Gefäße und Kleider geben lassen. Die sollt ihr euren Söhnen und Töchtern mitgeben und den Ägyptern wegnehmen."}]