[{"1":"Da sprach der HERR zu Mose: Geh hinein zum Pharao und sage zu ihm: So spricht der HERR, der Gott der Hebräer: Lass mein Volk ziehen, dass sie mir dienen!"},{"2":"Wenn du dich weigerst und sie weiter aufhältst,"},{"3":"siehe, so wird die Hand des HERRN kommen über dein Vieh auf dem Felde, über die Pferde, Esel, Kamele, Rinder und Schafe, eine sehr schwere Pest."},{"4":"Aber der HERR wird einen Unterschied machen zwischen dem Vieh Israels und Ägyptens, dass nichts sterbe von allem, was die Israeliten haben."},{"5":"Und der HERR bestimmte eine Zeit und sprach: Morgen wird der HERR solches an dem Lande tun."},{"6":"Und der HERR tat es am andern Morgen; da starb alles Vieh der Ägypter, aber von dem Vieh der Israeliten starb nicht eins."},{"7":"Und der Pharao sandte hin, und siehe, es war von dem Vieh Israels nicht eins gestorben. Aber das Herz des Pharao wurde verstockt, und er ließ das Volk nicht ziehen."},{"8":"Da sprach der HERR zu Mose und Aaron: Füllt eure Hände mit Ruß aus dem Ofen, und Mose werfe ihn vor dem Pharao gen Himmel,"},{"9":"dass er über ganz Ägyptenland staube und böse Blattern aufbrechen an den Menschen und am Vieh in ganz Ägyptenland."},{"10":"Und sie nahmen Ruß aus dem Ofen und traten vor den Pharao, und Mose warf den Ruß gen Himmel. Da brachen auf böse Blattern an den Menschen und am Vieh."},{"11":"Auch die Zauberer konnten nicht vor Mose treten wegen der bösen Blattern; denn es waren an den Zauberern ebenso böse Blattern wie an allen Ägyptern."},{"12":"Aber der HERR verstockte das Herz des Pharao, dass er nicht auf sie hörte, wie denn der HERR zu Mose gesagt hatte."},{"13":"Da sprach der HERR zu Mose: Mach dich morgen früh auf und tritt vor den Pharao und sage zu ihm: So spricht der HERR, der Gott der Hebräer: Lass mein Volk ziehen, dass es mir diene;"},{"14":"sonst werde ich diesmal alle meine Plagen über dich selbst senden, über deine Großen und über dein Volk, damit du innewirst, dass meinesgleichen nicht ist in allen Landen."},{"15":"Denn ich hätte schon meine Hand ausrecken und dich und dein Volk mit Pest schlagen können, dass du von der Erde vertilgt würdest."},{"16":"Aber dazu habe ich dich erhalten, dass meine Kraft an dir erscheine und mein Name verkündigt werde in allen Landen."},{"17":"Du stellst dich noch immer wider mein Volk und willst es nicht ziehen lassen."},{"18":"Siehe, ich will morgen um diese Zeit einen sehr großen Hagel fallen lassen, wie er noch nie in Ägypten gewesen ist von der Zeit an, als es gegründet wurde, bis heute."},{"19":"Und nun sende hin und verwahre dein Vieh und alles, was du auf dem Felde hast. Denn alle Menschen und das Vieh, alles, was auf dem Felde gefunden und nicht in die Häuser gebracht wird, muss sterben, wenn der Hagel auf sie fällt."},{"20":"Wer nun von den Großen des Pharao das Wort des HERRN fürchtete, der ließ seine Knechte und sein Vieh in die Häuser fliehen."},{"21":"Wessen Herz sich aber nicht an des HERRN Wort kehrte, der ließ seine Knechte und sein Vieh auf dem Felde."},{"22":"Da sprach der HERR zu Mose: Recke deine Hand aus gen Himmel, dass es hagelt über ganz Ägyptenland, über Menschen, über Vieh und über alles Gewächs auf dem Felde in Ägyptenland."},{"23":"Da streckte Mose seinen Stab gen Himmel, und der HERR ließ donnern und hageln und Feuer schoss auf die Erde nieder. So ließ der HERR Hagel fallen auf Ägyptenland,"},{"24":"und Blitze zuckten dazwischen und der Hagel war so schwer, wie er noch nie in ganz Ägyptenland gewesen war, seitdem die Leute dort wohnen."},{"25":"Und der Hagel erschlug in ganz Ägyptenland alles, was auf dem Felde war, Menschen und Vieh, und zerschlug alles Gewächs auf dem Felde und zerbrach alle Bäume auf dem Felde."},{"26":"Nur im Lande Goschen, wo die Israeliten waren, da hagelte es nicht."},{"27":"Da schickte der Pharao hin und ließ Mose und Aaron rufen und sprach zu ihnen: Diesmal hab ich mich versündigt; der HERR ist im Recht, ich aber und mein Volk sind schuldig."},{"28":"Bittet aber den HERRN, dass es genug sei mit dem Donnern Gottes und dem Hagel, so will ich euch ziehen lassen, dass ihr nicht länger hierbleiben müsst."},{"29":"Mose sprach zu ihm: Wenn ich zur Stadt hinauskomme, will ich meine Hände ausbreiten zum HERRN, so wird der Donner aufhören und kein Hagel mehr fallen, damit du innewirst, dass die Erde des HERRN ist."},{"30":"Ich weiß aber: Du und deine Großen, ihr fürchtet euch noch nicht vor Gott dem HERRN."},{"31":"So wurden zerschlagen der Flachs und die Gerste, denn die Gerste stand in Ähren und der Flachs in Blüte."},{"32":"Aber der Weizen und der Dinkel wurden nicht zerschlagen, denn es ist Spätgetreide."},{"33":"So ging nun Mose von dem Pharao zur Stadt hinaus und breitete seine Hände aus zum HERRN, und Donner und Hagel hörten auf, und der Regen troff nicht mehr auf die Erde."},{"34":"Als aber der Pharao sah, dass Regen, Donner und Hagel aufhörten, versündigte er sich weiter und verhärtete sein Herz, er und seine Großen."},{"35":"So wurde des Pharao Herz verstockt, dass er die Israeliten nicht ziehen ließ, wie der HERR durch Mose gesagt hatte."}]