[{"1":"Du sollst Aaron, deinen Bruder, und seine Söhne zu dir herantreten lassen aus der Mitte der Israeliten, dass er mein Priester sei, er und seine Söhne Nadab, Abihu, Eleasar und Itamar."},{"2":"Und du sollst Aaron, deinem Bruder, heilige Kleider machen zur Ehre und als Schmuck"},{"3":"und sollst reden mit allen, die weisen Herzens sind, die ich mit dem Geist der Weisheit erfüllt habe, dass sie Aaron Kleider machen zu seiner Weihe, dass er mein Priester sei."},{"4":"Dies sind aber die Kleider, die sie machen sollen: Brusttasche, Schurz, Obergewand, enges Untergewand, Kopfbund und Gürtel. So sollen sie heilige Kleider machen deinem Bruder Aaron und seinen Söhnen, dass er mein Priester sei."},{"5":"Sie sollen Gold, blauen und roten Purpur, Karmesin und feines Leinen dazu nehmen."},{"6":"Den Priesterschurz sollen sie machen aus Gold, blauem und rotem Purpur, Karmesin und gezwirntem feinem Leinen, kunstreich gewirkt."},{"7":"Zwei Schulterteile soll er haben, die angefügt sind; an seinen beiden Enden soll er zusammengebunden werden."},{"8":"Und die Binde, die daran ist, um ihn anlegen zu können, soll von derselben Arbeit und aus einem Stück mit ihm sein, aus Gold, blauem und rotem Purpur, Karmesin und gezwirntem feinem Leinen."},{"9":"Und du sollst zwei Onyxsteine nehmen und darauf einschneiden die Namen der Söhne Israels,"},{"10":"auf jeden sechs Namen nach der Ordnung ihres Alters."},{"11":"Du sollst die Namen der Söhne Israels in die Steine schneiden wie in ein Siegel, und sie sollen mit Gold eingefasst werden."},{"12":"Und du sollst sie auf die Schulterteile des Schurzes heften, dass es Steine seien zum gnädigen Gedenken an die Israeliten, sodass Aaron ihre Namen auf seinen beiden Schultern trage vor dem HERRN, damit der HERR ihrer gedenke."},{"13":"Und du sollst Goldfassungen machen"},{"14":"und zwei Ketten von feinem Golde; als geflochtene Schnüre sollst du sie machen und diese Schnüre an den Fassungen befestigen."},{"15":"Die Brusttasche für die Lose zum Rechtsentscheid sollst du wie den Priesterschurz machen, kunstreich gewirkt, aus Gold, blauem und rotem Purpur, Karmesin und gezwirntem feinem Leinen."},{"16":"Viereckig soll sie sein und doppelt gelegt; eine Spanne soll ihre Länge sein und eine Spanne ihre Breite."},{"17":"Und du sollst sie besetzen mit vier Reihen von Steinen. Die erste Reihe sei ein Sarder, ein Topas und ein Smaragd,"},{"18":"die andere ein Rubin, ein Saphir und ein Diamant,"},{"19":"die dritte ein Lynkurer, ein Achat und ein Amethyst,"},{"20":"die vierte ein Türkis, ein Onyx und ein Jaspis; in Gold sollen sie gefasst sein, wenn man sie anbringt."},{"21":"Zwölf sollen es sein wie auf einem Siegel nach den Namen der Söhne Israels, dass auf jedem ein Name stehe nach den zwölf Stämmen."},{"22":"Und du sollst Ketten zu der Tasche wie geflochtene Schnüre machen aus feinem Golde"},{"23":"und zwei goldene Ringe für die Tasche, sodass du die beiden Ringe an zwei Ecken der Tasche heftest"},{"24":"und die beiden goldenen Schnüre in die beiden Ringe an den Ecken der Tasche tust."},{"25":"Aber die beiden andern Enden der zwei Schnüre sollst du an den beiden goldenen Fassungen befestigen und sie an die Schulterteile des Priesterschurzes vorn anheften."},{"26":"Und du sollst zwei andere goldene Ringe machen und an die beiden andern Ecken der Tasche heften an ihren Rand innen zum Schurz hin."},{"27":"Und du sollst abermals zwei goldene Ringe machen und sie unten an die beiden Schulterteile vorn am Schurz anheften, wo der Schurz zusammengeht, oben über der Binde des Schurzes."},{"28":"Und man soll die Tasche mit ihren Ringen mit einer Schnur von blauem Purpur an die Ringe des Schurzes knüpfen, dass sie über der Binde des Schurzes anliege und die Tasche sich nicht von dem Schurz losmache."},{"29":"So soll Aaron die Namen der Söhne Israels in der Brusttasche auf seinem Herzen tragen, wenn er in das Heiligtum geht, zum gnädigen Gedenken vor dem HERRN allezeit."},{"30":"Und du sollst in die Brusttasche tun die Lose »Licht und Recht«, sodass sie auf dem Herzen Aarons seien, wenn er hineingeht vor den HERRN, dass er die Entscheidungen für die Israeliten auf seinem Herzen trage vor dem HERRN allezeit."},{"31":"Du sollst auch das Obergewand unter dem Schurz ganz aus blauem Purpur machen."},{"32":"Und oben in der Mitte soll eine Öffnung sein und eine Borte um die Öffnung herum in Weberarbeit wie bei einem Panzerhemd, dass sie nicht einreiße."},{"33":"Und unten an seinem Saum sollst du Granatäpfel machen aus blauem und rotem Purpur und Karmesin ringsherum und zwischen sie goldene Schellen auch ringsherum,"},{"34":"dass eine goldene Schelle sei, danach ein Granatapfel und wieder eine goldene Schelle und wieder ein Granatapfel ringsherum an dem Saum des Obergewandes."},{"35":"Und Aaron soll es anhaben, wenn er dient, dass man seinen Klang höre, wenn er hineingeht ins Heiligtum vor den HERRN und wieder herauskommt; so wird er nicht sterben."},{"36":"Du sollst auch ein Stirnblatt machen aus feinem Golde und darauf einschneiden, wie man Siegel schneidet: »Heilig dem HERRN«."},{"37":"Und du sollst es heften an eine Schnur von blauem Purpur vorn an den Kopfbund."},{"38":"Und es soll sein auf der Stirn Aarons, damit Aaron bei allen ihren Opfern alle Sünde trage, die an den heiligen Gaben der Israeliten haftet. Und es soll allezeit an seiner Stirn sein, dass sie wohlgefällig seien vor dem HERRN."},{"39":"Du sollst auch das enge Untergewand aus feinem Leinen machen und einen Kopfbund aus feinem Leinen und einen bunt gewebten Gürtel."},{"40":"Und den Söhnen Aarons sollst du Untergewänder, Gürtel und hohe Mützen machen zur Ehre und als Schmuck"},{"41":"und sollst sie deinem Bruder Aaron samt seinen Söhnen anlegen und sollst sie salben und ihre Hände füllen und sie weihen, dass sie meine Priester seien."},{"42":"Und du sollst ihnen leinene Beinkleider machen, um ihre Blöße zu bedecken, von den Hüften bis an die Schenkel."},{"43":"Und Aaron und seine Söhne sollen sie anhaben, wenn sie in die Stiftshütte gehen oder hinzutreten zum Altar, um im Heiligtum zu dienen, damit sie keine Schuld auf sich laden und sterben müssen. Das soll für ihn und sein Geschlecht nach ihm eine ewige Ordnung sein."}]