[{"1":"Simon Petrus, Knecht und Apostel Jesu Christi, an alle, die mit uns denselben kostbaren Glauben empfangen haben durch die Gerechtigkeit unseres Gottes und Heilands Jesus Christus:"},{"2":"Gott gebe euch viel Gnade und Frieden durch die Erkenntnis Gottes und Jesu, unseres Herrn!"},{"3":"Alles, was zum Leben und zur Frömmigkeit dient, hat uns seine göttliche Kraft geschenkt durch die Erkenntnis dessen, der uns berufen hat durch seine Herrlichkeit und Kraft."},{"4":"Durch sie sind uns die kostbaren und allergrößten Verheißungen geschenkt, damit ihr durch sie Anteil bekommt an der göttlichen Natur, wenn ihr der Vergänglichkeit entflieht, die durch Begierde in der Welt ist."},{"5":"So wendet allen Fleiß daran und erweist in eurem Glauben Tugend und in der Tugend Erkenntnis"},{"6":"und in der Erkenntnis Mäßigkeit und in der Mäßigkeit Geduld und in der Geduld Frömmigkeit"},{"7":"und in der Frömmigkeit Brüderlichkeit und in der Brüderlichkeit die Liebe."},{"8":"Denn wenn dies alles reichlich bei euch ist, wird's euch nicht faul und unfruchtbar sein lassen in der Erkenntnis unseres Herrn Jesus Christus."},{"9":"Wer dies aber nicht hat, der ist blind und tappt im Dunkeln und hat vergessen, dass er rein geworden ist von seinen früheren Sünden."},{"10":"Darum, Brüder und Schwestern, bemüht euch umso eifriger, eure Berufung und Erwählung festzumachen. Denn wenn ihr dies tut, werdet ihr niemals straucheln,"},{"11":"und so wird euch reichlich gewährt werden der Eingang in das ewige Reich unseres Herrn und Heilands Jesus Christus."},{"12":"Darum will ich euch allezeit daran erinnern, obwohl ihr's wisst und gestärkt seid in der Wahrheit, die nun gegenwärtig ist."},{"13":"Ich halte es aber für richtig, solange ich in dieser Hütte bin, euch zu wecken und zu erinnern;"},{"14":"denn ich weiß, dass meine Hütte bald abgebrochen wird, wie es mir auch unser Herr Jesus Christus eröffnet hat."},{"15":"Ich will aber allen Fleiß darauf verwenden, dass ihr dies allezeit nach meinem Hinscheiden im Gedächtnis behaltet."},{"16":"Denn wir sind nicht ausgeklügelten Fabeln gefolgt, als wir euch kundgetan haben die Kraft und das Kommen unseres Herrn Jesus Christus; sondern wir haben seine Herrlichkeit mit eigenen Augen gesehen."},{"17":"Denn er empfing von Gott, dem Vater, Ehre und Preis durch eine Stimme, die zu ihm kam von der großen Herrlichkeit: Dies ist mein lieber Sohn, an dem ich Wohlgefallen habe."},{"18":"Und diese Stimme haben wir gehört vom Himmel kommen, als wir mit ihm waren auf dem heiligen Berge."},{"19":"Umso fester haben wir das prophetische Wort, und ihr tut gut daran, dass ihr darauf achtet als auf ein Licht, das da scheint an einem dunklen Ort, bis der Tag anbricht und der Morgenstern aufgeht in euren Herzen."},{"20":"Und das sollt ihr vor allem wissen, dass keine Weissagung in der Schrift aus eigener Auslegung geschieht."},{"21":"Denn es ist noch nie eine Weissagung aus menschlichem Willen hervorgebracht worden, sondern getrieben vom Heiligen Geist haben Menschen in Gottes Auftrag geredet."}]