[{"1":"Und David sammelte abermals die ganze junge Mannschaft in Israel, dreißigtausend Mann,"},{"2":"und machte sich auf und zog mit dem ganzen Volk, das bei ihm war, nach Baala in Juda, um die Lade Gottes von dort heraufzuholen; diese ist genannt nach dem Namen des HERRN Zebaoth, der über den Cherubim thront."},{"3":"Und sie setzten die Lade Gottes auf einen neuen Wagen und holten sie aus dem Hause Abinadabs, der auf dem Hügel wohnte. Usa aber und Achjo, die Söhne Abinadabs, führten den neuen Wagen"},{"4":"mit der Lade Gottes, und Achjo ging vor der Lade her."},{"5":"Und David und ganz Israel tanzten vor dem HERRN her mit aller Macht im Reigen, mit Liedern, mit Harfen und Psaltern und Pauken und Schellen und Zimbeln."},{"6":"Und als sie zur Tenne Nachons kamen, griff Usa zu und hielt die Lade Gottes fest, denn die Rinder glitten aus."},{"7":"Da entbrannte des HERRN Zorn über Usa, und Gott schlug ihn dort, weil er seine Hand nach der Lade ausgestreckt hatte, sodass er dort starb bei der Lade Gottes."},{"8":"Da ergrimmte David, dass der HERR den Usa so wegriss, und man nannte die Stätte »Perez-Usa« bis auf diesen Tag."},{"9":"Und David fürchtete sich vor dem HERRN an diesem Tage und sprach: Wie soll die Lade des HERRN zu mir kommen?"},{"10":"Und David wollte die Lade des HERRN nicht zu sich bringen lassen in die Stadt Davids, sondern ließ sie bringen ins Haus Obed-Edoms, des Gatiters."},{"11":"So blieb die Lade des HERRN drei Monate im Hause Obed-Edoms, des Gatiters, und der HERR segnete ihn und sein ganzes Haus."},{"12":"Und es wurde dem König David angesagt, dass der HERR das Haus Obed-Edoms segnete und alles, was er hatte, um der Lade Gottes willen. Da ging er hin und holte die Lade Gottes aus dem Hause Obed-Edoms herauf in die Stadt Davids mit Freuden."},{"13":"Und als die Träger mit der Lade des HERRN sechs Schritte gegangen waren, opferte man einen Stier und ein fettes Kalb."},{"14":"Und David tanzte mit aller Macht vor dem HERRN her und war umgürtet mit einem leinenen Priesterschurz."},{"15":"Und David mit dem ganzen Hause Israel führte die Lade des HERRN herauf mit Jauchzen und Posaunenschall."},{"16":"Und als die Lade des HERRN in die Stadt Davids kam, sah Michal, die Tochter Sauls, durchs Fenster und sah den König David springen und tanzen vor dem HERRN und verachtete ihn in ihrem Herzen."},{"17":"Als sie die Lade des HERRN hineinbrachten, stellten sie sie an ihren Ort mitten in dem Zelt, das David für sie aufgeschlagen hatte. Und David opferte Brandopfer und Dankopfer vor dem HERRN."},{"18":"Und als David die Brandopfer und Dankopfer beendet hatte, segnete er das Volk in dem Namen des HERRN Zebaoth,"},{"19":"und er ließ austeilen allem Volk, der ganzen Menge Israels, Mann und Frau, einem jeden einen Brotkuchen, einen Dattelkuchen und einen Rosinenkuchen. Danach kehrte alles Volk heim, ein jeglicher in sein Haus."},{"20":"Als aber David heimkam, sein Haus zu segnen, ging Michal, die Tochter Sauls, heraus ihm entgegen und sprach: Wie herrlich ist heute der König von Israel gewesen, als er sich vor den Mägden seiner Knechte entblößt hat, wie sich die losen Leute entblößen!"},{"21":"David aber sprach zu Michal: Ich will vor dem HERRN tanzen, der mich erwählt hat vor deinem Vater und vor seinem ganzen Hause, um mich zum Fürsten zu bestellen über das Volk des HERRN, über Israel,"},{"22":"und ich will noch geringer werden als jetzt und will niedrig sein in meinen Augen; aber bei den Mägden, von denen du geredet hast, will ich zu Ehren kommen."},{"23":"Aber Michal, Sauls Tochter, hatte kein Kind bis an den Tag ihres Todes."}]