[{"1":"Und Ahitofel sprach zu Absalom: Ich will zwölftausend Mann auswählen und mich aufmachen und David nachjagen in dieser Nacht"},{"2":"und will ihn überfallen, solange er matt und verzagt ist. Wenn ich ihn dann erschrecke und das ganze Kriegsvolk, das bei ihm ist, flieht, will ich den König allein erschlagen"},{"3":"und das ganze Kriegsvolk zu dir zurückbringen, wie die junge Frau zu ihrem Mann zurückkehrt. Du trachtest ja nur einem Mann nach dem Leben, aber das ganze Volk soll in Frieden bleiben."},{"4":"Die Rede gefiel Absalom gut und allen Ältesten in Israel."},{"5":"Aber Absalom sprach: Lasst doch auch Huschai, den Arkiter, rufen und hören, was er dazu sagt."},{"6":"Und als Huschai hinein zu Absalom kam, sprach Absalom zu ihm: Das und das hat Ahitofel geredet; sage du, sollen wir's tun oder nicht?"},{"7":"Da sprach Huschai zu Absalom: Der Rat, den Ahitofel diesmal gegeben hat, ist nicht gut."},{"8":"Und Huschai sprach weiter: Du kennst deinen Vater und seine Leute, dass sie stark sind und zornigen Gemüts wie eine Bärin auf dem Felde, der die Jungen geraubt sind. Dazu ist dein Vater ein Kriegsmann und wird seinen Leuten auch des Nachts keine Ruhe gönnen."},{"9":"Siehe, er hat sich jetzt vielleicht verkrochen in irgendeiner Schlucht oder sonst einem Versteck. Wenn's dann geschähe, dass gleich zu Anfang einige unter ihnen fallen, und es käme das Gerücht auf: Das Volk, das Absalom nachfolgt, ist geschlagen worden,"},{"10":"so würde jedermann verzagt werden, auch wenn er ein Krieger ist und ein Herz hat wie ein Löwe. Denn es weiß ganz Israel, dass dein Vater ein Held ist und tapfere Leute bei sich hat."},{"11":"Darum rate ich, dass du zu dir versammelst ganz Israel von Dan bis Beerscheba, so viel wie der Sand am Meer, und dass du selbst in den Kampf ziehst."},{"12":"So wollen wir ihn überfallen, wo wir ihn finden, und wollen über ihn kommen, wie der Tau auf die Erde fällt, dass wir von ihm und allen seinen Männern nicht einen einzigen übrig lassen."},{"13":"Zieht er sich aber in eine Stadt zurück, so soll ganz Israel Stricke an die Stadt legen und sie ins Tal schleifen, dass man nicht einen Stein mehr dort finde."},{"14":"Da sprachen Absalom und jedermann in Israel: Der Rat Huschais, des Arkiters, ist besser als Ahitofels Rat. So schickte es der HERR, dass der kluge Rat Ahitofels verworfen wurde, damit der HERR Unheil über Absalom brächte."},{"15":"Und Huschai sprach zu den Priestern Zadok und Abjatar: So und so hat Ahitofel Absalom und den Ältesten in Israel geraten, ich aber habe so und so geraten."},{"16":"So sendet nun eilends hin und lasst David sagen: Bleibe nicht über Nacht an den Furten der Wüste, sondern geh gleich hinüber, damit der König nicht vernichtet werde und das ganze Volk, das bei ihm ist."},{"17":"Jonatan aber und Ahimaaz standen bei der Quelle Rogel; und eine Magd ging von Zeit zu Zeit hin und brachte ihnen Nachricht, die sie dem König David weitersagten; denn sie durften sich in der Stadt nicht sehen lassen."},{"18":"Es sah sie aber ein Knabe und sagte es Absalom an. Da gingen die beiden eilends fort und kamen in das Haus eines Mannes in Bahurim; der hatte einen Brunnen in seinem Hofe. Dahinein stiegen sie."},{"19":"Und die Frau nahm eine Decke und breitete sie über das Brunnenloch und streute Körner darüber, sodass man nichts merkte."},{"20":"Als nun die Knechte Absaloms zu der Frau ins Haus kamen, sprachen sie: Wo sind Ahimaaz und Jonatan? Sie sprach zu ihnen: Sie gingen weiter zum Wasser. Und als die Knechte Absaloms sie suchten und nicht fanden, kehrten sie nach Jerusalem zurück."},{"21":"Und als sie weg waren, stiegen jene aus dem Brunnen und gingen hin und sagten's dem König David an und sprachen zu David: Macht euch auf und geht eilends über den Fluss, denn Ahitofel hat gegen euch den und den Rat gegeben."},{"22":"Da machte sich David auf und das ganze Volk, das bei ihm war, und sie gingen über den Jordan, und als es lichter Morgen wurde, gab es nicht einen, der nicht über den Jordan gegangen wäre."},{"23":"Als aber Ahitofel sah, dass sein Rat nicht ausgeführt wurde, sattelte er seinen Esel, machte sich auf und zog heim in seine Stadt und bestellte sein Haus und erhängte sich und starb und wurde begraben in seines Vaters Grab."},{"24":"Und David kam nach Mahanajim. Aber Absalom zog über den Jordan und alle Männer Israels mit ihm."},{"25":"Und Absalom hatte Amasa an Joabs statt über das Heer gesetzt. Amasa aber war der Sohn eines Mannes mit Namen Jeter, eines Israeliters, der zu Abigal, der Tochter des Nahasch, eingegangen war; diese war eine Schwester der Zeruja, Joabs Mutter."},{"26":"Israel aber und Absalom lagerten sich in Gilead."},{"27":"Als David nach Mahanajim gekommen war, da brachten Schobi, der Sohn des Nahasch von Rabba, der Stadt der Ammoniter, und Machir, der Sohn Ammiëls von Lo-Dabar, und Barsillai, ein Gileaditer von Roglim,"},{"28":"Betten, Becken, irdene Gefäße, Weizen, Gerste, Mehl, geröstete Körner, Bohnen, Linsen,"},{"29":"Honig, Butter, Schafe und Käse zu David und zum Volk, das bei ihm war zum Essen. Denn sie dachten: Das Volk wird hungrig, müde und durstig geworden sein in der Wüste."}]