[{"1":"Und es begab sich danach: Absalom, der Sohn Davids, hatte eine schöne Schwester, die hieß Tamar; und Amnon, der Sohn Davids, gewann sie lieb."},{"2":"Und Amnon grämte sich, sodass er fast krank wurde, um seiner Schwester Tamar willen; denn sie war eine Jungfrau, und es schien Amnon unmöglich, ihr etwas anzutun."},{"3":"Amnon aber hatte einen Freund, der hieß Jonadab, ein Sohn von Davids Bruder Schima, und dieser Jonadab war ein sehr kluger Mann."},{"4":"Der sprach zu ihm: Warum bist du so elend von Tag zu Tag, du Königssohn? Willst du mir's nicht sagen? Da sprach Amnon zu ihm: Ich habe Tamar, die Schwester meines Bruders Absalom, lieb gewonnen."},{"5":"Jonadab sprach zu ihm: Lege dich auf dein Bett und stelle dich krank. Wenn dann dein Vater kommt, dich zu besuchen, so sprich zu ihm: Lass doch meine Schwester Tamar kommen, damit sie mir Krankenspeise gebe und vor meinen Augen das Essen bereite, dass ich zusehe und von ihrer Hand esse."},{"6":"So legte sich Amnon hin und stellte sich krank. Als nun der König kam, ihn zu besuchen, sprach Amnon zum König: Lass doch meine Schwester Tamar kommen, dass sie vor meinen Augen zwei Kuchen mache und ich von ihrer Hand esse."},{"7":"Da sandte David zu Tamar ins Haus und ließ ihr sagen: Geh hin ins Haus deines Bruders Amnon und mache ihm eine Krankenspeise."},{"8":"Tamar ging hin ins Haus ihres Bruders Amnon; er aber lag zu Bett. Und sie nahm den Teig und knetete ihn und bereitete ihn vor seinen Augen und backte die Kuchen."},{"9":"Und sie nahm die Pfanne und schüttete sie vor ihm aus; aber er weigerte sich zu essen. Und Amnon sprach: Lasst jedermann von mir hinausgehen. Und es ging jedermann von ihm hinaus."},{"10":"Da sprach Amnon zu Tamar: Bringe die Krankenspeise in die Kammer, dass ich von deiner Hand esse. Da nahm Tamar die Kuchen, die sie gemacht hatte, und brachte sie zu Amnon, ihrem Bruder, in die Kammer."},{"11":"Und als sie diese zu ihm brachte, damit er esse, ergriff er Tamar und sprach zu ihr: Komm, meine Schwester, schlaf bei mir!"},{"12":"Sie aber sprach zu ihm: Nicht doch, mein Bruder, schände mich nicht; denn so tut man nicht in Israel. Tu nicht solch eine Schandtat!"},{"13":"Wo soll ich mit meiner Schande hin? Und du wirst in Israel sein wie ein Ruchloser. Rede aber mit dem König, der wird mich dir nicht versagen."},{"14":"Aber er wollte nicht auf sie hören und ergriff sie und tat ihr Gewalt an und schlief bei ihr."},{"15":"Und Amnon wurde ihrer überdrüssig, sodass sein Hass größer war als vorher seine Liebe. Und Amnon sprach zu ihr: Steh auf, geh!"},{"16":"Sie aber sprach zu ihm: Dass du mich von dir stößt, dies Unrecht ist größer als das andere, das du an mir getan hast. Aber er wollte nicht auf sie hören,"},{"17":"sondern rief den Knaben, der ihm diente, und sprach: Treibe diese von mir hinaus und schließ die Tür hinter ihr zu!"},{"18":"Und sie hatte ein Ärmelkleid an; denn solche Kleider trugen des Königs Töchter, solange sie Jungfrauen waren. Und als sein Diener sie hinausgetrieben und die Tür hinter ihr zugeschlossen hatte,"},{"19":"warf Tamar Asche auf ihr Haupt und zerriss das Ärmelkleid, das sie anhatte, und legte ihre Hand auf das Haupt und ging schreiend davon."},{"20":"Und ihr Bruder Absalom sprach zu ihr: Ist dein Bruder Amnon bei dir gewesen? Nun, meine Schwester, schweig still; es ist dein Bruder, nimm dir die Sache nicht so zu Herzen. So blieb Tamar einsam im Hause ihres Bruders Absalom."},{"21":"Und als der König David dies alles hörte, wurde er sehr zornig. Aber er tat seinem Sohn Amnon nichts zuleide, denn er liebte ihn, weil er sein Erstgeborener war."},{"22":"Doch Absalom redete nicht mit Amnon, weder Böses noch Gutes. Denn Absalom hasste Amnon, weil er seine Schwester Tamar geschändet hatte."},{"23":"Nach zwei Jahren aber hatte Absalom Schafschur in Baal-Hazor, das bei Ephraim liegt. Und Absalom lud alle Söhne des Königs ein"},{"24":"und kam zum König und sprach: Siehe, dein Knecht hat Schafschur; der König und seine Knechte mögen mit seinem Knecht hingehen."},{"25":"Der König aber sprach zu Absalom: Nicht doch, mein Sohn, lass uns nicht alle gehen, damit wir dich nicht beschweren. Und obgleich er ihn nötigte, wollte er doch nicht hingehen, sondern entließ ihn mit seinem Segen."},{"26":"Absalom sprach: Soll dann nicht mein Bruder Amnon mit uns gehen? Der König sprach zu ihm: Warum soll er mit dir gehen?"},{"27":"Da nötigte ihn Absalom, dass er Amnon und alle Söhne des Königs mit ihm gehen ließ."},{"28":"Absalom aber gebot seinen Leuten: Seht darauf, wenn Amnon guter Dinge wird vom Wein und ich zu euch spreche: Schlagt Amnon nieder!, so sollt ihr ihn töten. Fürchtet euch nicht, denn ich hab's euch geboten; seid nur getrost und geht tapfer dran!"},{"29":"So taten die Leute Absaloms mit Amnon, wie ihnen Absalom geboten hatte. Da sprangen alle Söhne des Königs auf, und jeder setzte sich auf sein Maultier, und sie flohen."},{"30":"Und als sie noch auf dem Wege waren, kam das Gerücht vor David, Absalom habe alle Söhne des Königs erschlagen, dass nicht einer von ihnen übrig geblieben wäre."},{"31":"Da stand der König auf und zerriss seine Kleider und legte sich auf die Erde, und alle seine Knechte, die um ihn her standen, zerrissen ihre Kleider."},{"32":"Da hob Jonadab, der Sohn Schimas, des Bruders Davids, an und sprach: Mein Herr denke nicht, dass alle jungen Männer, die Söhne des Königs, tot sind; sondern Amnon allein ist tot. Denn das hatte Absalom im Sinn von dem Tage an, da jener seine Schwester Tamar schändete."},{"33":"So denke nun mein Herr, der König, nicht, dass alle Söhne des Königs tot seien, sondern Amnon allein ist tot."},{"34":"Absalom aber floh. Und als der Knecht auf der Warte seine Augen aufhob und ausschaute, siehe, da kam viel Volk auf dem Wege hinter ihm an der Seite des Berges entlang."},{"35":"Da sprach Jonadab zum König: Siehe, die Söhne des Königs kommen; wie dein Knecht gesagt hat, so ist's ergangen."},{"36":"Und als er ausgeredet hatte, siehe, da kamen die Söhne des Königs und erhoben ihre Stimme und weinten. Der König und alle seine Knechte weinten auch gar sehr."},{"37":"Absalom aber floh und ging zu Talmai, dem Sohn Ammihuds, dem König von Geschur. David aber trug Leid um seinen Sohn alle Tage."},{"38":"Als aber Absalom geflohen und nach Geschur gezogen war, blieb er dort drei Jahre."},{"39":"Und der König hörte auf, mit Absalom zu hadern, denn er hatte sich getröstet über Amnon, dass er tot war."}]