[{"1":"Es war eine Hungersnot zu Davids Zeiten drei Jahre nacheinander. Und David suchte das Angesicht des HERRN, und der HERR sprach: Auf Saul und auf seinem Hause liegt eine Blutschuld, weil er die Gibeoniter getötet hat."},{"2":"Da ließ der König die Gibeoniter rufen und sprach mit ihnen. Die Gibeoniter aber gehörten nicht zu den Israeliten, sondern waren übrig geblieben von den Amoritern. Und die Israeliten hatten ihnen einen Schwur geleistet; jedoch suchte Saul sie auszurotten in seinem Eifer für Israel und Juda."},{"3":"Da sprach David zu den Gibeonitern: Was soll ich für euch tun? Und womit soll ich Sühne schaffen, dass ihr das Erbteil des HERRN segnet?"},{"4":"Die Gibeoniter sprachen zu ihm: Es ist uns nicht um Gold noch Silber zu tun bei Saul und seinem Hause, auch steht es uns nicht zu, jemand zu töten in Israel. Er sprach: Was wollt ihr dann, dass ich für euch tun soll?"},{"5":"Sie sprachen zum König: Von dem Mann, der uns zunichtegemacht hat und der uns vertilgen wollte, dass uns nichts bleibe in allen Landen Israels –"},{"6":"von seinen Söhnen soll man uns sieben Männer geben, dass wir sie hinrichten vor dem HERRN im Gibea Sauls, des Erwählten des HERRN. Der König sprach: Ich will sie euch herausgeben."},{"7":"Aber der König verschonte Mefi-Boschet, den Sohn Jonatans, des Sohnes Sauls, um des Eides des HERRN willen, der zwischen ihnen war, zwischen David und Jonatan, dem Sohn Sauls."},{"8":"Aber die beiden Söhne der Rizpa, der Tochter Ajas, die sie Saul geboren hatte, Armoni und Mefi-Boschet, dazu die fünf Söhne der Merab, der Tochter Sauls, die sie dem Adriël geboren hatte, dem Sohn Barsillais aus Mehola, nahm der König"},{"9":"und gab sie in die Hand der Gibeoniter. Die richteten sie hin auf dem Berge vor dem HERRN. So kamen diese sieben auf einmal um und starben in den ersten Tagen der Ernte, wenn die Gerstenernte anfängt."},{"10":"Da nahm Rizpa, die Tochter Ajas, ein Sackgewand und breitete es für sich aus auf dem Fels am Anfang der Ernte, bis Regen vom Himmel auf die Toten troff, und ließ am Tage die Vögel des Himmels nicht an sie kommen noch des Nachts die Tiere des Feldes."},{"11":"Und es wurde David angesagt, was Rizpa, die Tochter Ajas, Sauls Nebenfrau, getan hatte."},{"12":"Und David ging hin und nahm die Gebeine Sauls und die Gebeine seines Sohnes Jonatan von den Bürgern von Jabesch in Gilead. Die hatten sie vom Platz in Bet-Schean heimlich weggenommen, wohin die Philister sie gehängt hatten zu der Zeit, da die Philister Saul schlugen auf dem Berge Gilboa."},{"13":"Und David brachte die Gebeine Sauls und die Gebeine seines Sohnes Jonatan von dort herauf, und sie sammelten die Gebeine derer, die man hingerichtet hatte,"},{"14":"und begruben sie mit den Gebeinen Sauls und seines Sohnes Jonatan im Lande Benjamin in Zela im Grab seines Vaters Kisch und taten alles, wie der König geboten hatte. Danach wurde Gott dem Lande wieder gnädig."},{"15":"Es erhob sich aber wieder ein Krieg der Philister mit Israel. Und David zog hinab und seine Knechte mit ihm, um mit den Philistern zu kämpfen. Und David wurde müde."},{"16":"In Nob aber war Jischbi, der einer der Riesensöhne war, und das Gewicht seines Speers war dreihundert Schekel Bronze, dazu war er mit einem neuen Schwert gegürtet. Der wollte David erschlagen."},{"17":"Aber Abischai, der Sohn der Zeruja, half David und schlug den Philister tot. Da beschworen David seine Männer und sprachen: Du sollst nicht mehr mit uns ausziehen in den Kampf, damit nicht die Leuchte in Israel verlischt."},{"18":"Danach erhob sich bei Gob noch ein Krieg mit den Philistern. Da erschlug Sibbechai, der Huschatiter, den Saf, der auch einer vom Geschlecht der Riesen war."},{"19":"Und es erhob sich noch ein Krieg bei Gob mit den Philistern. Da erschlug Elhanan, der Sohn Jaïrs aus Bethlehem, den Goliat, den Gatiter; der hatte einen Spieß, dessen Schaft war wie ein Weberbaum."},{"20":"Und es erhob sich noch ein Krieg bei Gat. Da war ein langer Mann, der hatte sechs Finger an seinen Händen und sechs Zehen an seinen Füßen, das sind vierundzwanzig an der Zahl, und auch er war vom Geschlecht der Riesen."},{"21":"Und als er Israel Hohn sprach, erschlug ihn Jonatan, der Sohn Schimas, der ein Bruder Davids war."},{"22":"Diese vier stammten vom Geschlecht der Riesen in Gat und fielen durch die Hand Davids und seiner Knechte."}]