[{"1":"Und es war ein langer Kampf zwischen dem Hause Sauls und dem Hause Davids. David aber nahm immer mehr zu an Macht, und das Haus Sauls nahm immer mehr ab."},{"2":"Und es wurden David Söhne geboren zu Hebron. Sein erstgeborener Sohn war Amnon, von Ahinoam, der Jesreeliterin;"},{"3":"der zweite: Kilab, von Abigajil, der Frau des Karmeliters Nabal; der dritte: Absalom, der Sohn der Maacha, der Tochter Talmais, des Königs von Geschur;"},{"4":"der vierte: Adonija, der Sohn der Haggit; der fünfte: Schefatja, der Sohn der Abital;"},{"5":"der sechste: Jitream, von Egla, der Frau Davids. Diese wurden David geboren zu Hebron."},{"6":"Solange der Kampf währte zwischen dem Hause Sauls und dem Hause Davids, stärkte Abner das Haus Sauls."},{"7":"Und Saul hatte eine Nebenfrau, die hieß Rizpa, eine Tochter Ajas. Und Isch-Boschet sprach zu Abner: Warum bist du zu meines Vaters Nebenfrau eingegangen?"},{"8":"Da wurde Abner sehr zornig über die Worte Isch-Boschets und sprach: Bin ich denn ein Hundskopf aus Juda? Heute erweise ich dem Hause Sauls, deines Vaters, und seinen Brüdern und Freunden Barmherzigkeit und habe dich nicht in Davids Hand gegeben, und du rechnest mir heute eine Schuld an wegen einer Frau?"},{"9":"Gott tue Abner dies und das, wenn ich nicht tue, wie der HERR dem David geschworen hat,"},{"10":"dass das Königtum vom Hause Sauls genommen und der Thron Davids aufgerichtet werde über Israel und Juda von Dan bis Beerscheba!"},{"11":"Da konnte er Abner kein Wort mehr antworten, so fürchtete er sich vor ihm."},{"12":"Und Abner sandte Boten für sich zu David und ließ ihm sagen: Wem gehört das Land? Schließ einen Bund mit mir; siehe, meine Hand soll mit dir sein, dass ich dir ganz Israel zuführe."},{"13":"David sprach: Gut, ich will einen Bund mit dir schließen. Aber eins fordere ich von dir: Du sollst mein Angesicht nicht sehen, es sei denn, du bringst zuvor Michal, Sauls Tochter, zu mir, wenn du kommst, mein Angesicht zu sehen."},{"14":"Auch sandte David Boten zu Isch-Boschet, dem Sohn Sauls, und ließ ihm sagen: Gib mir meine Frau Michal, die ich erworben habe mit hundert Vorhäuten der Philister."},{"15":"Isch-Boschet sandte hin und ließ sie wegnehmen ihrem Mann Paltiël, dem Sohn des Lajisch."},{"16":"Und ihr Mann ging mit ihr und weinte hinter ihr her bis Bahurim. Da sprach Abner zu ihm: Kehre um und geh heim! Und er kehrte um."},{"17":"Und Abner besprach sich mit den Ältesten in Israel und sprach: Ihr habt schon längst danach verlangt, dass David König über euch wäre."},{"18":"So tut's nun, denn der HERR hat von David gesagt: Durch die Hand meines Knechtes David will ich mein Volk Israel erretten aus der Hand der Philister und aller seiner Feinde."},{"19":"Das tat Abner auch Benjamin kund und ging dann hin, um auch David in Hebron alles kundzutun, was Israel und das ganze Haus Benjamin für gut hielten."},{"20":"Als nun Abner nach Hebron zu David kam und mit ihm zwanzig Mann, machte ihnen David ein Mahl."},{"21":"Und Abner sprach zu David: Ich will mich aufmachen und hingehen, um ganz Israel zu meinem Herrn, dem König, zu sammeln, damit sie einen Bund mit dir schließen, auf dass du König seist, wie es dein Herz begehrt. Dann entließ David den Abner, sodass er hinging mit Frieden."},{"22":"Und siehe, die Knechte Davids und Joab kamen von einem Streifzug zurück und brachten große Beute mit. Abner aber war nicht mehr bei David in Hebron, sondern er hatte ihn entlassen, sodass er mit Frieden weggegangen war."},{"23":"Als aber Joab und das ganze Heer mit ihm gekommen war, wurde ihm angesagt, dass Abner, der Sohn Ners, zum König gekommen wäre; und der hatte ihn entlassen, sodass er mit Frieden weggegangen war."},{"24":"Da ging Joab zum König hinein und sprach: Was hast du getan? Siehe, Abner ist zu dir gekommen; warum hast du ihn fortgelassen, dass er weggegangen ist?"},{"25":"Kennst du Abner, den Sohn Ners, nicht? Er ist gekommen, dich zu überlisten, dass er erkunde dein Kommen und Gehen und alles erfahre, was du tust."},{"26":"Und als Joab von David wegging, sandte er Abner Boten nach, um ihn zurückzuholen von Bor-Sira; aber David wusste nichts davon."},{"27":"Als nun Abner nach Hebron zurückkam, führte ihn Joab beiseite ins Tor, um heimlich mit ihm zu reden, und stach ihn dort in den Bauch, dass er starb, um des Blutes seines Bruders Asaël willen."},{"28":"Als David das hernach erfuhr, sprach er: Ich und mein Königtum sind unschuldig vor dem HERRN ewiglich an dem Blut Abners, des Sohnes Ners;"},{"29":"es falle aber auf den Kopf Joabs und auf das ganze Haus seines Vaters, und es soll nicht aufhören im Hause Joabs, dass einer Eiterfluss und Aussatz habe oder am Stabe gehe oder durchs Schwert falle oder an Brot Mangel habe!"},{"30":"Joab und sein Bruder Abischai hatten Abner umgebracht, weil er ihren Bruder Asaël getötet hatte im Kampf bei Gibeon."},{"31":"David aber sprach zu Joab und allem Volk, das bei ihm war: Zerreißt eure Kleider und gürtet euch den Sack um und haltet die Totenklage um Abner! Und König David folgte der Bahre."},{"32":"Und als sie Abner begruben in Hebron, erhob der König seine Stimme und weinte bei dem Grabe Abners, und auch alles Volk weinte."},{"33":"Und der König klagte um Abner und sprach: Musste Abner sterben, wie ein Frevler stirbt?"},{"34":"Deine Hände waren nicht gebunden, deine Füße waren nicht in Ketten gelegt. Und doch bist du gefallen, wie man vor Ruchlosen fällt. Da beweinte ihn alles Volk noch mehr."},{"35":"Als nun alles Volk kam, während es noch Tag war, um David zum Essen zu bewegen, schwor David und sprach: Gott tue mir dies und das, wenn ich Brot oder sonst etwas zu mir nehme, ehe die Sonne untergeht!"},{"36":"Und alles Volk nahm es wahr, und es gefiel ihnen gut, wie alles, was der König tat, dem ganzen Volke wohlgefiel."},{"37":"Und alles Volk und ganz Israel merkten an diesem Tage, dass es nicht vom König ausgegangen war, dass Abner, der Sohn Ners, getötet wurde."},{"38":"Und der König sprach zu seinen Knechten: Wisst ihr nicht, dass an diesem Tag ein Fürst und Großer gefallen ist in Israel?"},{"39":"Ich aber bin heute noch schwach, obwohl ich zum König gesalbt bin. Aber diese Männer, die Söhne der Zeruja, sind härter als ich. Der HERR vergelte dem, der Böses tut, nach seiner Bosheit."}]