[{"1":"Und David ordnete das Kriegsvolk, das bei ihm war, und setzte über sie Hauptleute über Tausend und über Hundert"},{"2":"und stellte ein Drittel des Volks unter Joab und ein Drittel unter Abischai, den Sohn der Zeruja, Joabs Bruder, und ein Drittel unter Ittai, den Gatiter. Und der König sprach zum Kriegsvolk: Ich will auch mit euch ausziehen."},{"3":"Aber das Kriegsvolk sprach: Du sollst nicht ausziehen, denn wenn wir fliehen oder die Hälfte von uns stirbt, so werden sie unser nicht achten; aber du bist wie zehntausend von uns. So ist's nun besser, dass du uns von der Stadt aus helfen kannst."},{"4":"Der König sprach zu ihnen: Was euch gefällt, das will ich tun. Und der König trat ans Tor, und das ganze Kriegsvolk zog aus zu Hundert und zu Tausend."},{"5":"Und der König gebot Joab und Abischai und Ittai und sprach: Schont mir den jungen Absalom! Und das ganze Kriegsvolk hörte es, als der König allen Hauptleuten Absaloms wegen diesen Befehl gab."},{"6":"Und als das Volk hinauskam aufs Feld Israel entgegen, kam es zum Kampf im Walde Ephraim."},{"7":"Und das Volk Israels wurde dort geschlagen von den Knechten Davids, sodass an diesem Tag eine große Schlacht geschah – zwanzigtausend Mann."},{"8":"Und der Kampf breitete sich dort aus über die ganze Gegend, und der Wald fraß an diesem Tage viel mehr Volk, als das Schwert fraß."},{"9":"Und Absalom begegnete den Knechten Davids und ritt auf einem Maultier. Und als das Maultier unter eine große Eiche mit dichten Zweigen kam, blieb sein Haupt an der Eiche hängen, und er schwebte zwischen Himmel und Erde; denn sein Maultier lief unter ihm weg."},{"10":"Als das ein Mann sah, tat er's Joab kund und sprach: Siehe, ich sah Absalom an einer Eiche hängen."},{"11":"Und Joab sprach zu dem Mann, der's ihm kundgetan hatte: Wenn du das gesehen hast, warum schlugst du ihn nicht gleich zu Boden? So hätte ich dir zehn Silberstücke und einen Gürtel gegeben."},{"12":"Der Mann sprach zu Joab: Wenn du mir tausend Silberstücke in meine Hand gewogen hättest, so hätte ich dennoch meine Hand nicht an des Königs Sohn gelegt; denn der König gebot dir und Abischai und Ittai vor unsern Ohren: Gebt ja acht auf den jungen Absalom!"},{"13":"Oder wenn ich heimtückisch an ihm gehandelt hätte, würdest du selbst dich gegen mich stellen, weil dem König ja nichts verborgen bleibt."},{"14":"Joab sprach: Ich kann nicht so lange bei dir verweilen. Da nahm Joab drei Stäbe in seine Hand und stieß sie Absalom ins Herz, als er noch lebend an der Eiche hing."},{"15":"Und zehn Knappen, Joabs Waffenträger, umringten Absalom und schlugen ihn tot."},{"16":"Da ließ Joab die Posaune blasen, und das Volk jagte Israel nicht weiter nach; denn Joab gebot dem Volk Halt."},{"17":"Und sie nahmen Absalom und warfen ihn im Wald in eine große Grube und legten einen sehr großen Haufen Steine auf ihn. Und ganz Israel floh, ein jeder in sein Zelt."},{"18":"Absalom aber hatte sich eine Säule aufgerichtet, als er noch lebte; die steht im Königsgrund. Denn er sprach: Ich habe keinen Sohn, der meinen Namen im Gedächtnis hält. Und er nannte die Säule nach seinem Namen, und sie heißt auch bis auf diesen Tag »Absaloms Mal«."},{"19":"Ahimaaz, der Sohn Zadoks, sprach: Lass mich doch laufen und dem König die gute Botschaft bringen, dass der HERR ihm Recht verschafft hat gegen seine Feinde."},{"20":"Joab aber sprach zu ihm: Du bist heute nicht der Mann für eine gute Botschaft. An einem andern Tag darfst du eine Botschaft bringen, aber heute nicht; denn des Königs Sohn ist tot."},{"21":"Und Joab befahl einem Kuschiter: Geh hin und sage dem König an, was du gesehen hast. Und der Kuschiter neigte sich vor Joab und lief hin."},{"22":"Ahimaaz aber, der Sohn Zadoks, sprach abermals zu Joab: Komme, was da will, ich möchte auch laufen, dem Kuschiter nach. Joab sprach: Was willst du laufen, mein Sohn? Du hast keine gute Botschaft zu bringen."},{"23":"Ahimaaz sprach: Komme, was da will, ich laufe. Er sprach zu ihm: So lauf! Da lief Ahimaaz auf dem Weg durchs Jordantal und kam dem Kuschiter zuvor."},{"24":"David aber saß zwischen den beiden Toren. Und der Wächter ging aufs Dach des Tores an der Mauer und hob seine Augen auf und sah einen Mann laufen allein"},{"25":"und rief und sagte es dem König an. Der König aber sprach: Ist er allein, so ist eine gute Botschaft in seinem Munde. Und als der Mann immer näher kam,"},{"26":"sah der Wächter einen andern Mann laufen und rief in das Tor: Siehe, da kommt noch ein Mann allein. Der König aber sprach: Der ist auch ein guter Bote."},{"27":"Der Wächter sprach: Ich sehe den ersten laufen, wie Ahimaaz, der Sohn Zadoks, läuft. Und der König sprach: Es ist ein guter Mann und bringt eine gute Botschaft."},{"28":"Ahimaaz aber rief und sprach zum König: Friede! Und er fiel nieder vor dem König auf sein Antlitz zur Erde und sprach: Gelobt sei der HERR, dein Gott, der die Leute, die ihre Hand gegen meinen Herrn, den König, erhoben haben, dahingegeben hat."},{"29":"Der König aber sprach: Geht es auch dem jungen Absalom gut? Ahimaaz sprach: Ich sah ein großes Getümmel, als Joab des Königs Knecht und mich, deinen Knecht, sandte, aber ich weiß nicht, was es war."},{"30":"Der König sprach: Tritt zur Seite und stell dich dahin. Und er trat zur Seite und blieb stehen."},{"31":"Siehe, da kam der Kuschiter und sprach: Hier gute Botschaft, mein Herr und König! Der HERR hat dir heute Recht verschafft gegen alle, die sich gegen dich auflehnten."},{"32":"Der König aber sprach zu dem Kuschiter: Geht es dem jungen Absalom gut? Der Kuschiter sprach: Es müsse den Feinden meines Herrn, des Königs, ergehen, wie es dem jungen Mann ergangen ist und auch allen, die sich böswillig gegen dich auflehnen."}]