[{"1":"Und es begab sich danach, dass David die Philister schlug und sie unterwarf und dass er den Dienstzaum den Philistern aus der Hand nahm."},{"2":"Er schlug auch die Moabiter und ließ sie sich auf den Boden legen und maß sie mit der Messschnur ab; und er maß zwei Schnurlängen ab, so viele tötete er, und eine volle Schnurlänge, so viele ließ er am Leben. So wurden die Moabiter David untertan, dass sie ihm Tribut bringen mussten."},{"3":"David schlug auch Hadad-Eser, den Sohn Rehobs, den König von Zoba, als er hinzog, um seine Macht wieder aufzurichten am Euphratstrom."},{"4":"Und David nahm von ihnen gefangen tausendsiebenhundert Gespanne und zwanzigtausend Mann Fußvolk und lähmte alle Pferde und behielt hundert übrig."},{"5":"Es kamen aber die Aramäer von Damaskus, um Hadad-Eser, dem König von Zoba, zu helfen. Und David schlug von den Aramäern zweiundzwanzigtausend Mann."},{"6":"Und er setzte Statthalter ein im Aramäerreich von Damaskus. So wurde Aram David untertan, dass sie ihm Tribut bringen mussten; denn der HERR half David, wo er auch hinzog."},{"7":"Und David nahm die goldenen Köcher, die Hadad-Esers Knechte gehabt hatten, und brachte sie nach Jerusalem."},{"8":"Und von Tebach und Berotai, den Städten Hadad-Esers, nahm der König David sehr viel Bronze."},{"9":"Als aber Toï, der König von Hamat, hörte, dass David die ganze Streitmacht Hadad-<br />Esers geschlagen hatte,"},{"10":"sandte er seinen Sohn Hadoram zu König David, ihm Frieden und Segen zu wünschen, weil er gegen Hadad-Eser gekämpft und ihn geschlagen hatte – denn Toï führte Krieg mit Hadad-Eser –, und Hadoram brachte mit sich silberne, goldene und bronzene Kleinode."},{"11":"Auch diese heiligte der König David dem HERRN samt dem Silber und Gold, das er geheiligt hatte von allen Völkern, die er unterworfen hatte,"},{"12":"von Aram, von Moab, von den Ammonitern, von den Philistern, von Amalek und von dem, was er erbeutet hatte von Hadad-Eser, dem Sohn Rehobs, dem König von Zoba."},{"13":"So machte sich David einen Namen, als er zurückkam, nachdem er Aram im Salztal geschlagen hatte, achtzehntausend Mann."},{"14":"Und er setzte in Edom Statthalter ein; in ganz Edom setzte er Statthalter ein, und ganz Edom wurde David untertan; denn der HERR half David, wo immer er hinzog."},{"15":"So war David König über ganz Israel, und er schaffte Recht und Gerechtigkeit seinem ganzen Volk."},{"16":"Joab, der Sohn der Zeruja, war über das Heer gesetzt; Joschafat aber, der Sohn Ahiluds, war Kanzler;"},{"17":"Zadok, der Sohn Ahitubs, und Ahimelech, der Sohn Abjatars, waren Priester; Seraja war Schreiber;"},{"18":"Benaja, der Sohn Jojadas, war über die Kreter und Pleter gesetzt; auch die Söhne Davids waren Priester."}]