[{"1":"Als aber der Sohn Sauls hörte, dass Abner in Hebron umgekommen war, verließ ihn der Mut, und ganz Israel erschrak."},{"2":"Es hatte aber der Sohn Sauls zwei Männer als Hauptleute der Streifscharen; der eine hieß Baana, der andere Rechab, Söhne Rimmons von Beerot aus dem Stamm Benjamin. Denn Beerot wurde auch zu Benjamin gerechnet;"},{"3":"dann aber flohen die Beerotiter nach Gittajim und wohnten dort als Fremdlinge bis auf den heutigen Tag."},{"4":"Auch hatte Jonatan, der Sohn Sauls, einen Sohn, der war lahm an beiden Füßen; er war nämlich fünf Jahre alt, als die Kunde von Saul und Jonatan aus Jesreel kam, und seine Amme hatte ihn aufgehoben und war geflohen, und während sie eilends floh, fiel er hin und war fortan lahm. Er hieß Mefi-Boschet."},{"5":"So gingen nun Rechab und Baana, die Söhne Rimmons von Beerot, hin und kamen zum Hause Isch-Boschets, als der Tag am heißesten war; und er ruhte auf seinem Lager am Mittag."},{"6":"Und sie kamen ins Haus, als wollten sie Weizen holen, und stachen ihn in den Bauch. Und Rechab und sein Bruder Baana entrannen."},{"7":"Als sie ins Haus gekommen waren, lag er auf seinem Bett in seiner Schlafkammer. Und sie stachen ihn tot und hieben ihm den Kopf ab und nahmen seinen Kopf und gingen den Weg durch das Jordantal die ganze Nacht"},{"8":"und brachten das Haupt Isch-Boschets zu David nach Hebron und sprachen zum König: Siehe, da ist das Haupt Isch-Boschets, des Sohnes Sauls, deines Feindes, der dir nach dem Leben getrachtet hat. Der HERR hat heute meinen Herrn, den König, gerächt an Saul und an seinem Geschlecht."},{"9":"Da antwortete David Rechab und seinem Bruder Baana, den Söhnen Rimmons aus Beerot: So wahr der HERR lebt, der mich aus aller Bedrängnis erlöst hat:"},{"10":"Ich habe den, der mir verkündete: Saul ist tot, und meinte, er wäre ein guter Bote, ergriffen und getötet in Ziklag, dem ich doch Lohn für eine gute Botschaft hätte geben sollen."},{"11":"Und wenn Frevler einen gerechten Mann in seinem Hause auf seinem Lager getötet haben, sollte ich sein Blut nicht fordern von euren Händen und euch von der Erde vertilgen?"},{"12":"Und David gebot seinen Männern; die schlugen sie tot und hieben ihnen Hände und Füße ab und hängten sie auf am Teich in Hebron. Aber das Haupt Isch-Boschets nahmen sie und begruben es in Abners Grab in Hebron."}]