[{"1":"Paulus und Silvanus und Timotheus an die Gemeinde der Thessalonicher in Gott, unserm Vater, und dem Herrn Jesus Christus:"},{"2":"Gnade sei mit euch und Friede von Gott, unserm Vater, und dem Herrn Jesus Christus!"},{"3":"Wir müssen Gott allezeit für euch danken, Brüder und Schwestern, wie sich's gebührt. Denn euer Glaube wächst sehr und eure gegenseitige Liebe nimmt zu bei euch allen."},{"4":"Darum rühmen wir uns euer unter den Gemeinden Gottes wegen eurer Geduld und eures Glaubens in allen Verfolgungen und Bedrängnissen, die ihr erduldet."},{"5":"Das ist ein Anzeichen, dass Gott gerecht richten wird und ihr gewürdigt werdet des Reiches Gottes, für das ihr auch leidet."},{"6":"Denn es ist gerecht bei Gott, dass er denen vergilt mit Bedrängnis, die euch bedrängen,"},{"7":"euch aber, die ihr Bedrängnis leidet, Ruhe gibt zusammen mit uns, wenn der Herr Jesus offenbart wird vom Himmel her mit den Engeln seiner Macht"},{"8":"in Feuerflammen. Dann wird Gott Vergeltung üben an denen, die ihn nicht kennen und die nicht gehorsam sind dem Evangelium unseres Herrn Jesus."},{"9":"Die werden Strafe erleiden, ewiges Verderben, vom Angesicht des Herrn her und von seiner herrlichen Macht,"},{"10":"wenn er kommen wird, dass er verherrlicht werde bei seinen Heiligen und sich wunderbar erweise bei allen Gläubigen an jenem Tage; denn was wir euch bezeugt haben, das habt ihr geglaubt."},{"11":"Deshalb beten wir auch allezeit für euch, dass unser Gott euch würdig mache der Berufung und vollende alles Wohlgefallen am Guten und das Werk des Glaubens in Kraft,"},{"12":"damit bei euch verherrlicht werde der Name unseres Herrn Jesus und ihr in ihm nach der Gnade unseres Gottes und des Herrn Jesus Christus."}]