[{"1":"Weiter, ihr Brüder und Schwestern, betet für uns, dass das Wort des Herrn laufe und gepriesen werde wie bei euch"},{"2":"und dass wir gerettet werden vor falschen und bösen Menschen; denn der Glaube ist nicht jedermanns Ding."},{"3":"Aber der Herr ist treu; der wird euch stärken und bewahren vor dem Bösen."},{"4":"Wir haben aber das Vertrauen zu euch in dem Herrn, dass ihr tut und tun werdet, was wir gebieten."},{"5":"Der Herr aber richte eure Herzen aus auf die Liebe Gottes und auf das Warten auf Christus."},{"6":"Wir gebieten euch aber im Namen unseres Herrn Jesus Christus, dass ihr euch zurückzieht von allen Brüdern und Schwestern, die unordentlich leben und nicht nach der Überlieferung, die ihr von uns empfangen habt."},{"7":"Denn ihr wisst, wie ihr unserm Vorbild folgen sollt. Denn wir haben nicht unordentlich bei euch gelebt,"},{"8":"haben auch nicht umsonst Brot von jemandem genommen, sondern mit Mühe und Plage haben wir Tag und Nacht gearbeitet, um keinem von euch zur Last zu fallen."},{"9":"Nicht, dass wir dazu nicht das Recht hätten, sondern wir wollten uns selbst euch zum Vorbild geben, damit ihr uns folgt."},{"10":"Denn schon als wir bei euch waren, geboten wir euch: Wer nicht arbeiten will, der soll auch nicht essen."},{"11":"Denn wir hören, dass einige unter euch unordentlich wandeln und arbeiten nichts, sondern treiben unnütze Dinge."},{"12":"Solchen aber gebieten wir und ermahnen sie in dem Herrn Jesus Christus, dass sie still ihrer Arbeit nachgehen und ihr eigenes Brot essen."},{"13":"Ihr aber lasst's euch nicht verdrießen, Gutes zu tun."},{"14":"Wenn aber jemand unserm Wort in diesem Brief nicht gehorsam ist, den merkt euch und habt nichts mit ihm zu schaffen, damit er schamrot werde."},{"15":"Doch haltet ihn nicht für einen Feind, sondern weist ihn zurecht als einen Bruder."},{"16":"Er aber, der Herr des Friedens, gebe euch Frieden allezeit und auf alle Weise. Der Herr sei mit euch allen!"},{"17":"Der Gruß mit meiner, des Paulus, Hand. Das ist das Zeichen in jedem Brief; so schreibe ich."},{"18":"Die Gnade unseres Herrn Jesus Christus sei mit euch allen!"}]