[{"1":"Und der HERR redete mit Mose und sprach:"},{"2":"Sage zu den Israeliten: Wer unter den Israeliten oder den Fremdlingen in Israel eins seiner Kinder dem Moloch gibt, der soll des Todes sterben; das Volk des Landes soll ihn steinigen."},{"3":"Und ich will mein Antlitz kehren gegen einen solchen Menschen und will ihn aus seinem Volk ausrotten, weil er dem Moloch eins seiner Kinder gegeben und mein Heiligtum unrein gemacht und meinen heiligen Namen entheiligt hat."},{"4":"Und wenn das Volk des Landes bei dem Menschen durch die Finger sehen würde, der eins seiner Kinder dem Moloch gegeben hat, dass es ihn nicht tötet,"},{"5":"so will doch ich mein Antlitz gegen diesen Menschen kehren und gegen sein Geschlecht und will ihn und alle, die wie er dem Moloch nachhuren, aus ihrem Volk ausrotten."},{"6":"Wenn sich jemand den Totenbeschwörern und Wahrsagern zuwendet, so will ich mein Antlitz gegen ihn kehren und will ihn aus seinem Volk ausrotten."},{"7":"Darum heiligt euch und seid heilig; denn ich bin der HERR, euer Gott."},{"8":"Und haltet meine Satzungen und tut sie; ich bin der HERR, der euch heiligt."},{"9":"Wer seinem Vater oder seiner Mutter flucht, der soll des Todes sterben. Seine Blutschuld komme über ihn, weil er seinem Vater oder seiner Mutter geflucht hat."},{"10":"Wenn jemand die Ehe bricht mit der Frau seines Nächsten, so sollen beide des Todes sterben, Ehebrecher und Ehebrecherin, weil er mit der Frau seines Nächsten die Ehe gebrochen hat."},{"11":"Wenn jemand bei der Frau seines Vaters schläft, hat er die Scham seines Vaters entblößt; beide sollen des Todes sterben; ihre Blutschuld komme über sie."},{"12":"Wenn jemand bei seiner Schwiegertochter schläft, so sollen sie beide des Todes sterben, denn sie haben einen schändlichen Frevel begangen; ihre Blutschuld komme über sie."},{"13":"Wenn jemand bei einem Manne schläft wie bei einer Frau, so haben sie beide getan, was ein Gräuel ist, und sollen des Todes sterben; ihre Blutschuld komme über sie."},{"14":"Wenn jemand eine Frau nimmt und ihre Mutter dazu, der hat eine Schandtat begangen; man soll ihn mit Feuer verbrennen und die beiden Frauen auch, damit keine Schandtat unter euch sei."},{"15":"Wenn jemand bei einem Tiere liegt, der soll des Todes sterben und auch das Tier soll man töten."},{"16":"Wenn eine Frau sich irgendeinem Tier naht, dass es sie begattet, so sollst du sie töten und das Tier auch. Des Todes sollen sie sterben; ihre Blutschuld komme über sie."},{"17":"Wenn jemand seine Schwester nimmt, seines Vaters Tochter oder seiner Mutter Tochter, und er sieht ihre Scham und sie sieht seine Scham, so ist das Blutschande; sie sollen ausgerottet werden vor den Leuten ihres Volks. Er hat die Scham seiner Schwester entblößt; er soll seine Schuld tragen."},{"18":"Wenn ein Mann bei einer Frau schläft zur Zeit ihrer Tage und ihre Scham aufdeckt, hat er die Quelle ihres Blutes entblößt und sie hat die Quelle ihres Blutes entblößt; sie sollen beide aus ihrem Volk ausgerottet werden."},{"19":"Die Scham der Schwester deiner Mutter und der Schwester deines Vaters sollst du nicht entblößen. Wer das tut, schändet seine Blutsverwandte; sie sollen ihre Schuld tragen."},{"20":"Wenn jemand bei der Frau seines Oheims schläft, der hat die Scham seines Oheims entblößt. Sie sollen ihre Schuld tragen; ohne Kinder sollen sie sterben."},{"21":"Wenn jemand die Frau seines Bruders nimmt, so ist das eine schändliche Tat. Sie sollen ohne Kinder sein, denn er hat damit die Scham seines Bruders entblößt."},{"22":"So haltet nun alle meine Satzungen und meine Rechte und tut danach, auf dass euch nicht das Land ausspeie, in das ich euch führen will, damit ihr darin wohnt."},{"23":"Und wandelt nicht in den Satzungen des Volkes, das ich vor euch her vertreiben werde. Denn das alles haben sie getan, und ich ekelte mich vor ihnen."},{"24":"Euch aber sagte ich: Ihr Land soll euch zufallen; und ich will es euch zum Erbe geben, ein Land, darin Milch und Honig fließt. Ich bin der HERR, euer Gott, der euch von den Völkern abgesondert hat,"},{"25":"dass ihr auch absondern sollt das reine Vieh vom unreinen und die unreinen Vögel von den reinen und euch nicht unrein macht an Vieh, an Vögeln und an allem, was auf Erden kriecht, das ich abgesondert habe, dass es euch unrein sei."},{"26":"Darum sollt ihr mir heilig sein; denn ich, der HERR, bin heilig, ich habe euch abgesondert von den Völkern, dass ihr mein wäret."},{"27":"Wenn ein Mann oder eine Frau Totengeister beschwören oder wahrsagen kann, so sollen sie des Todes sterben; man soll sie steinigen; ihre Blutschuld komme über sie."}]