[{"1":"Und der HERR redete mit Mose und sprach:"},{"2":"Sage Aaron und seinen Söhnen, dass sie achtsam seien mit den heiligen Gaben der Israeliten, die sie mir heiligen, damit sie meinen heiligen Namen nicht entheiligen. Ich bin der HERR."},{"3":"So sage ihnen nun für ihre Nachkommen: Wer von euren Nachkommen herzutritt zu den heiligen Gaben, welche die Israeliten dem HERRN heiligen, und hat eine Unreinheit an sich, der wird ausgerottet werden vor meinem Antlitz. Ich bin der HERR."},{"4":"Wer von den Nachkommen Aarons aussätzig ist oder einen Ausfluss hat, der soll nicht essen von den heiligen Gaben, bis er wieder rein ist. Wer etwas anrührt, das an einem Toten unrein geworden ist, oder wem der Same abgeht im Schlaf"},{"5":"und wer irgendein Gewürm anrührt, wodurch er unrein wird, oder einen Menschen, durch den er unrein wird, oder irgendetwas, was ihn unrein macht,"},{"6":"wer deren eins anrührt, der ist unrein bis zum Abend und soll von den heiligen Gaben nicht essen, sondern soll zuvor seinen Leib mit Wasser abwaschen."},{"7":"Und wenn die Sonne untergegangen ist, so ist er rein. Dann darf er davon essen, denn es ist seine Nahrung."},{"8":"Ein verendetes oder zerrissenes Tier soll er nicht essen, damit er nicht unrein daran werde. Ich bin der HERR."},{"9":"Darum sollen sie meine Satzungen halten, dass sie nicht Sünde auf sich laden und daran sterben, wenn sie sie entweihen. Ich bin der HERR, der sie heiligt."},{"10":"Kein Fremder soll von Heiligem essen noch des Priesters Beisasse noch sein Tagelöhner."},{"11":"Wenn aber der Priester einen Sklaven für Geld kauft, so darf der davon essen. Und der Sklave, der ihm in seinem Hause geboren wird, der darf auch von seiner Speise essen."},{"12":"Wenn aber des Priesters Tochter die Frau eines Mannes wird, der nicht aus einer priesterlichen Sippe ist, so soll sie nicht von den heiligen Abgaben essen."},{"13":"Wird sie aber eine Witwe oder verstoßen und hat keine Kinder und kehrt zurück in ihres Vaters Haus, so darf sie essen von ihres Vaters Speise wie in ihrer Jugend. Aber kein Fremder soll davon essen."},{"14":"Wer aus Versehen von Heiligem isst, der soll den fünften Teil dazutun und ihn dem Priester geben samt dem Heiligen."},{"15":"Denn die Priester sollen nicht entweihen die heiligen Gaben der Israeliten, die sie für den HERRN erheben,"},{"16":"und dadurch die Israeliten mit Schuld beladen, dass diese ihre heiligen Gaben essen; denn ich bin der HERR, der sie heiligt."},{"17":"Und der HERR redete mit Mose und sprach:"},{"18":"Sage Aaron und seinen Söhnen und allen Israeliten: Wer aus dem Hause Israel oder von den Fremdlingen in Israel sein Opfer darbringen will, es sei auf ein Gelübde hin oder aus freiem Willen, was sie dem HERRN als Brandopfer darbringen wollen, –"},{"19":"damit es euch wohlgefällig mache, soll es ein männliches Tier sein, ohne Fehler, von Rindern oder Schafen oder Ziegen."},{"20":"Alles, was einen Fehler hat, sollt ihr nicht opfern, denn es wird euch nicht wohlgefällig machen."},{"21":"Und wenn jemand ein Dankopfer dem HERRN darbringen will, um ein Gelübde zu erfüllen oder aus freiem Willen, von Rindern oder Schafen, so soll das ohne Gebrechen sein, damit es wohlgefällig sei. Es soll keinen Fehler haben."},{"22":"Ist es blind oder hat es ein gebrochenes Glied oder eine Wunde oder ein Geschwür oder Krätze oder Flechten, so sollt ihr es dem HERRN nicht opfern und davon kein Feueropfer bringen auf den Altar des HERRN."},{"23":"Rinder oder Schafe, die zu lange oder zu kurze Glieder haben, magst du aus freiem Willen opfern, aber für ein Gelübde sind sie nicht wohlgefällig."},{"24":"Du sollst auch dem HERRN kein Tier zum Opfer bringen, dem die Hoden zerdrückt oder zerschlagen oder zerrissen oder ausgeschnitten sind. So etwas sollt ihr in eurem Lande an Tieren nicht tun."},{"25":"Ihr sollt auch solche Tiere nicht aus der Hand eines Ausländers nehmen und als Speise eures Gottes opfern; denn sie taugen nicht und haben einen Fehler. Darum wird es euch nicht wohlgefällig machen."},{"26":"Und der HERR redete mit Mose und sprach:"},{"27":"Wenn ein Rind oder Schaf oder eine Ziege geboren ist, so soll das Junge sieben Tage bei seiner Mutter sein; aber am achten Tage und danach ist es dem HERRN als Feueropfer wohlgefällig."},{"28":"Ein Rind oder Schaf soll man nicht mit seinem Jungen am selben Tage schlachten."},{"29":"Wenn ihr aber dem HERRN ein Lobopfer darbringen wollt, das euch wohlgefällig macht,"},{"30":"so sollt ihr's an demselben Tage essen und sollt nichts übrig behalten bis zum Morgen; ich bin der HERR."},{"31":"Darum haltet meine Gebote und tut danach; ich bin der HERR."},{"32":"Entweiht nicht meinen heiligen Namen, damit ich geheiligt werde unter den Israeliten; ich bin der HERR, der euch heiligt,"},{"33":"der euch aus Ägyptenland geführt hat, um euer Gott zu sein. Ich bin der HERR."}]