[{"1":"Und Aarons Söhne Nadab und Abihu nahmen ein jeder seine Pfanne und taten Feuer hinein und legten Räucherwerk darauf und brachten so ein fremdes Feuer vor den HERRN, das er ihnen nicht geboten hatte."},{"2":"Da fuhr ein Feuer aus von dem HERRN und verzehrte sie, dass sie starben vor dem HERRN."},{"3":"Da sprach Mose zu Aaron: Das ist's, was der HERR gesagt hat: Ich erzeige mich heilig an denen, die mir nahe sind, und vor allem Volk erweise ich mich herrlich. Und Aaron schwieg."},{"4":"Mose aber rief Mischaël und Elizafan, die Söhne Usiëls, des Oheims Aarons, und sprach zu ihnen: Tretet hinzu und tragt eure Brüder von dem Heiligtum hinaus vor das Lager."},{"5":"Und sie traten hinzu und trugen sie hinaus mit ihren leinenen Gewändern vor das Lager, wie Mose gesagt hatte."},{"6":"Da sprach Mose zu Aaron und seinen Söhnen Eleasar und Itamar: Ihr sollt euer Haupthaar nicht frei hängen lassen und eure Kleider nicht zerreißen, dass ihr nicht sterbt und der Zorn über die ganze Gemeinde komme. Lasst aber eure Brüder, das ganze Haus Israel, weinen über diesen Brand, den der HERR angerichtet hat."},{"7":"Ihr sollt auch nicht hinweggehen von dem Eingang der Stiftshütte, ihr würdet sonst sterben; denn das Salböl des HERRN ist auf euch. Und sie taten, wie Mose sagte."},{"8":"Der HERR aber redete mit Aaron und sprach:"},{"9":"Du und deine Söhne, ihr sollt weder Wein noch Bier trinken, wenn ihr in die Stiftshütte geht, damit ihr nicht sterbt. Das sei eine ewige Ordnung für alle eure Nachkommen."},{"10":"Ihr sollt unterscheiden, was heilig und unheilig, was unrein und rein ist,"},{"11":"und Israel lehren alle Ordnungen, die der HERR ihnen durch Mose verkündet hat."},{"12":"Und Mose redete mit Aaron und mit seinen Söhnen Eleasar und Itamar, die ihm noch geblieben waren: Nehmt das Speisopfer, das übrig geblieben ist von den Feueropfern des HERRN, und esst es ungesäuert bei dem Altar; denn es ist ein Hochheiliges."},{"13":"Ihr sollt es aber an heiliger Stätte essen; denn das ist dein und deiner Söhne Anrecht an den Feueropfern des HERRN; denn so ist mir's geboten."},{"14":"Auch die Brust des Schwingopfers und die Keule des Hebopfers sollst du mit deinen Söhnen und deinen Töchtern essen an reiner Stätte; denn solches Anrecht an den Dankopfern Israels ist dir und deinen Kindern gegeben."},{"15":"Denn diese Keule und diese Brust soll man zu den Feueropfern des Fettes bringen, dass sie als Schwingopfer geschwungen werden vor dem HERRN; es gehört dir und deinen Söhnen als ewiges Anrecht, wie der HERR geboten hat."},{"16":"Und Mose suchte den Bock des Sündopfers und fand ihn verbrannt. Und er wurde zornig über Eleasar und Itamar, Aarons Söhne, die ihm noch geblieben waren, und sprach:"},{"17":"Warum habt ihr das Sündopfer nicht gegessen an heiliger Stätte? Denn es ist ein Hochheiliges, und der HERR hat es euch gegeben, dass ihr die Schuld der Gemeinde wegnehmen und sie vor ihm entsühnen sollt."},{"18":"Siehe, sein Blut ist nicht in das Heilige hineingebracht worden. Ihr solltet das Opfer im Heiligen gegessen haben, wie ich geboten hatte."},{"19":"Aaron aber sprach zu Mose: Siehe, heute haben sie ihr Sündopfer und ihr Brandopfer vor dem HERRN geopfert, und es ist mir so ergangen, wie du siehst; und ich sollte heute essen vom Sündopfer? Sollte das dem HERRN gefallen?"},{"20":"Als Mose das hörte, ließ er sich's gefallen."}]