[{"1":"Und der HERR redete mit Mose und sprach:"},{"2":"Rede mit den Israeliten und sprich: Wenn eine Frau empfängt und einen Knaben gebiert, so soll sie sieben Tage unrein sein, wie wenn sie ihre Tage hat."},{"3":"Und am achten Tage soll man seine Vorhaut beschneiden."},{"4":"Und sie soll daheimbleiben dreiunddreißig Tage wegen des Blutes ihrer Reinigung. Kein Heiliges soll sie anrühren und zum Heiligtum soll sie nicht kommen, bis die Tage ihrer Reinigung um sind."},{"5":"Gebiert sie aber ein Mädchen, so soll sie zwei Wochen unrein sein, wie wenn sie ihre Tage hat, und soll sechsundsechzig Tage daheimbleiben wegen des Blutes ihrer Reinigung."},{"6":"Und wenn die Tage ihrer Reinigung für den Sohn oder für die Tochter um sind, soll sie dem Priester ein einjähriges Lamm bringen zum Brandopfer und eine Taube oder Turteltaube zum Sündopfer vor den Eingang der Stiftshütte."},{"7":"Der soll es opfern vor dem HERRN und sie entsühnen, so wird sie rein von ihrem Blutfluss. Das ist das Gesetz für die Frau, die einen Knaben oder ein Mädchen gebiert."},{"8":"Vermag sie aber nicht ein Lamm aufzubringen, so nehme sie zwei Turteltauben oder zwei andere Tauben, eine zum Brandopfer, die andere zum Sündopfer; so soll sie der Priester entsühnen, dass sie rein werde."}]