[{"1":"Und der HERR redete mit Mose und sprach:"},{"2":"Rede mit den Israeliten und sprich: Wenn jemand aus Versehen gegen<br />irgendein Gebot des HERRN sündigte und täte, was er nicht tun sollte:"},{"3":"Wenn etwa der Priester, der gesalbt ist, sündigte, sodass er eine Schuld auf<br />das Volk brächte, so soll er für seine Sünde, die er getan hat, einen jungen<br />Stier darbringen, der ohne Fehler ist, dem HERRN zum Sündopfer."},{"4":"Und er soll den Stier vor den Eingang der Stiftshütte bringen vor den HERRN und seine Hand auf den Kopf des Stieres legen und ihn schlachten vor dem HERRN."},{"5":"Und der Priester, der gesalbt ist, soll vom Blut des Stieres nehmen und es in die Stiftshütte bringen"},{"6":"und soll seinen Finger in das Blut tauchen und damit siebenmal sprengen vor dem HERRN, an den Vorhang im Heiligen."},{"7":"Und soll vor dem HERRN etwas von dem Blut an die Hörner des Räucheral-<br />tars tun,der in der Stiftshütte steht, alles übrige Blut des Stieres aber an<br />den Fuß desBrandopferaltars gießen, der vor dem Eingang der Stifts-<br />hütte steht."},{"8":"Und alles Fett des Sündopfers soll er abheben, nämlich das Fett, das die Eingeweide bedeckt, und alles Fett an den Eingeweiden,"},{"9":"die beiden Nieren mit dem Fett, das daran ist, an den Lenden, und den Lappen an der Leber, zusammen mit den Nieren abgelöst,"},{"10":"gleichwie man es abhebt vom Rind beim Dankopfer, und soll es in Rauch aufgehen lassen auf dem Brandopferaltar."},{"11":"Aber das Fell des Stieres mit allem Fleisch samt Kopf und Schenkeln und die Eingeweide und den Kot,"},{"12":"das soll er alles hinaustragen aus dem Lager an eine reine Stätte, wo man die Asche hinschüttet, und soll's verbrennen auf dem Holz mit Feuer. Auf der Stätte, dort wo man Asche hinschüttet, soll es verbrannt werden."},{"13":"Wenn aber die ganze Gemeinde Israel aus Versehen sich versündigte und die Tat vor ihren Augen verborgen wäre, wenn sie gegen irgendein Gebot des HERRN gehandelt hätten, was sie nicht tun sollten, und so sich verschuldet hätten,"},{"14":"und sie würden danach ihrer Sünde inne, die sie getan hätten, so sollen sie einen jungen Stier darbringen als Sündopfer und vor den Eingang der Stiftshütte stellen."},{"15":"Und die Ältesten der Gemeinde sollen ihre Hände auf seinen Kopf legen vor dem HERRN und den Stier schlachten vor dem HERRN."},{"16":"Und der Priester, der gesalbt ist, soll Blut von dem Stier zur Stiftshütte bringen"},{"17":"und mit seinem Finger hineintauchen und siebenmal sprengen vor dem HERRN, an den Vorhang."},{"18":"Und er soll etwas von dem Blut an die Hörner des Altars tun, der vor dem HERRN steht in der Stiftshütte, und alles andere Blut an den Fuß des Brandopferaltars gießen, der vor dem Eingang der Stiftshütte steht."},{"19":"All sein Fett aber soll er abheben und auf dem Altar in Rauch aufgehen lassen"},{"20":"und soll mit dem Stier tun, wie er mit dem Stier des Sündopfers getan hat. So soll der Priester die Sühnung für sie vollziehen, und ihnen wird vergeben."},{"21":"Und er soll den Stier hinaus vor das Lager tragen und verbrennen, wie er den vorigen Stier verbrannt hat. Das ist das Sündopfer der Gemeinde."},{"22":"Wenn aber ein Stammesfürst sündigt und aus Versehen irgendetwas gegen des HERRN, seines Gottes, Gebote tut, was er nicht tun sollte, und so sich verschuldet"},{"23":"und wird seiner Sünde inne, die er getan hat, so soll er zum Opfer bringen einen Ziegenbock ohne Fehler"},{"24":"und seine Hand auf den Kopf des Bockes legen und ihn schlachten an der Stätte, wo man die Brandopfer schlachtet vor dem HERRN; es ist ein Sündopfer."},{"25":"Da soll dann der Priester mit seinem Finger etwas von dem Blut des Sündopfers nehmen und es an die Hörner des Brandopferaltars tun und das andere Blut an den Fuß des Brandopferaltars gießen."},{"26":"Und all sein Fett soll er auf dem Altar in Rauch aufgehen lassen gleichwie das Fett des Dankopfers. So soll der Priester die Sühnung für ihn vollziehen, und ihm wird vergeben."},{"27":"Wenn aber sonst jemand aus dem Volk aus Versehen sündigt, dass er gegen irgendeines der Gebote des HERRN handelt, was er nicht tun sollte, und so sich verschuldet"},{"28":"und seiner Sünde innewird, die er getan hat, so soll er zum Opfer eine Ziege bringen ohne Fehler für die Sünde, die er getan hat,"},{"29":"und soll seine Hand auf den Kopf des Sündopfers legen und es schlachten an der Stätte des Brandopfers."},{"30":"Und der Priester soll mit seinem Finger etwas von dem Blut nehmen und an die Hörner des Brandopferaltars tun und alles andere Blut an den Fuß des Altars gießen."},{"31":"All sein Fett aber soll er abtrennen, wie man das Fett des Dankopfers abtrennt, und soll es in Rauch aufgehen lassen auf dem Altar zum lieblichen Geruch für den HERRN. So soll der Priester die Sühnung für ihn vollziehen, und ihm wird vergeben."},{"32":"Will er aber ein Schaf zum Sündopfer bringen, so bringe er ein weibliches, das ohne Fehler ist,"},{"33":"und lege seine Hand auf den Kopf des Sündopfers und schlachte es zum Sündopfer an der Stätte, wo man die Brandopfer schlachtet."},{"34":"Und der Priester soll mit seinem Finger etwas von dem Blut nehmen und an die Hörner des Brandopferaltars tun und alles andere Blut an den Fuß des Altars gießen."},{"35":"Aber all sein Fett soll er abtrennen, wie man das Fett vom Schaf des Dankopfers abtrennt, und soll es auf dem Altar in Rauch aufgehen lassen als Feueropfer für den HERRN. So soll der Priester die Sühnung für ihn vollziehen für die Sünde, die er getan hat, und ihm wird vergeben."}]