[{"1":"Wenn jemand dem HERRN ein Speisopfer darbringen will, so soll es von feinem Mehl sein, und er soll Öl daraufgießen und Weihrauch darauflegen"},{"2":"und es bringen zu den Priestern, Aarons Söhnen. Und der Priester soll eine Handvoll nehmen von dem Mehl und Öl samt dem ganzen Weihrauch und es als Gedenkopfer in Rauch aufgehen lassen auf dem Altar als ein Feueropfer zum lieblichen Geruch für den HERRN."},{"3":"Das Übrige aber vom Speisopfer soll Aaron und seinen Söhnen gehören als ein Hochheiliges von den Feueropfern des HERRN."},{"4":"Willst du aber als Speisopfer etwas im Ofen Gebackenes darbringen, so nimm Kuchen von feinem Mehl, ungesäuert, mit Öl vermengt, oder ungesäuerte Fladen, mit Öl bestrichen."},{"5":"Ist aber dein Speisopfer etwas auf der Pfanne Gebackenes, so soll's von ungesäuertem Mehl sein, mit Öl vermengt,"},{"6":"und du sollst es in Stücke zerteilen und Öl daraufgießen. Das ist ein Speisopfer."},{"7":"Ist aber dein Speisopfer etwas im Tiegel Bereitetes, so sollst du es von feinem Mehl mit Öl machen"},{"8":"und sollst das Speisopfer, das du davon bereitet hast, dem HERRN darbringen und sollst es zu dem Priester bringen und der soll damit zu dem Altar treten."},{"9":"Und der Priester soll von dem Speisopfer den Anteil für das Gedenkopfer abheben und in Rauch aufgehen lassen auf dem Altar als ein Feueropfer zum lieblichen Geruch für den HERRN."},{"10":"Was aber von dem Speisopfer übrig bleibt, soll Aaron und seinen Söhnen gehören als ein Hochheiliges von den Feueropfern des HERRN."},{"11":"Alle Speisopfer, die ihr dem HERRN opfern wollt, sollt ihr ohne Sauerteig machen; denn weder Sauerteig noch Honig sollt ihr dem HERRN zum Feueropfer in Rauch aufgehen lassen."},{"12":"Als Erstlingsgabe mögt ihr sie dem HERRN bringen; aber auf den Altar sollen sie nicht kommen zum lieblichen Geruch."},{"13":"Alle deine Speisopfer sollst du salzen, und dein Speisopfer soll niemals ohne Salz des Bundes deines Gottes sein; bei allen deinen Opfern sollst du Salz darbringen."},{"14":"Willst du aber ein Speisopfer dem HERRN darbringen von den ersten Früchten, so sollst du Ähren am Feuer rösten, die Körner zerstoßen und darbringen als das Speisopfer deiner ersten Früchte"},{"15":"und sollst Öl darauftun und Weihrauch darauflegen. Das ist ein Speisopfer."},{"16":"Und der Priester soll das Gedenkopfer von dem Zerstoßenen und vom Öl mit dem ganzen Weihrauch in Rauch aufgehen lassen als ein Feueropfer für den HERRN."}]