[{"1":"Und der HERR sprach zu Mose: Sage den Priestern, den Söhnen Aarons, und sprich zu ihnen: Ein Priester soll sich an keinem Toten seines Volks unrein machen"},{"2":"außer an seinen nächsten Blutsverwandten: an seiner Mutter, an seinem Vater, an seinem Sohn, an seiner Tochter, an seinem Bruder"},{"3":"und an seiner Schwester, die noch Jungfrau und noch bei ihm ist, die keines Mannes Frau gewesen ist. An deren Leiche darf er sich unrein machen."},{"4":"Doch an einer Verheirateten unter seinem Volk soll er sich nicht unrein machen; er würde sich entheiligen."},{"5":"Sie sollen auch keine Glatze scheren auf ihrem Haupt noch ihren Bart stutzen und an ihrem Leibe kein Mal einritzen."},{"6":"Sie sollen ihrem Gott heilig sein und nicht entheiligen den Namen ihres Gottes, denn sie opfern die Feueropfer des HERRN, die Speise ihres Gottes; darum sollen sie heilig sein."},{"7":"Sie sollen keine Hure zur Frau nehmen noch eine, die nicht mehr Jungfrau ist oder die von ihrem Mann verstoßen ist; denn sie sind heilig ihrem Gott."},{"8":"Darum sollst du den Priester heilighalten, denn er opfert die Speise deines Gottes. Er soll dir heilig sein; denn ich bin heilig, der HERR, der euch heiligt."},{"9":"Wenn eines Priesters Tochter sich durch Hurerei entheiligt, so soll man sie mit Feuer verbrennen; denn sie hat ihren Vater entheiligt."},{"10":"Wer Hoherpriester ist unter seinen Brüdern, auf dessen Haupt das Salböl gegossen und dessen Hand gefüllt ist und der angezogen ist mit den heiligen Kleidern, der soll sein Haupthaar nicht frei hängen lassen und seine Kleider nicht zerreißen"},{"11":"und soll zu keinem Toten kommen und soll sich weder an Vater noch an Mutter unrein machen."},{"12":"Aus dem Heiligtum soll er nicht gehen, dass er nicht entheilige das Heiligtum seines Gottes; denn die Weihe des Salböls seines Gottes ist auf ihm. Ich bin der HERR."},{"13":"Eine Jungfrau soll er zur Frau nehmen,"},{"14":"keine Witwe oder Verstoßene oder Entehrte oder Hure, sondern eine Jungfrau seines Volks soll er zur Frau nehmen,"},{"15":"damit er seine Nachkommen nicht entheilige unter seinem Volk; denn ich bin der HERR, der ihn heiligt."},{"16":"Und der HERR redete mit Mose und sprach:"},{"17":"Sage zu Aaron: Wenn einer deiner Nachkommen in künftigen Geschlechtern einen Fehler hat, der soll nicht herzutreten, um die Speise seines Gottes zu opfern."},{"18":"Denn keiner, an dem ein Fehler ist, soll herzutreten, er sei blind, lahm, mit entstelltem Gesicht, mit irgendeiner Missbildung"},{"19":"oder wer einen gebrochenen Fuß oder eine gebrochene Hand hat"},{"20":"oder bucklig oder verkümmert ist oder wer einen Fleck im Auge hat oder Krätze oder Flechten oder beschädigte Hoden hat."},{"21":"Wer nun unter Aarons, des Priesters, Nachkommen einen Fehler an sich hat, der soll nicht herzutreten, zu opfern die Feueropfer des HERRN; denn er hat einen Fehler. Darum soll er sich nicht nahen, um die Speise seines Gottes zu opfern."},{"22":"Doch essen darf er die Speise seines Gottes, vom Hochheiligen und von den heiligen Gaben."},{"23":"Aber zum Vorhang soll er nicht kommen noch zum Altar nahen, weil ein Fehler an ihm ist, dass er nicht entheilige, was mir heilig ist; denn ich bin der HERR, der sie heiligt."},{"24":"Mose aber sagte dies zu Aaron und zu seinen Söhnen und zu allen Israeliten."}]