[{"1":"Und der HERR rief Mose und redete mit ihm aus der Stiftshütte und sprach:"},{"2":"Rede mit den Israeliten und sprich zu ihnen: Wer unter euch dem HERRN ein Opfer darbringen will, der bringe es von dem Vieh, von Rindern oder von Schafen und Ziegen."},{"3":"Will er ein Brandopfer darbringen von Rindern, so opfere er ein männliches Tier, das ohne Fehler ist. An den Eingang der Stiftshütte soll er es bringen, damit es ihn wohlgefällig mache vor dem HERRN."},{"4":"Und er lege seine Hand auf den Kopf des Brandopfers, damit es ihn wohlgefällig mache und für ihn Sühne schaffe."},{"5":"Dann soll er das Rind schlachten vor dem HERRN, und die Priester, Aarons Söhne, sollen das Blut herzubringen und ringsum an den Altar sprengen, der vor dem Eingang der Stiftshütte ist."},{"6":"Und er soll dem Brandopfer das Fell abziehen und es in seine Stücke zerlegen."},{"7":"Und die Söhne Aarons, des Priesters, sollen ein Feuer auf dem Altar machen und Holz oben darauflegen"},{"8":"und sollen die Stücke samt dem Kopf und dem Fett auf das Holz legen, das über dem Feuer auf dem Altar liegt."},{"9":"Die Eingeweide aber und die Schenkel soll er mit Wasser waschen, und der Priester soll das alles auf dem Altar in Rauch aufgehen lassen. Das ist ein Brandopfer, ein Feueropfer zum lieblichen Geruch für den HERRN."},{"10":"Will er aber von Schafen oder Ziegen ein Brandopfer darbringen, so opfere er ein männliches Tier, das ohne Fehler ist."},{"11":"Und er schlachte es an der Seite des Altars nach Norden zu vor dem HERRN. Und die Priester, Aarons Söhne, sollen das Blut ringsum an den Altar sprengen."},{"12":"Und er zerlege es in seine Stücke, und der Priester soll sie samt dem Kopf und dem Fett auf das Holz über dem Feuer legen, das auf dem Altar ist."},{"13":"Aber die Eingeweide und die Schenkel soll er mit Wasser waschen, und der Priester soll das alles auf dem Altar opfern und in Rauch aufgehen lassen. Das ist ein Brandopfer, ein Feueropfer zum lieblichen Geruch für den HERRN."},{"14":"Will er aber von Vögeln dem HERRN ein Brandopfer darbringen, so bringe er's von Turteltauben oder andern Tauben."},{"15":"Und der Priester soll's zum Altar bringen und ihm den Kopf abkneifen und auf dem Altar in Rauch aufgehen lassen. Sein Blut aber soll er ausbluten lassen an der Wand des Altars."},{"16":"Und den Kropf mit seinem Inhalt soll man neben dem Altar nach Osten zu auf den Aschehaufen werfen"},{"17":"und soll seine Flügel einreißen, aber nicht abtrennen. Und so soll's der Priester auf dem Altar in Rauch aufgehen lassen auf dem Holz über dem Feuer. Das ist ein Brandopfer, ein Feueropfer zum lieblichen Geruch für den HERRN."}]