[{"1":"Und der HERR redete mit Mose und sprach:"},{"2":"Nimm Aaron und seine Söhne und die Kleider und das Salböl und den jungen Stier zum Sündopfer, die beiden Widder und den Korb mit ungesäuertem Brot"},{"3":"und versammle die ganze Gemeinde vor dem Eingang der Stiftshütte."},{"4":"Mose tat, wie ihm der HERR geboten hatte, und versammelte die Gemeinde am Eingang der Stiftshütte"},{"5":"und sprach zu ihnen: Dies ist's, was der HERR geboten hat zu tun."},{"6":"Und Mose ließ herzutreten Aaron und seine Söhne und wusch sie mit Wasser"},{"7":"und legte ihm das leinene Gewand an und gürtete ihn mit dem Gürtel und zog ihm das Obergewand an und tat ihm den Priesterschurz um und gürtete ihn mit dem Gurt des Schurzes."},{"8":"Dann tat er ihm die Brusttasche an und legte in die Tasche die Lose »Licht und Recht«"},{"9":"und setzte ihm den Kopfbund auf sein Haupt und befestigte an dem Kopfbund vorn das goldene Stirnblatt, den heiligen Reif, wie der HERR es Mose geboten hatte."},{"10":"Und Mose nahm das Salböl und salbte das Heiligtum und alles, was darin war, und weihte es;"},{"11":"er sprengte damit siebenmal an den Altar und salbte den Altar mit all seinem Gerät und das Becken mit seinem Gestell, dass alles geweiht würde."},{"12":"Und er goss von dem Salböl auf Aarons Haupt und salbte ihn, dass er geweiht würde,"},{"13":"und brachte herzu Aarons Söhne und zog ihnen das leinene Gewand an und gürtete sie mit dem Gürtel und setzte ihnen Priesterhüte auf, wie ihm der HERR geboten hatte."},{"14":"Und er ließ herzuführen den Stier zum Sündopfer. Und Aaron und seine Söhne legten ihre Hände auf seinen Kopf."},{"15":"Und man schlachtete ihn, und Mose nahm das Blut und tat es mit seinem Finger ringsum auf die Hörner des Altars und entsündigte den Altar und goss das Blut an den Fuß des Altars und weihte ihn, indem er ihn entsühnte."},{"16":"Und er nahm alles Fett am Eingeweide, den Lappen an der Leber und die beiden Nieren mit dem Fett daran und ließ es in Rauch aufgehen auf dem Altar."},{"17":"Aber den Stier mit seinem Fell, dem Fleisch und dem Kot verbrannte er mit Feuer draußen vor dem Lager, wie ihm der HERR geboten hatte."},{"18":"Und er brachte herzu den einen Widder zum Brandopfer. Und Aaron und seine Söhne legten ihre Hände auf seinen Kopf."},{"19":"Und man schlachtete ihn, und Mose sprengte das Blut ringsum an den Altar,"},{"20":"zerlegte den Widder in seine Stücke und ließ den Kopf, die Stücke und das Fett in Rauch aufgehen"},{"21":"und wusch die Eingeweide und Schenkel mit Wasser und ließ dann den ganzen Widder in Rauch aufgehen auf dem Altar. Das war ein Brandopfer zum lieblichen Geruch, ein Feueropfer für den HERRN, wie ihm der HERR geboten hatte."},{"22":"Er brachte auch herzu den andern Widder zum Einsetzungsopfer. Und Aaron und seine Söhne legten ihre Hände auf seinen Kopf."},{"23":"Und man schlachtete ihn, und Mose nahm von seinem Blut und tat es Aaron auf sein rechtes Ohrläppchen und auf den Daumen seiner rechten Hand und auf die große Zehe seines rechten Fußes."},{"24":"Und er brachte herzu Aarons Söhne und tat von dem Blut auf ihr rechtes Ohrläppchen und auf den Daumen ihrer rechten Hand und auf die große Zehe ihres rechten Fußes und sprengte das Blut ringsum an den Altar."},{"25":"Und er nahm das Fett und den Fettschwanz und alles Fett am Eingeweide und den Lappen an der Leber, die beiden Nieren mit dem Fett daran und die rechte Keule;"},{"26":"dazu nahm er von dem Korb mit dem ungesäuerten Brot, der vor dem HERRN stand, einen ungesäuerten Kuchen und einen Brotkuchen mit Öl und einen Fladen und legte es auf das Fett und auf die rechte Keule."},{"27":"Und er legte das alles auf die Hände Aarons und seiner Söhne und schwang es als Schwingopfer vor dem HERRN"},{"28":"und nahm alles wieder von ihren Händen und ließ es in Rauch aufgehen auf dem Altar, oben auf dem Brandopfer. Das war ein Einsetzungsopfer zum lieblichen Geruch, ein Feueropfer für den HERRN."},{"29":"Und Mose nahm die Brust und schwang sie als ein Schwingopfer vor dem HERRN; die erhielt Mose als seinen Anteil an dem Widder des Einsetzungsopfers, wie ihm der HERR geboten hatte."},{"30":"Und Mose nahm von dem Salböl und dem Blut auf dem Altar und sprengte es auf Aaron und seine Kleider, auf seine Söhne und ihre Kleider; so weihte er Aaron und seine Kleider, seine Söhne und ihre Kleider."},{"31":"Und Mose sprach zu Aaron und seinen Söhnen: Kocht das Fleisch vor dem Eingang der Stiftshütte und esst es daselbst, dazu auch das Brot im Korbe des Einsetzungsopfers, wie ich es geboten habe, dass es Aaron und seine Söhne essen sollen."},{"32":"Was aber übrig bleibt vom Fleisch und Brot, das sollt ihr mit Feuer verbrennen."},{"33":"Und ihr sollt sieben Tage lang nicht weggehen von dem Eingang der Stiftshütte, bis die Tage eures Einsetzungsopfers um sind; denn sieben Tage sollen eure Hände gefüllt werden."},{"34":"Wie es am heutigen Tage geschehen ist, so hat der HERR geboten zu tun, auf dass ihr entsühnt werdet."},{"35":"Und ihr sollt vor dem Eingang der Stiftshütte Tag und Nacht bleiben sieben Tage lang und sollt nach dem Gebot des HERRN tun, dass ihr nicht sterbt; denn so ist es mir geboten."},{"36":"Und Aaron und seine Söhne taten alles, was der HERR durch Mose geboten hatte."}]