[{"1":"Und der HERR redete mit Mose und sprach:"},{"2":"Sage Aaron und seinen Söhnen und allen Israeliten und sprich zu ihnen: Dies ist's, was der HERR geboten hat."},{"3":"Wer aus dem Haus Israel einen Stier, ein Schaf oder eine Ziege schlachtet im Lager oder draußen vor dem Lager"},{"4":"und sie nicht vor den Eingang der Stiftshütte bringt, dass sie dem HERRN zum Opfer gebracht werde vor der Wohnung des HERRN, dem soll es als Blutschuld angerechnet werden: Blut hat er vergossen und ein solcher Mensch soll ausgerottet werden aus seinem Volk."},{"5":"Darum sollen die Israeliten ihre Schlachttiere, die sie auf freiem Feld schlachten wollen, dem HERRN bringen vor den Eingang der Stiftshütte zum Priester und sie dort als Dankopfer dem HERRN opfern."},{"6":"Und der Priester soll das Blut an den Altar des HERRN sprengen vor dem Eingang der Stiftshütte und das Fett in Rauch aufgehen lassen zum lieblichen Geruch für den HERRN."},{"7":"Und sie sollen ihre Opfer nicht mehr den Bocksgeistern opfern, mit denen sie Hurerei treiben. Das soll ihnen eine ewige Ordnung sein von Geschlecht zu Geschlecht."},{"8":"Darum sollst du zu ihnen sagen: Wer aus dem Hause Israel oder von den Fremdlingen, die unter euch sind, ein Brandopfer oder Schlachtopfer darbringt"},{"9":"und bringt es nicht vor den Eingang der Stiftshütte, um es dem HERRN zu opfern, der wird ausgerottet werden aus seinem Volk."},{"10":"Und wer vom Haus Israel oder von den Fremdlingen unter euch irgendwelches Blut isst, gegen den will ich mein Antlitz kehren und will ihn aus seinem Volk ausrotten."},{"11":"Denn des Leibes Leben ist im Blut, und ich habe es euch für den Altar gegeben, dass ihr damit entsühnt werdet. Denn das Blut wirkt Entsühnung, weil das Leben in ihm ist."},{"12":"Darum habe ich den Israeliten gesagt: Keiner unter euch soll Blut essen, auch kein Fremdling, der unter euch wohnt."},{"13":"Und wer von den Israeliten oder von den Fremdlingen unter euch auf der Jagd ein Tier oder einen Vogel fängt, die man essen darf, soll ihr Blut ausfließen lassen und mit Erde zuscharren."},{"14":"Denn des Leibes Leben ist in seinem Blut, und ich habe den Israeliten gesagt: Ihr sollt keines Leibes Blut essen; denn des Leibes Leben ist in seinem Blut. Wer es isst, der wird ausgerottet werden."},{"15":"Und wer ein gefallenes oder zerrissenes Tier isst, er sei ein Einheimischer oder Fremdling, der soll sein Kleid waschen und sich mit Wasser abwaschen und unrein sein bis zum Abend; dann ist er rein."},{"16":"Wenn er seine Kleider nicht wäscht und sich nicht abwäscht, so muss er seine Schuld tragen."}]