[{"1":"Ihr sollt euch keine Götzen machen und euch weder Bild noch Steinmal aufrichten, auch keinen Stein mit Bildwerk setzen in eurem Lande, um davor anzubeten; denn ich bin der HERR, euer Gott."},{"2":"Haltet meine Sabbate und habt Ehrfurcht vor meinem Heiligtum. Ich bin der HERR."},{"3":"Werdet ihr in meinen Satzungen wandeln und meine Gebote halten und tun,"},{"4":"so will ich euch Regen geben zur rechten Zeit und das Land soll seinen Ertrag geben und die Bäume auf dem Felde ihre Früchte bringen."},{"5":"Und die Dreschzeit soll reichen bis zur Weinernte, und die Weinernte soll reichen bis zur Zeit der Saat. Und ihr sollt Brot die Fülle haben und sollt sicher in eurem Lande wohnen."},{"6":"Ich will Frieden geben in eurem Lande, dass ihr schlaft und euch niemand aufschrecke. Ich will die wilden Tiere aus eurem Lande wegschaffen, und kein Schwert soll durch euer Land gehen."},{"7":"Ihr sollt eure Feinde jagen, und sie sollen vor euch her dem Schwert verfallen."},{"8":"Fünf von euch sollen hundert jagen, und hundert von euch sollen zehntausend jagen; denn eure Feinde sollen vor euch her dem Schwert verfallen."},{"9":"Und ich will mich zu euch wenden und will euch fruchtbar machen und euch mehren und will meinen Bund mit euch halten."},{"10":"Und ihr werdet noch von dem Vorjährigen essen und, wenn das Neue kommt, das Vorjährige wegtun müssen."},{"11":"Ich will meine Wohnung unter euch haben und eurer nicht überdrüssig werden."},{"12":"Und ich will unter euch wandeln und will euer Gott sein, und ihr sollt mein Volk sein."},{"13":"Denn ich bin der HERR, euer Gott, der euch aus Ägyptenland geführt hat, dass ihr nicht ihre Knechte bleibt, und habe euer Joch zerbrochen und habe euch aufrecht einhergehen lassen."},{"14":"Werdet ihr mir aber nicht gehorchen und nicht alle diese Gebote tun"},{"15":"und werdet ihr meine Satzungen verachten und meine Rechte verabscheuen, dass ihr nicht tut alle meine Gebote, und werdet ihr meinen Bund brechen,"},{"16":"so will auch ich euch dieses tun: Ich will euch heimsuchen mit Schrecken, mit Auszehrung und Fieber, dass euch die Augen erlöschen und das Leben hinschwindet. Ihr sollt umsonst euren Samen säen und eure Feinde sollen ihn essen."},{"17":"Und ich will mein Antlitz gegen euch richten, und ihr sollt geschlagen werden vor euren Feinden, und die euch hassen, sollen über euch herrschen, und ihr sollt fliehen, ohne dass euch einer jagt."},{"18":"Wenn ihr mir aber auch dann noch nicht gehorcht, so will ich euch noch weiter züchtigen, siebenfältig, um eurer Sünden willen,"},{"19":"dass ich eure stolze Macht breche, und will euren Himmel wie Eisen und eure Erde wie Erz machen."},{"20":"Und eure Mühe und Arbeit soll verloren sein, dass euer Land seinen Ertrag nicht gebe und die Bäume im Lande ihre Früchte nicht bringen."},{"21":"Und wenn ihr mir zuwiderhandelt und mich nicht hören wollt, so will ich euch noch weiter schlagen, siebenfältig, um eurer Sünden willen."},{"22":"Und ich will wilde Tiere unter euch senden, die sollen eure Kinder fressen und euer Vieh zerreißen und euch vermindern, und eure Straßen sollen verlassen sein."},{"23":"Werdet ihr euch aber damit noch nicht von mir zurechtbringen lassen und mir zuwiderhandeln,"},{"24":"so will auch ich euch zuwiderhandeln und will euch siebenfältig mehr schlagen um eurer Sünden willen"},{"25":"und will ein Racheschwert über euch bringen, das meinen Bund rächen soll. Und wenn ihr euch auch in eure Städte flüchtet, will ich doch die Pest unter euch senden und will euch in die Hände eurer Feinde geben."},{"26":"Dann will ich euch den Vorrat an Brot verderben; zehn Frauen sollen euer Brot in einem einzigen Ofen backen und euer Brot soll man euch nach Gewicht zuteilen, und wenn ihr esst, sollt ihr nicht satt werden."},{"27":"Werdet ihr mir aber auch dann noch nicht gehorchen und mir zuwiderhandeln,"},{"28":"so will auch ich euch im Grimm zuwiderhandeln und will euch siebenfältig mehr züchtigen um eurer Sünden willen,"},{"29":"dass ihr sollt eurer Söhne und Töchter Fleisch essen."},{"30":"Und ich will eure Opferhöhen vertilgen und eure Räucheraltäre ausrotten und will eure Leichname auf die Leichname eurer Götzen werfen und werde an euch Ekel haben."},{"31":"Und ich will eure Städte wüst machen und eure Heiligtümer verheeren und will den lieblichen Geruch eurer Opfer nicht mehr riechen."},{"32":"So will ich das Land wüst machen, dass eure Feinde, die darin wohnen werden, sich davor entsetzen."},{"33":"Euch aber will ich unter die Völker zerstreuen und mit gezücktem Schwert hinter euch her sein, dass euer Land soll wüst sein und eure Städte zerstört."},{"34":"Alsdann wird das Land seine Sabbate nachholen, solange es wüst liegt und ihr in der Feinde Land seid; ja, dann wird das Land ruhen und seine Sabbate nachholen."},{"35":"Solange es wüst liegt, wird es ruhen, weil es nicht ruhen konnte an euren Sabbaten, während ihr darin wohntet."},{"36":"Und denen, die von euch übrig bleiben, will ich ein feiges Herz machen in ihrer Feinde Land, dass sie ein raschelndes Blatt soll jagen, und sie sollen davor fliehen, als jagte sie ein Schwert, und fallen, wo sie doch niemand jagt."},{"37":"Und einer soll über den andern hinfallen, als wäre das Schwert hinter ihnen, wo sie doch niemand jagt, und ihr sollt nicht bestehen können gegen eure Feinde."},{"38":"Und ihr sollt umkommen unter den Völkern, und eurer Feinde Land soll euch fressen."},{"39":"Die aber von euch übrig bleiben, die sollen in der Feinde Land dahinschwinden wegen ihrer Missetat, aber auch um der Missetat ihrer Väter willen."},{"40":"Da werden sie dann bekennen ihre Missetat und ihrer Väter Missetat, dass sie mir untreu gewesen sind und sich mir entgegengestellt haben."},{"41":"So will auch ich mich ihnen entgegenstellen und sie in das Land ihrer Feinde wegführen. Dann wird sich ja ihr unbeschnittenes Herz demütigen, und sie werden die Strafe für ihre Missetat abtragen."},{"42":"Und ich werde gedenken an meinen Bund mit Jakob und an meinen Bund mit Isaak und an meinen Bund mit Abraham und werde an das Land gedenken."},{"43":"Aber das Land wird von ihnen verlassen sein und seine Sabbate nachholen, solange es wüst liegt, und sie werden die Strafe für ihre Missetat abtragen, weil sie wieder und wieder meine Rechte verachtet und an meinen Satzungen Ekel gehabt haben."},{"44":"Aber wenn sie auch in der Feinde Land sind, verwerfe ich sie dennoch nicht, und es ekelt mich nicht vor ihnen, sodass es mit ihnen aus sein sollte und mein Bund mit ihnen nicht mehr gelten sollte; denn ich bin der HERR, ihr Gott."},{"45":"Und ich will ihnen zugut an meinen Bund mit den Vorfahren gedenken, die ich aus Ägyptenland führte vor den Augen der Völker, auf dass ich ihr Gott wäre, ich, der HERR."},{"46":"Dies sind die Satzungen und Rechte und Gesetze, die der HERR zwischen sich und den Israeliten aufgerichtet hat auf dem Berge Sinai durch die Hand des Mose."}]