[{"1":"Und am achten Tage rief Mose Aaron und seine Söhne und die Ältesten in Israel"},{"2":"und sprach zu Aaron: Nimm dir einen jungen Stier zum Sündopfer und einen Widder zum Brandopfer, beide ohne Fehler, und bringe sie vor den HERRN."},{"3":"Und rede mit den Israeliten und sprich: Nehmt einen Ziegenbock zum Sündopfer und ein Kalb und ein Lamm, beide ein Jahr alt und ohne Fehler, zum Brandopfer"},{"4":"und einen Stier und einen Widder zum Dankopfer, dass wir sie vor dem HERRN opfern, und ein Speisopfer, mit Öl vermengt. Denn heute wird euch der HERR erscheinen."},{"5":"Und sie brachten, was Mose geboten hatte, vor die Stiftshütte, und es trat herzu die ganze Gemeinde und stellte sich auf vor dem HERRN."},{"6":"Da sprach Mose: Das ist's, was der HERR geboten hat, dass ihr es tun sollt, auf dass euch des HERRN Herrlichkeit erscheine."},{"7":"Und Mose sprach zu Aaron: Tritt zum Altar und bringe dar dein Sündopfer und dein Brandopfer und entsühne dich und das Volk. Danach bringe dar die Opfergabe des Volks und entsühne es auch, wie der HERR geboten hat."},{"8":"Und Aaron trat zum Altar und schlachtete den jungen Stier als sein Sündopfer."},{"9":"Und seine Söhne brachten das Blut zu ihm, und er tauchte mit seinem Finger ins Blut und tat es auf die Hörner des Altars und goss das Blut an den Fuß des Altars."},{"10":"Aber das Fett und die Nieren und den Lappen an der Leber vom Sündopfer ließ er in Rauch aufgehen auf dem Altar, wie der HERR es Mose geboten hatte."},{"11":"Und das Fleisch und das Fell verbrannte er mit Feuer draußen vor dem Lager."},{"12":"Danach schlachtete er das Brandopfer; und Aarons Söhne brachten das Blut zu ihm, und er sprengte es ringsum an den Altar."},{"13":"Und sie brachten das Brandopfer zu ihm, Stück um Stück, und den Kopf, und er ließ es in Rauch aufgehen auf dem Altar."},{"14":"Und er wusch die Eingeweide und die Schenkel und ließ sie in Rauch aufgehen oben auf dem Brandopfer auf dem Altar."},{"15":"Danach brachte er herzu die Opfergabe des Volks und nahm den Bock, das Sündopfer des Volks, und schlachtete ihn und machte ein Sündopfer daraus wie das vorige."},{"16":"Und brachte das Brandopfer herzu und tat damit der Ordnung gemäß."},{"17":"Und brachte herzu das Speisopfer und nahm eine Handvoll und ließ es in Rauch aufgehen auf dem Altar, außer dem Brandopfer am Morgen."},{"18":"Danach schlachtete er den Stier und den Widder als Dankopfer des Volks. Und seine Söhne brachten ihm das Blut; das sprengte er ringsum an den Altar."},{"19":"Aber das Fett vom Stier und vom Widder, den Fettschwanz und das Fett am Eingeweide und die Nieren und den Lappen an der Leber,"},{"20":"all dieses Fett legten sie auf die Brust, und er ließ das Fett auf dem Altar in Rauch aufgehen."},{"21":"Aber die Brust und die rechte Keule schwang Aaron als Schwingopfer vor dem HERRN, wie der HERR es Mose geboten hatte."},{"22":"Und Aaron hob seine Hände auf zum Volk und segnete sie und stieg herab, nachdem er das Sündopfer, Brandopfer und Dankopfer dargebracht hatte."},{"23":"Und Mose und Aaron gingen in die Stiftshütte. Und als sie wieder herauskamen, segneten sie das Volk. Da erschien die Herrlichkeit des HERRN allem Volk."},{"24":"Und ein Feuer ging aus von dem HERRN und verzehrte das Brandopfer und das Fett auf dem Altar. Da alles Volk das sah, frohlockten sie und fielen auf ihr Antlitz."}]