[{"1":"Und der HERR redete mit Mose und Aaron und sprach zu ihnen:"},{"2":"Redet mit den Israeliten und sprecht: Dies sind die Tiere, die ihr essen dürft unter allen Tieren auf dem Lande."},{"3":"Alles, was gespaltene Klauen hat, ganz durchgespalten, und wiederkäut unter den Tieren, das dürft ihr essen."},{"4":"Nur diese dürft ihr nicht essen von dem, was wiederkäut oder gespaltene Klauen hat: das Kamel, denn es ist zwar ein Wiederkäuer, hat aber keine durchgespaltenen Klauen, darum soll es euch unrein sein;"},{"5":"den Klippdachs, denn er ist zwar ein Wiederkäuer, hat aber keine durchgespaltenen Klauen; darum soll er euch unrein sein;"},{"6":"den Hasen, denn er ist auch ein Wiederkäuer, hat aber keine durchgespaltenen Klauen; darum soll er euch unrein sein;"},{"7":"das Schwein, denn es hat wohl durchgespaltene Klauen, ist aber kein Wiederkäuer; darum soll es euch unrein sein."},{"8":"Von ihrem Fleisch dürft ihr weder essen noch ihr Aas anrühren; denn sie sind euch unrein."},{"9":"Dies dürft ihr essen von dem, was im Wasser lebt: Alles, was Flossen und Schuppen hat im Wasser, im Meer und in den Bächen, dürft ihr essen."},{"10":"Alles aber, was nicht Flossen und Schuppen hat im Meer und in den Bächen von allem, was sich regt im Wasser, und allem, was lebt im Wasser, soll euch ein Gräuel sein."},{"11":"Von ihrem Fleisch dürft ihr nicht essen und ihr Aas sollt ihr verabscheuen, denn sie sind ein Gräuel für euch."},{"12":"Alles, was nicht Flossen und Schuppen hat im Wasser, sollt ihr verabscheuen."},{"13":"Und diese sollt ihr verabscheuen unter den Vögeln, dass sie nicht gegessen werden, denn ein Gräuel sind sie: den Adler, den Lämmergeier, den Bartgeier,"},{"14":"die Gabelweihe, alle Arten des Falken"},{"15":"und alle Arten des Raben,"},{"16":"den Strauß, die Nachteule, die Möwe, alle Arten des Habichts,"},{"17":"das Käuzchen, die Fischeule, den Uhu,"},{"18":"die Schleiereule, die Ohreule, den Aasgeier,"},{"19":"den Storch, alle Arten des Reihers, den Wiedehopf und die Fledermaus."},{"20":"Auch alles kleine Getier, das Flügel hat und auf vier Füßen geht, soll euch ein Gräuel sein."},{"21":"Doch dies dürft ihr essen von allem kleinen Getier, das Flügel hat und auf vier Füßen geht: was oberhalb der Füße noch zwei Schenkel hat, womit es auf Erden hüpft."},{"22":"Von diesen dürft ihr essen alle Arten der Heuschrecke, alle Arten des Solam, alle Arten des Hargol und alle Arten des Hagab."},{"23":"Alles kleine Getier aber, was sonst Flügel und vier Füße hat, soll euch ein Gräuel sein."},{"24":"An diesen werdet ihr euch verunreinigen, wer ihr Aas anrührt, der wird unrein sein bis zum Abend,"},{"25":"und wer ihr Aas trägt, soll seine Kleider waschen und wird unrein sein bis zum Abend:"},{"26":"an allem Getier, das gespaltene Klauen hat, aber nicht ganz durchgespaltene, und nicht wiederkäut. Unrein soll es euch sein, und wer es anrührt, wird unrein sein."},{"27":"Und alles, was auf Tatzen geht unter den Tieren, die auf vier Füßen gehen, soll euch unrein sein. Wer ihr Aas anrührt, wird unrein sein bis zum Abend."},{"28":"Und wer ihr Aas trägt, soll seine Kleider waschen und unrein sein bis zum Abend; denn sie sind euch unrein."},{"29":"Diese sollen euch auch unrein sein unter den Tieren, die auf der Erde wimmeln: der Maulwurf, die Maus und alle Arten der Eidechse,"},{"30":"der Gecko, die Koach-Eidechse, die Letaa-Eidechse, der Molch und das Chamäleon."},{"31":"Die sind euch unrein unter allem kleinen Getier. Wer ihr Aas anrührt, der wird unrein sein bis zum Abend."},{"32":"Und alles, worauf ihr Aas fällt, das wird unrein, jedes hölzerne Gefäß oder Kleider oder Fell oder Sack, jedes Gerät, mit dem man arbeitet. All das soll man ins Wasser legen, es ist unrein bis zum Abend und dann wieder rein."},{"33":"Ist es aber ein irdenes Gefäß, in das ein solches Aas hineinfällt, so wird alles unrein, was darin ist, und ihr sollt es zerbrechen."},{"34":"Alle Speise, die man isst, wird unrein, wenn jenes Wasser darankommt; und alles Getränk, das man trinkt, wird in solchen Gefäßen unrein."},{"35":"Und alles, worauf ein solches Aas fällt, wird unrein, es sei Ofen oder Herd; man soll es zerbrechen, denn es ist unrein und soll euch unrein sein."},{"36":"Nur die Brunnen und Zisternen, in denen sich Wasser sammelt, bleiben rein. Wer aber das Aas darin anrührt, ist unrein."},{"37":"Und wenn ein solches Aas auf Samen fällt, den man sät, so bleibt er doch rein."},{"38":"Wenn man aber Wasser über den Samen gegossen hat und es fällt danach ein solches Aas darauf, so wird er euch unrein."},{"39":"Wenn eins von den Tieren stirbt, die euch zur Speise dienen: Wer ihr Aas anrührt, wird unrein bis zum Abend."},{"40":"Wer von solchem Aas isst, der soll sein Kleid waschen; er wird unrein sein bis zum Abend. Auch wer ein solches Aas trägt, soll sein Kleid waschen; er wird unrein sein bis zum Abend."},{"41":"Alles kleine Getier, das auf der Erde kriecht, soll euch ein Gräuel sein, und man soll es nicht essen."},{"42":"Alles, was auf dem Bauch kriecht, und alles, was auf vier oder mehr Füßen geht, unter allem, was auf der Erde kriecht, dürft ihr nicht essen; denn es soll euch ein Gräuel sein."},{"43":"Macht euch selbst nicht zum Gräuel an allem kleinen Getier, das da wimmelt, und macht euch nicht unrein an ihm, sodass ihr dadurch unrein werdet."},{"44":"Denn ich bin der HERR, euer Gott. Darum sollt ihr euch heiligen, sodass ihr heilig werdet, denn ich bin heilig; und ihr sollt euch nicht selbst unrein machen an irgendeinem Getier, das auf der Erde kriecht."},{"45":"Denn ich bin der HERR, der euch aus Ägyptenland geführt hat, dass ich euer Gott sei. Darum sollt ihr heilig sein, denn ich bin heilig."},{"46":"Das ist das Gesetz von dem Vieh und den Vögeln und von allen Tieren, die sich regen im Wasser, und von allen Tieren, die auf der Erde kriechen,"},{"47":"auf dass ihr unterscheidet, was unrein und rein ist und welches Tier man essen und welches man nicht essen darf."}]