[{"1":"Wenn jemand damit sündigt, dass er den Fluch aussprechen hört und Zeuge ist, weil er es gesehen oder erfahren hat, es aber nicht anzeigt und damit Schuld auf sich lädt;"},{"2":"oder wenn jemand etwas Unreines anrührt, es sei ein Aas von einem unreinen Wild oder Vieh oder Gewürm, und wusste es nicht und wird's inne und hat sich so verschuldet;"},{"3":"oder wenn er einen Menschen in dessen Unreinheit anrührt, in irgendeiner Unreinheit, womit der Mensch unrein werden kann, und wusste es nicht und wird's inne und hat sich so verschuldet;"},{"4":"oder wenn jemand schwört, dass ihm über die Lippen fährt, er wolle Schaden oder Gutes tun, wie denn einem Menschen ein Schwur entfahren mag, und er bedachte es nicht und er wird's inne und hat sich so oder so schuldig gemacht:"},{"5":"wenn's also geschieht, dass er sich so oder so schuldig gemacht hat, so soll er bekennen, womit er gesündigt hat,"},{"6":"und soll als Buße für diese seine Sünde, die er getan hat, dem HERRN darbringen von der Herde ein Muttertier, Schaf oder Ziege, zum Sündopfer, dass der Priester die Sühnung für ihn vollziehe wegen seiner Sünde."},{"7":"Vermag er aber nicht ein Schaf zu geben, so bringe er dem HERRN für seine Schuld, die er getan hat, zwei Turteltauben oder zwei andere Tauben, die eine zum Sündopfer, die andere zum Brandopfer,"},{"8":"und bringe sie dem Priester. Der soll die erste als Sündopfer darbringen und ihr den Kopf abkneifen hinter dem Genick und nicht ganz abtrennen,"},{"9":"und er sprenge etwas von dem Blut des Sündopfers an die Seite des Altars und lasse das übrige Blut ausbluten am Fuße des Altars; es ist ein Sündopfer."},{"10":"Die andere Taube aber soll er als Brandopfer darbringen der Ordnung gemäß. So soll der Priester die Sühnung für ihn vollziehen wegen seiner Sünde, die er getan hat, und ihm wird vergeben."},{"11":"Vermag er aber auch nicht zwei Turteltauben oder zwei andere Tauben zu geben, so bringe er für seine Sünde als sein Opfer ein zehntel Scheffel feines Mehl als Sündopfer dar. Er soll aber kein Öl daraufgießen noch Weihrauch darauftun; denn es ist ein Sündopfer."},{"12":"Und er soll es zum Priester bringen. Der Priester aber soll eine Handvoll davon nehmen als Gedenkopfer und in Rauch aufgehen lassen auf dem Altar zum Feueropfer für den HERRN; es ist ein Sündopfer."},{"13":"So soll der Priester wegen seiner Sünde, die er in einem jener Fälle getan hat, die Sühnung für ihn vollziehen, und ihm wird vergeben. Es soll dem Priester gehören wie beim Speisopfer."},{"14":"Und der HERR redete mit Mose und sprach:"},{"15":"Wenn jemand sich vergreift und aus Versehen sich versündigt an dem, was dem HERRN geweiht ist, so soll er für seine Schuld dem HERRN einen Widder ohne Fehler von der Herde als Schuldopfer bringen, geschätzt in Schekel Silber nach dem Münzgewicht des Heiligtums."},{"16":"Dazu soll er, was er gesündigt hat an dem Geweihten, erstatten und den fünften Teil hinzufügen und es dem Priester geben. Der soll die Sühnung für ihn vollziehen mit dem Widder des Schuldopfers, so wird ihm vergeben."},{"17":"Wenn jemand sündigt und handelt gegen irgendein Gebot des HERRN, was er nicht tun sollte, und hat es nicht gewusst und versündigt sich und lädt eine Schuld auf sich,"},{"18":"so soll er zum Priester einen Widder bringen von der Herde, ohne Fehler, nach deiner Schätzung als Schuldopfer. Der soll die Sühnung für ihn vollziehen für das, was er versehen hat, ohne dass er es wusste, so wird ihm vergeben."},{"19":"Das ist ein Schuldopfer; verschuldet hat er sich an dem HERRN."},{"20":"Und der HERR redete mit Mose und sprach:"},{"21":"Wenn jemand sündigte und gegen den HERRN treulos handelte, indem er leugnet, dass ihm ein anderer etwas anvertraut oder zu treuen Händen gegeben hat oder dass er etwas mit Gewalt genommen oder von ihm erpresst hat,"},{"22":"oder wenn er etwas Verlorenes gefunden hat und es ableugnet und einen falschen Eid schwört über irgendetwas, worin ein Mensch gegen seinen Nächsten Sünde tut:"},{"23":"Wenn es so geschieht, dass er sündigt und sich verschuldet, so soll er wiedergeben, was er mit Gewalt genommen oder was er erpresst hat oder was ihm anvertraut war oder was er gefunden hat"},{"24":"oder worüber er den falschen Eid geschworen hat; das soll er alles ganz wiedergeben und darüber hinaus den fünften Teil. Dem soll er's geben, dem es gehört, an dem Tag, wenn er sein Schuldopfer darbringt."},{"25":"Aber für seine Schuld soll er dem HERRN einen Widder ohne Fehler von der Herde zu dem Priester bringen nach dem Schätzwert als Schuldopfer."},{"26":"So soll der Priester die Sühnung für ihn vollziehen vor dem HERRN und ihm wird alles vergeben, was er getan und womit er sich verschuldet hat."}]