[{"1":"Ist aber sein Opfer ein Dankopfer und will er ein Rind darbringen, es sei ein männliches oder ein weibliches, so soll er vor dem HERRN ein Tier opfern, das ohne Fehler ist."},{"2":"Und er soll seine Hand auf den Kopf seines Opfers legen und es schlachten vor dem Eingang der Stiftshütte. Und die Priester, Aarons Söhne, sollen das Blut ringsum an den Altar sprengen."},{"3":"Und er soll von dem Dankopfer dem HERRN ein Feueropfer darbringen, nämlich das Fett, das die Eingeweide bedeckt, und alles Fett an den Eingeweiden,"},{"4":"die beiden Nieren mit dem Fett, das daran ist, an den Lenden, und den Lappen an der Leber; zusammen mit den Nieren soll er ihn ablösen."},{"5":"Und Aarons Söhne sollen es in Rauch aufgehen lassen auf dem Altar über dem Brandopfer auf dem Holz, das über dem Feuer liegt, als ein Feueropfer zum lieblichen Geruch für den HERRN."},{"6":"Will er aber dem HERRN ein Dankopfer vom Kleinvieh darbringen, es sei ein<br />männliches oder ein weibliches Tier, so soll es ohne Fehler sein."},{"7":"Ist es ein Schaf, so soll er's vor den HERRN bringen"},{"8":"und soll seine Hand auf den Kopf seines Opfers legen und es schlachten vor der Stiftshütte. Und die Söhne Aarons sollen sein Blut ringsum an den Altar sprengen."},{"9":"Und er soll von dem Dankopfer dem HERRN ein Feueropfer darbringen, nämlich sein Fett, den ganzen Fettschwanz, vom Rückgrat abgelöst, dazu das Fett, das die Eingeweide bedeckt, und alles Fett an den Eingeweiden,"},{"10":"die beiden Nieren mit dem Fett, das daran ist, an den Lenden, und den Lappen an der Leber; zusammen mit den Nieren soll er ihn ablösen."},{"11":"Und der Priester soll es in Rauch aufgehen lassen auf dem Altar als Feueropferspeise für den HERRN."},{"12":"Ist aber sein Opfer eine Ziege, so bringe er sie vor den HERRN"},{"13":"und lege seine Hand auf ihren Kopf und schlachte sie vor der Stiftshütte. Und die Söhne Aarons sollen das Blut ringsum an den Altar sprengen."},{"14":"Und er soll davon sein Opfer darbringen, ein Feueropfer für den HERRN, nämlich das Fett, das die Eingeweide bedeckt, und alles Fett an den Eingeweiden,"},{"15":"die beiden Nieren mit dem Fett, das daran ist, an den Lenden, und den Lappen an der Leber; zusammen mit den Nieren soll er ihn ablösen."},{"16":"Und der Priester soll es in Rauch aufgehen lassen auf dem Altar als Feueropferspeise zum lieblichen Geruch. Alles Fett ist für den HERRN."},{"17":"Das sei eine ewige Ordnung für eure Nachkommen, überall, wo ihr wohnt, dass ihr weder Fett noch Blut esst."}]