[{"1":"Und der HERR redete mit Mose und sprach:"},{"2":"Sage den Israeliten und sprich zu ihnen: Dies sind die Feste des HERRN, die ihr ausrufen sollt als heilige Versammlungen; dies sind meine Feste:"},{"3":"Sechs Tage sollst du arbeiten; der siebente Tag aber ist ein feierlicher Sabbat, heilige Versammlung. Keine Arbeit sollt ihr an ihm tun; denn es ist ein Sabbat für den HERRN, überall, wo ihr wohnt."},{"4":"Dies sind aber die Feste des HERRN, heilige Versammlungen, die ihr ausrufen sollt zu ihrer festgesetzten Zeit:"},{"5":"Am vierzehnten Tage des ersten Monats zur Zeit der Abenddämmerung ist des HERRN Passa."},{"6":"Und am fünfzehnten desselben Monats ist das Fest der Ungesäuerten Brote für den HERRN. Sieben Tage sollt ihr ungesäuertes Brot essen."},{"7":"Am ersten Tage sollt ihr eine heilige Versammlung halten; da sollt ihr keine Dienstarbeit tun."},{"8":"Und sieben Tage sollt ihr dem HERRN Feueropfer darbringen. Am siebenten Tage soll wieder eine heilige Versammlung sein; da sollt ihr auch keine Dienstarbeit tun."},{"9":"Und der HERR redete mit Mose und sprach:"},{"10":"Sage den Israeliten und sprich zu ihnen: Wenn ihr in das Land kommt, das ich euch geben werde, und die Ernte einbringt, so sollt ihr die erste Garbe eurer Ernte zu dem Priester bringen."},{"11":"Der soll die Garbe als Schwingopfer schwingen vor dem HERRN, dass sie euch wohlgefällig mache. Das soll aber der Priester tun am Tage nach dem Sabbat."},{"12":"Und ihr sollt am Tage, da eure Garbe geschwungen wird, ein Brandopfer dem HERRN bringen von einem einjährigen Lamm, ohne Fehler,"},{"13":"samt dem Speisopfer: zwei Zehntel feines Mehl, mit Öl vermengt, als ein Feueropfer für den HERRN zum lieblichen Geruch; dazu das Trankopfer: eine viertel Kanne Wein."},{"14":"Und ihr sollt von der neuen Ernte kein Brot noch geröstete oder frische Körner essen bis zu dem Tag, da ihr eurem Gott seine Gabe bringt. Das soll eine ewige Ordnung sein bei euren Nachkommen, überall, wo ihr wohnt."},{"15":"Danach sollt ihr zählen vom Tage nach dem Sabbat, da ihr die Garbe als Schwingopfer darbrachtet, sieben ganze Wochen."},{"16":"Bis zu dem Tag nach dem siebenten Sabbat, nämlich fünfzig Tage, sollt ihr zählen und dann ein neues Speisopfer dem HERRN opfern."},{"17":"Ihr sollt aus euren Wohnungen zwei Brote bringen als Schwingopfer, von zwei Zehnteln feinem Mehl, gesäuert und gebacken, als Erstlingsgabe für den HERRN."},{"18":"Und ihr sollt herzubringen neben eurem Brot sieben einjährige Lämmer ohne Fehler und einen jungen Stier und zwei Widder – das soll des HERRN Brandopfer sein – mit ihren Speisopfern und Trankopfern als ein Feueropfer zum lieblichen Geruch für den HERRN."},{"19":"Dazu sollt ihr opfern einen Ziegenbock zum Sündopfer und zwei einjährige Lämmer zum Dankopfer."},{"20":"Und der Priester soll sie als Schwingopfer schwingen samt den Erstlingsbroten und den zwei Lämmern vor dem HERRN. Das alles soll als ein Schwingopfer dem HERRN heilig sein und dem Priester gehören."},{"21":"Und ihr sollt an diesem Tag eine heilige Versammlung ausrufen; keine Dienstarbeit sollt ihr tun. Eine ewige Ordnung soll das sein bei euren Nachkommen, überall, wo ihr wohnt."},{"22":"Wenn ihr aber die Ernte eures Landes einbringt, sollt ihr nicht alles bis an die Ecken des Feldes abschneiden, auch nicht Nachlese halten, sondern sollt es den Armen und Fremdlingen lassen. Ich bin der HERR, euer Gott."},{"23":"Und der HERR redete mit Mose und sprach:"},{"24":"Sage zu den Israeliten: Am ersten Tage des siebenten Monats sollt ihr Ruhetag halten mit Posaunenblasen zum Gedächtnis, eine heilige Versammlung."},{"25":"Da sollt ihr keine Dienstarbeit tun und sollt dem HERRN Feueropfer darbringen."},{"26":"Und der HERR redete mit Mose und sprach:"},{"27":"Am zehnten Tage in diesem siebenten Monat ist der Versöhnungstag. Da sollt ihr eine heilige Versammlung halten und fasten und dem HERRN Feueropfer darbringen"},{"28":"und sollt keine Arbeit tun an diesem Tage, denn es ist der Versöhnungstag, euch zu entsühnen vor dem HERRN, eurem Gott."},{"29":"Denn wer nicht fastet an diesem Tage, der wird aus seinem Volk ausgerottet werden."},{"30":"Und wer an diesem Tage irgendeine Arbeit tut, den will ich vertilgen aus seinem Volk."},{"31":"Darum sollt ihr keine Arbeit tun. Das soll eine ewige Ordnung sein bei euren Nachkommen, überall, wo ihr wohnt."},{"32":"Ein feierlicher Sabbat soll er euch sein und ihr sollt fasten. Am neunten Tage des Monats, am Abend, sollt ihr diesen Ruhetag halten, vom Abend an bis wieder zum Abend."},{"33":"Und der HERR redete mit Mose und sprach:"},{"34":"Sage zu den Israeliten: Am fünfzehnten Tage dieses siebenten Monats ist das Laubhüttenfest für den HERRN, sieben Tage lang."},{"35":"Am ersten Tage soll eine heilige Versammlung sein; keine Dienstarbeit sollt ihr tun."},{"36":"Sieben Tage sollt ihr dem HERRN Feueropfer darbringen. Am achten Tage sollt ihr wieder eine heilige Versammlung halten und sollt Feueropfer dem HERRN darbringen. Es ist eine Festversammlung; keine Dienstarbeit sollt ihr tun."},{"37":"Das sind die Festzeiten des HERRN, die ihr als heilige Versammlungen ausrufen sollt, um dem HERRN Feueropfer darzubringen: Brandopfer, Speisopfer, Schlachtopfer und Trankopfer, ein jedes an seinem Tage,"},{"38":"abgesehen von den Sabbaten des HERRN und euren andern Gaben und Gelübden und freiwilligen Gaben, die ihr dem HERRN gebt."},{"39":"Am fünfzehnten Tage des siebenten Monats, wenn ihr die Früchte des Landes einbringt, sollt ihr ein Fest des HERRN halten sieben Tage lang. Am ersten Tage ist Ruhetag und am achten Tage ist auch Ruhetag."},{"40":"Ihr sollt am ersten Tage Früchte nehmen von schönen Bäumen, Palmwedel und Zweige von Laubbäumen und Bachweiden und sieben Tage fröhlich sein vor dem HERRN, eurem Gott,"},{"41":"und sollt das Fest dem HERRN halten jährlich sieben Tage lang. Das soll eine ewige Ordnung sein bei euren Nachkommen, dass sie im siebenten Monat so feiern."},{"42":"Sieben Tage sollt ihr in Laubhütten wohnen. Wer einheimisch ist in Israel, soll in Laubhütten wohnen,"},{"43":"dass eure Nachkommen wissen, wie ich die Israeliten habe in Hütten wohnen lassen, als ich sie aus Ägyptenland führte. Ich bin der HERR, euer Gott."},{"44":"Und Mose tat den Israeliten die Festzeiten des HERRN kund."}]