[{"1":"Und der HERR redete mit Mose und Aaron und sprach:"},{"2":"Redet mit den Israeliten und sprecht zu ihnen: Wenn ein Mann an seinem Glied einen Ausfluss hat, so ist er unrein."},{"3":"Mag sein Glied den Fluss ausfließen lassen oder nicht, so ist er unrein."},{"4":"Jedes Lager, worauf er liegt, und alles, worauf er sitzt, wird unrein."},{"5":"Und wer sein Lager anrührt, der soll seine Kleider waschen und sich mit Wasser abwaschen und unrein sein bis zum Abend."},{"6":"Und wer sich hinsetzt, wo jener gesessen hat, der soll seine Kleider waschen und sich mit Wasser abwaschen und unrein sein bis zum Abend."},{"7":"Wer ihn anrührt, der soll seine Kleider waschen und sich mit Wasser abwaschen und unrein sein bis zum Abend."},{"8":"Wenn er seinen Speichel auswirft auf den, der rein ist, so soll der seine Kleider waschen und sich mit Wasser abwaschen und unrein sein bis zum Abend."},{"9":"Auch der Sattel, auf dem er reitet, wird unrein."},{"10":"Und wer irgendetwas anrührt, das er unter sich hat, der wird unrein bis zum Abend. Und wer solches trägt, der soll seine Kleider waschen und sich mit Wasser abwaschen und unrein sein bis zum Abend."},{"11":"Und wen er anrührt, ehe er die Hände gewaschen hat, der soll seine Kleider waschen und sich mit Wasser abwaschen und unrein sein bis zum Abend."},{"12":"Wenn er ein irdenes Gefäß anrührt, das soll man zerbrechen, aber das hölzerne Gefäß soll man mit Wasser spülen."},{"13":"Und wenn er rein wird von seinem Fluss, so soll er sieben Tage zählen, nachdem er rein geworden ist, und dann seine Kleider waschen und sich mit fließendem Wasser abwaschen, so ist er rein."},{"14":"Und am achten Tage soll er zwei Turteltauben oder zwei andere Tauben nehmen und vor den HERRN kommen an den Eingang der Stiftshütte und sie dem Priester geben."},{"15":"Und der Priester soll die eine zum Sündopfer bereiten und die andere zum Brandopfer und ihn vor dem HERRN entsühnen seines Ausflusses wegen."},{"16":"Wenn einem Mann im Schlaf der Same abgeht, soll er seinen ganzen Leib mit Wasser abwaschen und unrein sein bis zum Abend."},{"17":"Und jedes Kleid und jedes Fell, das mit solchem Samen befleckt ist, soll abgewaschen werden mit Wasser, und es soll unrein sein bis zum Abend."},{"18":"Und wenn eine Frau bei einem Manne liegt, dem der Same abgeht, dann sollen sie sich mit Wasser abwaschen und unrein sein bis zum Abend."},{"19":"Wenn eine Frau ihren Blutfluss hat, so soll sie sieben Tage für unrein gelten. Wer sie anrührt, der wird unrein bis zum Abend."},{"20":"Und alles, worauf sie in dieser Zeit liegt, wird unrein und alles, worauf sie sitzt, wird unrein."},{"21":"Und wer ihr Lager anrührt, der soll seine Kleider waschen und sich mit Wasser abwaschen und unrein sein bis zum Abend."},{"22":"Und wer irgendetwas anrührt, worauf sie gesessen hat, soll seine Kleider waschen und sich mit Wasser abwaschen und unrein sein bis zum Abend."},{"23":"Und wer etwas anrührt, das auf ihrem Lager gewesen ist oder da, wo sie gesessen hat, soll unrein sein bis zum Abend."},{"24":"Und wenn ein Mann bei ihr liegt und ihr Blutfluss beginnt, wird er sieben Tage unrein und das Lager, darauf er gelegen hat, wird unrein."},{"25":"Wenn aber eine Frau den Blutfluss eine lange Zeit hat, zu ungewöhnlicher Zeit oder über die gewöhnliche Zeit hinaus, so wird sie unrein, solange sie ihn hat; wie zu ihrer gewöhnlichen Zeit, so soll sie auch da unrein sein."},{"26":"Jedes Lager, worauf sie liegt die ganze Zeit ihres Blutflusses, soll gelten wie ihr Lager zu ihrer gewöhnlichen Zeit. Und alles, worauf sie sitzt, wird unrein wie bei der Unreinheit ihrer gewöhnlichen Zeit."},{"27":"Wer davon etwas anrührt, der wird unrein und soll seine Kleider waschen und sich mit Wasser abwaschen und unrein sein bis zum Abend."},{"28":"Wird sie aber rein von ihrem Blutfluss, so soll sie sieben Tage zählen und danach soll sie rein sein."},{"29":"Und am achten Tage soll sie zwei Turteltauben oder zwei andere Tauben nehmen und zum Priester bringen vor den Eingang der Stiftshütte."},{"30":"Und der Priester soll die eine zum Sündopfer bereiten und die andere zum Brandopfer und die Frau entsühnen vor dem HERRN wegen ihres Blutflusses, der sie unrein macht."},{"31":"Und ihr sollt die Israeliten bewahren vor ihrer Unreinheit, dass sie nicht sterben in ihrer Unreinheit, wenn sie meine Wohnung unrein machen, die mitten unter ihnen ist."},{"32":"Das ist das Gesetz über den, der einen Ausfluss hat und dem der Same im Schlaf abgeht, dass er unrein davon wird,"},{"33":"und über die, die ihren Blutfluss hat, und wer sonst einen Ausfluss hat, es sei Mann oder Frau, und wenn ein Mann bei einer Unreinen liegt."}]