[{"1":"Und Israel lagerte in Schittim. Da fing das Volk an zu huren mit den Töchtern der Moabiter;"},{"2":"die luden das Volk zu den Opfern ihrer Götter. Und das Volk aß und betete ihre Götter an."},{"3":"Und Israel hängte sich an den Baal-Peor. Da entbrannte des HERRN Zorn über Israel,"},{"4":"und er sprach zu Mose: Nimm alle Oberen des Volks und hänge sie vor dem HERRN auf im Angesicht der Sonne, damit sich der grimmige Zorn des HERRN von Israel wende."},{"5":"Mose aber sprach zu den Richtern Israels: Töte ein jeder seine Leute, die sich an den Baal-Peor gehängt haben."},{"6":"Und siehe, ein Mann aus Israel kam und brachte unter seine Brüder eine Midianiterin vor den Augen des Mose und der ganzen Gemeinde der Israeliten, die da weinten vor den Eingang der Stiftshütte."},{"7":"Als das Pinhas sah, der Sohn Eleasars, des Sohnes des Priesters Aaron, stand er auf aus der Gemeinde und nahm einen Spieß in seine Hand"},{"8":"und ging dem israelitischen Mann nach in die Kammer und durchstach sie beide, den israelitischen Mann und die Frau, durch ihren Leib. Da hörte die Plage auf unter den Israeliten."},{"9":"Es waren aber durch die Plage getötet worden vierundzwanzigtausend."},{"10":"Und der HERR redete mit Mose und sprach:"},{"11":"Pinhas, der Sohn Eleasars, des Sohnes des Priesters Aaron, hat meinen Grimm von den Israeliten gewendet durch seinen Eifer um mich, dass ich nicht in meinem Eifer die Israeliten vertilgte."},{"12":"Darum sage: Siehe, ich gebe ihm meinen Bund des Friedens."},{"13":"Dieser soll ihm und seinen Nachkommen der Bund des ewigen Priestertums sein, weil er für seinen Gott geeifert und für die Israeliten Sühne geschafft hat."},{"14":"Der israelitische Mann aber, der erschlagen wurde mit der Midianiterin, hieß Simri, der Sohn Salus, der Oberste einer Sippe der Simeoniter."},{"15":"Die midianitische Frau, die auch erschlagen wurde, hieß Kosbi, eine Tochter Zurs, des Hauptes eines Geschlechtes unter den Midianitern."},{"16":"Und der HERR redete mit Mose und sprach:"},{"17":"Tut den Midianitern Schaden und schlagt sie;"},{"18":"denn sie haben euch Schaden getan mit ihrer List, die sie gegen euch geübt haben durch den Peor und durch ihre Schwester Kosbi, die Tochter eines Obersten der Midianiter, die erschlagen wurde am Tag der Plage, die um des Peor willen kam."},{"19":"Und es geschah nach der Plage,"}]