[{"1":"Und der HERR redete mit Mose und sprach:"},{"2":"Rede mit den Israeliten und sprich zu ihnen: Wenn ihr in das Land kommt, das ich euch zur Wohnung geben werde,"},{"3":"und ihr dem HERRN Feueropfer darbringen wollt von Rindern oder von Schafen, es sei ein Brandopfer oder ein Schlachtopfer oder um ein besonderes Gelübde zu erfüllen oder als freiwillige Gabe oder bei euren Festen, um dem HERRN einen lieblichen Geruch zu bereiten,"},{"4":"dann soll, wer nun seine Gabe dem HERRN opfern will, als Speisopfer ein Zehntel feines Mehl darbringen, vermengt mit einer viertel Kanne Öl,"},{"5":"und als Trankopfer auch eine viertel Kanne Wein zu dem Brandopfer oder zu dem Schlachtopfer, zu jedem Schaf, das geopfert wird."},{"6":"Wenn aber ein Widder geopfert wird, sollst du ein Speisopfer bereiten aus zwei Zehnteln feinem Mehl, mit einer drittel Kanne Öl vermengt,"},{"7":"und als Trankopfer auch eine drittel Kanne Wein. Das sollst du dem HERRN zum lieblichen Geruch opfern."},{"8":"Willst du aber ein Rind zum Brandopfer oder zum besonderen Gelübdeopfer oder als Dankopfer dem HERRN bereiten,"},{"9":"so sollst du zu dem Rind ein Speisopfer darbringen aus drei Zehnteln feinem Mehl, mit einer halben Kanne Öl vermengt,"},{"10":"und als Trankopfer auch eine halbe Kanne Wein. Das ist ein Feueropfer für den HERRN zum lieblichen Geruch."},{"11":"So sollst du tun mit einem Stier, mit einem Widder, mit einem Schaf oder mit einer Ziege."},{"12":"Wie die Zahl dieser Opfer, so soll auch die Zahl der Speisopfer und Trankopfer sein."},{"13":"Wer ein Einheimischer ist, der soll es so halten, wenn er dem HERRN opfern will ein Feueropfer zum lieblichen Geruch."},{"14":"Und wenn ein Fremdling bei euch wohnt oder unter euch bei euren Nachkommen lebt und will dem HERRN ein Feueropfer zum lieblichen Geruch darbringen, so soll er es halten wie ihr."},{"15":"Für die ganze Gemeinde gelte nur eine Satzung, für euch wie auch für die Fremdlinge. Eine ewige Satzung soll das sein für eure Nachkommen, dass vor dem HERRN der Fremdling sei wie ihr."},{"16":"Einerlei Ordnung, einerlei Recht soll gelten für euch und für den Fremdling, der bei euch wohnt."},{"17":"Und der HERR redete mit Mose und sprach:"},{"18":"Rede mit den Israeliten und sprich zu ihnen: Wenn ihr in das Land kommt, in das ich euch bringen werde,"},{"19":"und ihr esst von dem Brot des Landes, so sollt ihr dem HERRN eine Abgabe darbringen:"},{"20":"Als Erstling eures Teigs sollt ihr einen Kuchen als Abgabe darbringen. Wie die Abgabe von der Tenne,"},{"21":"so sollt ihr auch dem HERRN den Erstling eures Teigs als Abgabe geben für alle Zeit."},{"22":"Und wenn ihr aus Versehen eines dieser Gebote nicht tut, die der HERR dem Mose gesagt hat,"},{"23":"irgendeins von allem, was der HERR euch durch Mose geboten hat, von dem Tage an, da er anfing zu gebieten, und fortan für alle Zeit, –"},{"24":"wenn nun ohne Wissen der Gemeinde ein Versehen vorkommt, so soll die ganze Gemeinde einen jungen Stier als Brandopfer darbringen zum lieblichen Geruch für den HERRN samt seinem Speisopfer und Trankopfer, wie es recht ist, und einen Ziegenbock als Sündopfer."},{"25":"Und so soll der Priester für die ganze Gemeinde der Israeliten Sühne schaffen, und es wird ihnen vergeben sein; denn es war ein Versehen. Und sie sollen ihre Gabe darbringen als Feueropfer für den HERRN und ihr Sündopfer vor dem HERRN für ihr Versehen,"},{"26":"so wird's vergeben der ganzen Gemeinde der Israeliten, dazu auch dem Fremdling, der unter euch wohnt, weil das ganze Volk an solchem Versehen teilhat."},{"27":"Wenn aber ein Einzelner aus Versehen sündigen wird, so soll er eine einjährige Ziege zum Sündopfer bringen."},{"28":"Und der Priester soll Sühne schaffen vor dem HERRN für den, der aus Versehen gesündigt hat, dass er für ihn Sühne schaffe und ihm vergeben werde."},{"29":"Und es soll einerlei Gesetz gelten für die, die ein Versehen begehen, für den Einheimischen unter den Israeliten und für den Fremdling, der unter euch wohnt."},{"30":"Wenn aber ein Einzelner aus Vorsatz frevelt, es sei ein Einheimischer oder Fremdling, so hat der den HERRN geschmäht. Er soll ausgerottet werden aus seinem Volk;"},{"31":"denn er hat des HERRN Wort verachtet und sein Gebot gebrochen. Ja, der soll ausgerottet werden; seine Schuld bleibt auf ihm."},{"32":"Als nun die Israeliten in der Wüste waren, fanden sie einen Mann, der Holz auflas am Sabbattag."},{"33":"Und die ihn dabei gefunden hatten, wie er Holz auflas, brachten ihn zu Mose und Aaron und vor die ganze Gemeinde."},{"34":"Und sie legten ihn gefangen, denn es war nicht klar bestimmt, was man mit ihm tun sollte."},{"35":"Der HERR aber sprach zu Mose: Der Mann soll des Todes sterben; die ganze Gemeinde soll ihn steinigen draußen vor dem Lager."},{"36":"Da führte die ganze Gemeinde ihn hinaus vor das Lager und steinigte ihn, sodass er starb, wie der HERR dem Mose geboten hatte."},{"37":"Und der HERR sprach zu Mose:"},{"38":"Rede mit den Israeliten und sprich zu ihnen, dass sie und ihre Nachkommen sich Quasten machen an den Zipfeln ihrer Kleider und blaue Schnüre an die Quasten der Zipfel tun."},{"39":"Und dazu sollen die Quasten euch dienen: sooft ihr sie anseht, sollt ihr an alle Gebote des HERRN denken und sie tun, dass ihr euch nicht von eurem Herzen noch von euren Augen verführen lasst und abgöttisch werdet,"},{"40":"damit ihr an alle meine Gebote denkt und sie tut, dass ihr heilig seid eurem Gott."},{"41":"Ich bin der HERR, euer Gott, der euch aus Ägyptenland geführt hat, dass ich euer Gott sei, ich, der HERR, euer Gott."}]