[{"1":"Da fuhr die ganze Gemeinde auf und schrie, und das Volk weinte in jener Nacht."},{"2":"Und alle Israeliten murrten gegen Mose und Aaron, und die ganze Gemeinde sprach zu ihnen: Ach dass wir gestorben wären in Ägyptenland oder in dieser Wüste, ach wären wir doch gestorben."},{"3":"Warum führt uns der HERR in dies Land, damit wir durchs Schwert fallen und unsere Frauen und unsere Kinder ein Raub werden? Ist's nicht besser, wir ziehen wieder nach Ägypten?"},{"4":"Und einer sprach zu dem andern: Lasst uns einen Hauptmann über uns setzen und wieder nach Ägypten ziehen!"},{"5":"Mose aber und Aaron fielen auf ihr Angesicht vor der ganzen Versammlung der Gemeinde der Israeliten."},{"6":"Und Josua, der Sohn Nuns, und Kaleb, der Sohn Jefunnes, die auch das Land erkundet hatten, zerrissen ihre Kleider"},{"7":"und sprachen zu der ganzen Gemeinde der Israeliten: Das Land, das wir durchzogen haben, um es zu erkunden, ist sehr gut."},{"8":"Wenn der HERR uns gnädig ist, so wird er uns in dies Land bringen und es uns geben, ein Land, darin Milch und Honig fließt."},{"9":"Fallt nur nicht ab vom HERRN und fürchtet euch vor dem Volk dieses Landes nicht, denn wir wollen sie fressen wie Brot. Es ist ihr Schutz von ihnen gewichen, der HERR aber ist mit uns. Fürchtet euch nicht vor ihnen!"},{"10":"Aber das ganze Volk sprach, man sollte sie steinigen. Da erschien die Herrlichkeit des HERRN über der Stiftshütte allen Israeliten."},{"11":"Und der HERR sprach zu Mose: Wie lange lästert mich dies Volk? Und wie lange wollen sie nicht an mich glauben trotz all der Zeichen, die ich unter ihnen getan habe?"},{"12":"Ich will sie mit der Pest schlagen und sie vertilgen und dich zu einem größeren und mächtigeren Volk machen als dieses."},{"13":"Mose aber sprach zu dem HERRN: Dann werden's die Ägypter hören; denn du hast dies Volk mit deiner Kraft aus ihrer Mitte herausgeführt."},{"14":"Auch wird man es sagen zu den Bewohnern dieses Landes, die da gehört haben, dass du, HERR, unter diesem Volk bist, dass du von Angesicht gesehen wirst und deine Wolke über ihnen steht und dass du, HERR, vor ihnen hergehst in der Wolkensäule am Tage und in der Feuersäule bei Nacht."},{"15":"Würdest du nun dies Volk töten wie einen Mann, so würden die andern Völker, die solch ein Gerücht über dich hören, sagen:"},{"16":"Der HERR vermochte es nicht, dies Volk in das Land zu bringen, das er ihnen zu geben geschworen hatte; darum hat er sie hingeschlachtet in der Wüste."},{"17":"So lass nun deine Kraft, o Herr, groß werden, wie du gesagt hast:"},{"18":"»Der HERR ist geduldig und von großer Barmherzigkeit und vergibt Missetat und Übertretung, aber er lässt niemand ungestraft, sondern sucht heim die Missetat der Väter an den Kindern bis ins dritte und vierte Glied.«"},{"19":"So vergib nun die Missetat dieses Volks nach deiner großen Barmherzigkeit, wie du auch diesem Volk vergeben hast von Ägypten an bis hierher."},{"20":"Und der HERR sprach: Ich habe vergeben, wie du es erbeten hast."},{"21":"Aber so wahr ich lebe und alle Welt der Herrlichkeit des HERRN voll werden soll:"},{"22":"Alle die Männer, die meine Herrlichkeit und meine Zeichen gesehen haben, die ich getan habe in Ägypten und in der Wüste, und mich nun zehnmal versucht und meiner Stimme nicht gehorcht haben,"},{"23":"von denen soll keiner das Land sehen, das ich ihren Vätern zu geben geschworen habe; auch keiner soll es sehen, der mich gelästert hat."},{"24":"Nur meinen Knecht Kaleb, weil ein anderer Geist in ihm ist und er mir treu nachgefolgt ist, den will ich in das Land bringen, in das er gekommen ist, und seine Nachkommen sollen es einnehmen,"},{"25":"während die Amalekiter und Kanaaniter in der Ebene wohnen bleiben. Morgen wendet euch und zieht in die Wüste auf dem Wege zum Schilfmeer!"},{"26":"Und der HERR redete mit Mose und Aaron und sprach:"},{"27":"Wie lange murrt diese böse Gemeinde gegen mich? Ich habe das Murren der Israeliten, womit sie gegen mich gemurrt haben, gehört."},{"28":"Darum sprich zu ihnen: So wahr ich lebe, spricht der HERR: Ich will mit euch tun, wie ihr vor meinen Ohren gesagt habt."},{"29":"Eure Leiber sollen in dieser Wüste verfallen. Alle, die ihr gezählt seid von zwanzig Jahren an und darüber, die ihr gegen mich gemurrt habt,"},{"30":"wahrlich, ihr sollt nicht in das Land kommen, über das ich meine Hand zum Schwur erhoben habe, euch darin wohnen zu lassen, außer Kaleb, dem Sohn Jefunnes, und Josua, dem Sohn Nuns."},{"31":"Eure Kinder aber, von denen ihr sagtet: Sie werden ein Raub sein, die will ich hineinbringen, dass sie das Land kennenlernen, das ihr verwerft."},{"32":"Aber eure eigenen Leiber sollen in dieser Wüste verfallen."},{"33":"Und eure Kinder sollen Hirten sein in der Wüste vierzig Jahre und eure Untreue tragen, bis eure Leiber aufgerieben sind in der Wüste."},{"34":"Nach der Zahl der vierzig Tage, in denen ihr das Land erkundet habt – je ein Tag soll ein Jahr gelten –, sollt ihr vierzig Jahre eure Schuld tragen, auf dass ihr innewerdet, was es sei, wenn ich mich abwende."},{"35":"Ich, der HERR, habe es gesagt und wahrlich, das will ich auch tun mit dieser ganzen bösen Gemeinde, die sich gegen mich empört hat. In dieser Wüste sollen sie aufgerieben werden und dort sterben."},{"36":"Die Männer aber, die Mose ausgesandt hatte, um das Land zu erkunden, und die zurückgekommen waren und die ganze Gemeinde gegen ihn zum Murren verleitet hatten,"},{"37":"diese Männer starben durch eine Plage vor dem HERRN, weil sie über das Land ein böses Gerücht aufbrachten."},{"38":"Aber Josua, der Sohn Nuns, und Kaleb, der Sohn Jefunnes, blieben am Leben von den Männern, die gegangen waren, um das Land zu erkunden."},{"39":"Als Mose diese Worte allen Israeliten sagte, da trauerte das Volk sehr."},{"40":"Und sie machten sich früh am Morgen auf und zogen auf die Höhe des Gebirges und sprachen: Hier sind wir und wollen hinaufziehen in das Land, von dem der HERR geredet hat; denn wir haben gesündigt."},{"41":"Mose aber sprach: Warum wollt ihr das Wort des HERRN übertreten? Es wird euch nicht gelingen."},{"42":"Zieht nicht hinauf – denn der HERR ist nicht unter euch –, dass ihr nicht geschlagen werdet vor euren Feinden."},{"43":"Denn die Amalekiter und Kanaaniter stehen euch dort gegenüber, und ihr werdet durchs Schwert fallen, weil ihr euch vom HERRN abgekehrt habt, und der HERR wird nicht mit euch sein."},{"44":"Aber sie waren so vermessen und zogen hinauf auf die Höhe des Gebirges; aber die Lade des Bundes des HERRN und Mose wichen nicht aus dem Lager."},{"45":"Da kamen die Amalekiter und Kanaaniter, die auf dem Gebirge wohnten, herab und schlugen und zersprengten sie bis nach Horma."}]