[{"1":"Und der HERR redete mit Mose und Aaron und sprach:"},{"2":"Nimm die Summe der Söhne Kehat aus den Söhnen Levi auf nach ihren Geschlechtern und Sippen,"},{"3":"von dreißig Jahren an und darüber bis ins fünfzigste Jahr, alle, die zum Heeresdienst taugen, dass sie ihre Arbeit tun an der Stiftshütte."},{"4":"Dies soll aber das Amt der Söhne Kehat an der Stiftshütte sein: der Dienst am Hochheiligen."},{"5":"Wenn das Heer aufbricht, so sollen Aaron und seine Söhne hineingehen und den Vorhang abnehmen und die Lade des Gesetzes damit umhüllen"},{"6":"und darauf eine Decke von Leder legen und oben darauf eine ganz blaue Decke breiten und ihre Tragstangen durchstecken"},{"7":"und über den Tisch der Schaubrote auch eine blaue Decke breiten und darauflegen die Schüsseln und Löffel, die Schalen und Kannen des Trankopfers, und das Schaubrot soll daraufliegen."},{"8":"Und sie sollen darüberbreiten eine karmesinrote Decke und sie mit einer Decke von Leder bedecken und seine Tragstangen durchstecken"},{"9":"und sollen eine blaue Decke nehmen und damit umhüllen den Leuchter und seine Lampen mit seinen Dochtscheren und Pfannen und allen Ölgefäßen, mit denen man ihn versorgt,"},{"10":"und sollen um das alles eine Decke von Leder tun und sollen es auf Tragstangen legen."},{"11":"Ebenso sollen sie auch über den goldenen Altar eine blaue Decke breiten und sie bedecken mit einer Decke von Leder und seine Tragstangen durchstecken."},{"12":"Alle Geräte, womit sie Dienst tun im Heiligtum, sollen sie nehmen und in eine blaue Decke tun und sie mit einer Decke von Leder bedecken und auf Tragstangen legen."},{"13":"Sie sollen auch die Asche vom Altar fegen und eine Decke von rotem Purpur über ihn breiten"},{"14":"und alle seine Geräte darauflegen, womit sie an ihm Dienst tun: Kohlenpfannen, Gabeln, Schaufeln, Becken, alle Geräte des Altars; und sollen darüberbreiten eine Decke von Leder und seine Tragstangen durchstecken."},{"15":"Wenn nun Aaron und seine Söhne beim Aufbruch des Heeres dies alles ausgerichtet und das Heilige und all sein Gerät bedeckt haben, dann sollen die Söhne Kehat kommen, um es zu tragen. Sie sollen aber das Heilige selbst nicht anrühren, dass sie nicht sterben. Dies ist es, was die Söhne Kehat von der Stiftshütte zu tragen haben."},{"16":"Und Eleasar, dem Sohn Aarons, des Priesters, ist anvertraut das Öl zum Licht und die Spezerei zum Räucherwerk und das tägliche Speisopfer und das Salböl und die Aufsicht über die ganze Wohnung und alles, was darin ist an heiligem Gerät."},{"17":"Und der HERR redete mit Mose und Aaron und sprach:"},{"18":"Ihr sollt den Stamm der Geschlechter der Kehatiter nicht zugrunde gehen lassen unter den Leviten,"},{"19":"sondern das sollt ihr mit ihnen tun, damit sie leben und nicht sterben, wenn sie dem Hochheiligen nahen: Aaron und seine Söhne sollen hineingehen und einen jeden anstellen zu seinem Dienst und seiner Traglast."},{"20":"Sie aber sollen nicht selbst hineingehen, auch nur einen Augenblick das Heilige zu schauen, dass sie nicht sterben."},{"21":"Und der HERR redete mit Mose und sprach:"},{"22":"Nimm auch die Summe der Söhne Gerschon auf nach ihren Sippen und Geschlechtern,"},{"23":"von dreißig Jahren an und darüber bis ins fünfzigste Jahr, und stelle alle an, die zum Heer taugen, dass sie ihren Dienst versehen an der Stiftshütte."},{"24":"Dies soll aber der Dienst der Geschlechter der Gerschoniter sein, was sie tun und tragen sollen:"},{"25":"Sie sollen die Teppiche der Wohnung, der Stiftshütte, tragen, ihre Decke und die Decke von Leder, die obendrüber ist, und den Vorhang in dem Eingang der Stiftshütte"},{"26":"und die Umhänge des Vorhofs und den Vorhang in der Tür des Tors am Vorhof, der die Wohnung und den Altar umgibt, und ihre Seile und alle Geräte ihres Dienstes; und alles, was dafür zu tun ist, das sollen sie tun."},{"27":"Nach dem Wort Aarons und seiner Söhne soll aller Dienst der Gerschoniter geschehen, alles, was sie tragen und tun sollen, und ihr sollt zusehen, dass sie alles ausrichten, was sie zu tragen haben."},{"28":"Das soll der Dienst der Geschlechter der Gerschoniter sein an der Stiftshütte, und ihr Dienst soll geschehen unter der Aufsicht Itamars, des Sohnes Aarons, des Priesters."},{"29":"Die Söhne Merari nach ihren Geschlechtern und Sippen sollst du auch bestellen,"},{"30":"von dreißig Jahren an und darüber bis ins fünfzigste Jahr, alle, die zum Heer taugen, dass sie ihren Dienst versehen an der Stiftshütte."},{"31":"Dies alles soll ihr Dienst an der Stiftshütte sein, dass sie tragen die Bretter der Wohnung und ihre Riegel und Säulen und Füße,"},{"32":"dazu die Säulen um den Vorhof und ihre Füße und Pflöcke und Seile mit allen ihren Geräten, ganz wie es ihr Dienst erfordert. Und ihr sollt ihnen die einzelnen Geräte zuweisen, die sie zu tragen haben."},{"33":"Das sei der Dienst der Geschlechter der Söhne Merari, alles, was sie ausrichten sollen an der Stiftshütte unter der Aufsicht Itamars, des Sohnes Aarons, des Priesters."},{"34":"Und Mose und Aaron samt den Fürsten der Gemeinde zählten die Kehatiter nach ihren Geschlechtern und Sippen,"},{"35":"von dreißig Jahren an und darüber bis ins fünfzigste, alle, die zum Heer taugen, dass sie ihren Dienst versehen an der Stiftshütte."},{"36":"Und ihre Summe war 2750."},{"37":"Das ist die Summe der Geschlechter der Kehatiter, aller, die zu dienen hatten an der Stiftshütte und die Mose und Aaron zählten nach dem Wort des HERRN, das durch Mose ergangen war."},{"38":"Die Söhne Gerschon wurden auch gezählt nach ihren Geschlechtern und Sippen,"},{"39":"von dreißig Jahren an und darüber bis ins fünfzigste, alle, die zum Heer taugen, dass sie ihren Dienst versehen an der Stiftshütte."},{"40":"Und ihre Summe war 2630."},{"41":"Das ist die Summe der Geschlechter der Söhne Gerschon, aller, die zu dienen hatten an der Stiftshütte und die Mose und Aaron zählten nach dem Wort des HERRN."},{"42":"Die Söhne Merari wurden auch gezählt nach ihren Geschlechtern und Sippen,"},{"43":"von dreißig Jahren an und darüber bis ins fünfzigste, alle, die zum Heer taugen, dass sie ihren Dienst versehen an der Stiftshütte."},{"44":"Und ihre Summe war 3200."},{"45":"Das ist die Summe der Geschlechter der Söhne Merari, die Mose und Aaron zählten nach dem Wort des HERRN, das durch Mose ergangen war."},{"46":"Die Summe aller Leviten, die Mose und Aaron samt den Fürsten Israels zählten nach ihren Geschlechtern und Sippen,"},{"47":"von dreißig Jahren an und darüber bis ins fünfzigste, aller, die den Dienst versehen an der Stiftshütte, nämlich Arbeit zu verrichten oder Last zu tragen,"},{"48":"war 8580."},{"49":"Sie wurden bestellt nach dem Wort des HERRN, das durch Mose ergangen war, ein jeder zu seinem Dienst und seiner Traglast, wie der HERR es Mose geboten hatte."}]