[{"1":"Und der HERR redete mit Mose und sprach:"},{"2":"Mache dir zwei Trompeten von getriebenem Silber und gebrauche sie, um die Gemeinde zusammenzurufen und wenn das Heer aufbrechen soll."},{"3":"Wenn man mit beiden bläst, soll sich bei dir versammeln die ganze Gemeinde vor dem Eingang der Stiftshütte."},{"4":"Wenn man nur mit einer bläst, so sollen sich bei dir versammeln die Fürsten, die Häupter über die Tausende in Israel."},{"5":"Wenn ihr aber laut trompetet, so sollen die Lager aufbrechen, die nach Osten zu liegen."},{"6":"Und wenn ihr zum zweiten Mal laut trompetet, so sollen die Lager aufbrechen, die nach Süden zu liegen. Denn wenn sie weiterziehen sollen, so sollt ihr laut trompeten."},{"7":"Wenn aber die Gemeinde zu versammeln ist, sollt ihr nur blasen und nicht laut trompeten."},{"8":"Es sollen aber blasen mit den Trompeten die Söhne Aarons, die Priester; und das soll eine ewige Ordnung sein für euch und eure Nachkommen."},{"9":"Wenn ihr in den Krieg zieht in eurem Lande gegen eure Feinde, die euch bedrängen, so sollt ihr laut trompeten mit den Trompeten, dass euer gedacht werde vor dem HERRN, eurem Gott, und ihr errettet werdet vor euren Feinden."},{"10":"Desgleichen, wenn ihr fröhlich seid an euren Festen und an euren Neumonden, sollt ihr mit den Trompeten blasen bei euren Brandopfern und Dankopfern, dass sie euch seien Erinnerungsopfer vor eurem Gott. Ich bin der HERR, euer Gott."},{"11":"Am zwanzigsten Tage im zweiten Monat des zweiten Jahres erhob sich die Wolke von der Wohnung des Gesetzes."},{"12":"Und die Israeliten brachen auf aus der Wüste Sinai, und die Wolke machte halt in der Wüste Paran."},{"13":"So brachen sie zum ersten Male auf nach dem Wort des HERRN durch Mose,"},{"14":"nämlich das Banner des Lagers Juda brach zuerst auf, Heerschar nach Heerschar, und über ihr Heer gebot Nachschon, der Sohn Amminadabs."},{"15":"Und über das Heer des Stammes Issachar gebot Netanel, der Sohn Zuars."},{"16":"Und über das Heer des Stammes Sebulon gebot Eliab, der Sohn Helons."},{"17":"Dann zerlegte man die Wohnung, und es brachen auf die Söhne Gerschon und Merari und trugen die Wohnung."},{"18":"Danach brach auf das Banner des Lagers Ruben, Heerschar nach Heerschar, und über ihr Heer gebot Elizur, der Sohn Schedëurs."},{"19":"Und über das Heer des Stammes Simeon gebot Schelumiël, der Sohn Zurischaddais,"},{"20":"und Eljasaf, der Sohn Deguëls, über das Heer des Stammes Gad."},{"21":"Dann brachen auf die Kehatiter und trugen die heiligen Geräte; und man richtete die Wohnung auf, bis diese nachkamen."},{"22":"Danach brach auf das Banner des Lagers Ephraim, Heerschar nach Heerschar, und über ihr Heer gebot Elischama, der Sohn Ammihuds,"},{"23":"und Gamliël, der Sohn Pedazurs, über das Heer des Stammes Manasse"},{"24":"und Abidan, der Sohn des Gidoni, über das Heer des Stammes Benjamin."},{"25":"Danach brach auf das Banner des Lagers Dan als letztes aller Lager, Heerschar nach Heerschar, und Ahiëser, der Sohn Ammischaddais, gebot über ihr Heer"},{"26":"und Pagiël, der Sohn Ochrans, über das Heer des Stammes Asser"},{"27":"und Ahira, der Sohn Enans, über das Heer des Stammes Naftali."},{"28":"So brachen die Israeliten auf, Heerschar nach Heerschar."},{"29":"Und Mose sprach zu seinem Schwager Hobab, dem Sohn Reguëls, aus Midian: Wir brechen auf zu der Stätte, von der der HERR gesagt hat: »Ich will sie euch geben.« Komm nun mit uns, so wollen wir Gutes an dir tun, denn der HERR hat Israel Gutes zugesagt."},{"30":"Er aber antwortete: Ich will nicht mit euch, sondern in mein Land zu meiner Verwandtschaft ziehen."},{"31":"Mose sprach: Verlass uns doch nicht, denn du weißt, wo wir in der Wüste uns lagern sollen, und du sollst unser Auge sein."},{"32":"Und wenn du mit uns ziehst – was der HERR Gutes an uns tut, das wollen wir an dir tun."},{"33":"Sie aber zogen von dem Berge des HERRN drei Tagereisen weit, und die Lade des Bundes des HERRN zog vor ihnen her die drei Tagereisen, um ihnen zu zeigen, wo sie ruhen sollten."},{"34":"Und die Wolke des HERRN war bei Tage über ihnen, wenn sie aus dem Lager zogen."},{"35":"Und wenn die Lade aufbrach, so sprach Mose: HERR, steh auf! Und deine Feinde werden sich zerstreuen und alle, die dich hassen, werden flüchtig vor dir!"},{"36":"Und wenn sie sich niederließ, so sprach er: Komm wieder, HERR, zu der Menge der Tausende in Israel!"}]