[{"1":"Und das Volk wehklagte vor den Ohren des HERRN, dass es ihm schlecht gehe. Und als es der HERR hörte, entbrannte sein Zorn, und das Feuer des HERRN loderte auf unter ihnen und fraß am Rande des Lagers."},{"2":"Da schrie das Volk zu Mose, und Mose bat den HERRN; da verschwand das Feuer."},{"3":"Und man nannte die Stätte Tabera, weil hier das Feuer des HERRN unter ihnen aufgelodert war."},{"4":"Das fremde Volk aber unter ihnen war lüstern geworden. Da fingen auch die Israeliten wieder an zu weinen und sprachen: Wer wird uns Fleisch zu essen geben?"},{"5":"Wir denken an die Fische, die wir in Ägypten umsonst aßen, und an die Kürbisse, die Melonen, den Lauch, die Zwiebeln und den Knoblauch."},{"6":"Nun aber ist unsere Seele matt, denn unsere Augen sehen nichts als das Manna."},{"7":"Es war aber das Manna wie Koriandersamen und anzusehen wie Bedolachharz."},{"8":"Und das Volk lief hin und her und sammelte und zerrieb es mit Mühlen oder zerstieß es in Mörsern und kochte es in Töpfen und machte sich Kuchen daraus; und es hatte einen Geschmack wie Ölkuchen."},{"9":"Und wenn bei Nacht der Tau über das Lager fiel, so fiel das Manna mit darauf."},{"10":"Als nun Mose das Volk weinen hörte, alle Geschlechter miteinander, einen jeden in der Tür seines Zeltes, da entbrannte der Zorn des HERRN sehr. Und auch Mose verdross es."},{"11":"Und Mose sprach zu dem HERRN: Warum bekümmerst du deinen Knecht? Und warum finde ich keine Gnade vor deinen Augen, dass du die Last dieses ganzen Volks auf mich legst?"},{"12":"Hab ich denn all das Volk empfangen oder geboren, dass du zu mir sagen könntest: Trag es in deinen Armen, wie eine Amme ein Kind trägt, in das Land, das du ihren Vätern zugeschworen hast?"},{"13":"Woher soll ich Fleisch nehmen, um es all diesem Volk zu geben? Sie weinen vor mir und sprechen: Gib uns Fleisch zu essen."},{"14":"Ich vermag all das Volk nicht allein zu tragen, denn es ist mir zu schwer."},{"15":"Willst du aber doch so mit mir tun, so töte mich lieber, wenn anders ich Gnade vor deinen Augen gefunden habe, damit ich nicht mein Unglück sehen muss."},{"16":"Und der HERR sprach zu Mose: Sammle mir siebzig Männer unter den Ältesten Israels, von denen du weißt, dass sie Älteste im Volk und seine Amtleute sind, und bringe sie vor die Stiftshütte und stelle sie dort vor dich,"},{"17":"so will ich herniederkommen und dort mit dir reden und von deinem Geist, der auf dir ist, nehmen und auf sie legen, damit sie mit dir die Last des Volks tragen und du nicht allein tragen musst."},{"18":"Und zum Volk sollst du sagen: Heiligt euch für morgen, so sollt ihr Fleisch zu essen haben; denn euer Weinen ist vor die Ohren des HERRN gekommen, die ihr sprecht: »Wer gibt uns Fleisch zu essen? Denn es ging uns gut in Ägypten.« Darum wird euch der HERR Fleisch zu essen geben,"},{"19":"nicht nur einen Tag, nicht zwei, nicht fünf, nicht zehn, nicht zwanzig Tage lang,"},{"20":"sondern einen Monat lang, bis ihr's nicht mehr riechen könnt und es euch zum Ekel wird, weil ihr den HERRN verworfen habt, der unter euch ist, und weil ihr vor ihm geweint und gesagt habt: Warum sind wir aus Ägypten gegangen?"},{"21":"Und Mose sprach: Sechshunderttausend Mann Fußvolk sind es, mit denen ich lebe, und du sprichst: Ich will ihnen Fleisch geben, dass sie einen Monat lang zu essen haben."},{"22":"Kann man so viele Schafe und Rinder schlachten, dass es für sie genug sei? Oder kann man alle Fische des Meeres einfangen, dass es für sie genug sei?"},{"23":"Der HERR aber sprach zu Mose: Ist denn die Hand des HERRN zu kurz? Aber du sollst jetzt sehen, ob sich mein Wort an dir erfüllt oder nicht."},{"24":"Und Mose ging heraus und sagte dem Volk die Worte des HERRN und versammelte siebzig Männer aus den Ältesten des Volks und stellte sie rings um die Stiftshütte."},{"25":"Da kam der HERR hernieder in der Wolke und redete mit ihm und nahm von dem Geist, der auf ihm war, und legte ihn auf die siebzig Ältesten. Und als der Geist auf ihnen ruhte, gerieten sie in Verzückung wie Propheten und hörten nicht auf."},{"26":"Es waren aber noch zwei Männer im Lager geblieben; der eine hieß Eldad, der andere Medad. Und der Geist kam über sie, denn sie waren auch aufgeschrieben, jedoch nicht hinausgegangen zu der Stiftshütte, und sie gerieten in Verzückung im Lager."},{"27":"Da lief ein junger Mann hin und sagte es Mose und sprach: Eldad und Medad sind in Verzückung im Lager."},{"28":"Da antwortete Josua, der Sohn Nuns, der dem Mose diente von seiner Jugend an, und sprach: Mose, mein Herr, wehre ihnen!"},{"29":"Aber Mose sprach zu ihm: Eiferst du um meinetwillen? Wollte Gott, dass alle im Volk des HERRN Propheten wären und der HERR seinen Geist über sie kommen ließe!"},{"30":"Darauf kehrte Mose zum Lager zurück mit den Ältesten Israels."},{"31":"Da erhob sich ein Wind, vom HERRN gesandt, und ließ Wachteln kommen vom Meer und ließ sie auf das Lager fallen, eine Tagereise weit rings um das Lager, zwei Ellen hoch auf der Erde."},{"32":"Da machte sich das Volk auf und sammelte Wachteln diesen ganzen Tag und die ganze Nacht und den andern ganzen Tag; und wer am wenigsten sammelte, der sammelte hundert Scheffel. Und sie breiteten sie rings um das Lager aus."},{"33":"Als aber das Fleisch noch zwischen ihren Zähnen war und ehe es ganz aufgebraucht war, da entbrannte der Zorn des HERRN gegen das Volk, und er schlug sie mit einer sehr großen Plage."},{"34":"Daher heißt die Stätte »Lustgräber«, weil man dort das lüsterne Volk begrub."},{"35":"Von den »Lustgräbern« aber zog das Volk weiter nach Hazerot, und sie blieben in Hazerot."}]