[{"1":"Und der HERR redete mit Mose und sprach:"},{"2":"Gebiete den Israeliten, dass sie aus dem Lager schicken alle Aussätzigen und alle, die Eiterfluss haben und die an Toten unrein geworden sind."},{"3":"Männer wie Frauen sollt ihr hinausschicken vor das Lager, dass sie nicht das Lager unrein machen, darin ich unter euch wohne."},{"4":"Und die Israeliten taten so und schickten sie hinaus vor das Lager, wie der HERR zu Mose geredet hatte."},{"5":"Und der HERR redete mit Mose und sprach:"},{"6":"Sage den Israeliten: Wenn ein Mann oder eine Frau irgendeine Sünde gegen einen Menschen tut und sich damit an dem HERRN versündigt, so liegt eine Schuld auf ihnen."},{"7":"Und sie sollen ihre Sünde bekennen, die sie getan haben, und sollen ihre Schuld voll erstatten und darüber hinaus den fünften Teil dazutun und dem geben, an dem sie sich verschuldet haben."},{"8":"Ist aber niemand da, dem man's erstatten kann, so soll man's dem HERRN geben für den Priester zusammen mit dem Widder der Versöhnung, mit dem der Priester für ihn die Sühnung vollzieht."},{"9":"Desgleichen sollen alle Abgaben von allen heiligen Gaben der Israeliten, die sie dem Priester bringen, dem Priester gehören."},{"10":"Und was jemand heiligt, das soll ihm gehören; aber was jemand dem Priester gibt, das soll diesem gehören."},{"11":"Und der HERR redete mit Mose und sprach:"},{"12":"Sage den Israeliten und sprich zu ihnen: Wenn irgendeines Mannes Frau ihm untreu wird und sich an ihm versündigt"},{"13":"und jemand bei ihr liegt und es bliebe dem Mann verborgen und es würde nicht entdeckt, dass sie unrein geworden ist, und es ist kein Zeuge wider sie da, denn sie ist nicht dabei ergriffen worden,"},{"14":"und der Geist der Eifersucht kommt über ihn, dass er auf seine Frau eifersüchtig wird, sie sei unrein oder nicht unrein:"},{"15":"so soll der Mann sie zum Priester bringen und ein Opfer ihretwegen darbringen, ein zehntel Scheffel Gerstenmehl, und er soll kein Öl daraufgießen noch Weihrauch darauftun. Denn es ist ein Eifersuchtsopfer, ein Erinnerungsopfer, das Schuld ans Licht bringt."},{"16":"Und der Priester soll sie heranführen und vor den HERRN stellen"},{"17":"und heiliges Wasser nehmen in ein irdenes Gefäß und Staub vom Boden der Stiftshütte ins Wasser tun."},{"18":"Und er soll die Frau vor den HERRN stellen und ihr Haupthaar lösen und das Erinnerungsopfer, das ein Eifersuchtsopfer ist, auf ihre Hand legen. Und der Priester soll in seiner Hand das bittere, fluchbringende Wasser haben"},{"19":"und soll die Frau beschwören und zu ihr sagen: Hat kein Mann bei dir gelegen und bist du deinem Mann nicht untreu geworden, dass du dich unrein gemacht hast, so soll dir dies bittere, fluchbringende Wasser nicht schaden."},{"20":"Wenn du aber deinem Mann untreu geworden bist, dass du unrein wurdest, und hat jemand bei dir gelegen außer deinem Mann, –"},{"21":"so soll der Priester mit einem Verwünschungsschwur die Frau beschwören und zu ihr sagen: Der HERR mache deinen Namen zum Fluch und zur Verwünschung unter deinem Volk, dadurch, dass der HERR deine Hüfte schwinden und deinen Bauch schwellen lässt."},{"22":"So gehe nun das fluchbringende Wasser in deinen Leib, dass dein Bauch schwelle und deine Hüfte schwinde! Und die Frau soll sagen: Amen! Amen!"},{"23":"Dann soll der Priester diese Flüche auf einen Zettel schreiben und mit dem bitteren Wasser abwaschen"},{"24":"und soll der Frau von dem bitteren, fluchbringenden Wasser zu trinken geben. Und wenn das fluchbringende, bittere Wasser in sie gegangen ist,"},{"25":"soll der Priester von ihrer Hand das Eifersuchtsopfer nehmen und als Speisopfer vor dem HERRN schwingen und auf dem Altar opfern, nämlich:"},{"26":"er soll eine Handvoll vom Speisopfer nehmen als Gedenkopfer und es auf dem Altar in Rauch aufgehen lassen und danach der Frau das Wasser zu trinken geben."},{"27":"Und wenn sie das Wasser getrunken hat und unrein ist und sich an ihrem Mann versündigt hat, so wird das fluchbringende Wasser in sie gehen und ihr zum Verderben werden, dass ihr der Bauch schwellen und die Hüfte schwinden wird, und es wird die Frau zum Fluch werden unter ihrem Volk."},{"28":"Hat sich aber eine solche Frau nicht unrein gemacht, sondern ist sie rein, so wird's ihr nicht schaden und sie kann schwanger werden."},{"29":"Das also ist die Ordnung bei Eifersucht: Wenn eine Frau ihrem Mann untreu ist und unrein wird"},{"30":"oder wenn der Geist der Eifersucht über einen Mann kommt und er auf seine Frau eifersüchtig wird, so stelle er sie vor den HERRN und der Priester tue mit ihr alles nach diesem Gesetz."},{"31":"Und der Mann soll frei sein von Schuld; aber die Frau soll ihre Schuld tragen."}]