[{"1":"Und der HERR redete mit Mose in der Wüste Sinai im zweiten Jahr, nachdem sie aus Ägyptenland gezogen waren, im ersten Monat und sprach:"},{"2":"Lass die Israeliten Passa halten zur festgesetzten Zeit;"},{"3":"am vierzehnten Tage dieses Monats gegen Abend zur festgesetzten Zeit sollt ihr es halten nach all seinen Satzungen und Ordnungen."},{"4":"Und Mose redete mit den Israeliten, dass sie das Passa hielten."},{"5":"Und sie hielten Passa am vierzehnten Tage des ersten Monats gegen Abend in der Wüste Sinai; ganz wie der HERR es Mose geboten hatte, so taten die Israeliten."},{"6":"Da waren einige Männer unrein geworden an einem toten Menschen, sodass sie nicht Passa halten konnten an diesem Tage. Die traten vor Mose und Aaron am selben Tage"},{"7":"und sprachen zu ihm: Wir sind unrein geworden an einem toten Menschen. Warum sollen wir ausgeschlossen sein und unsere Gabe nicht dem HERRN bringen dürfen zur festgesetzten Zeit mit den Israeliten?"},{"8":"Mose sprach zu ihnen: Wartet, ich will hören, was euch der HERR gebietet."},{"9":"Und der HERR redete mit Mose und sprach:"},{"10":"Sage den Israeliten: Wenn jemand unter euch oder unter euren Nachkommen unrein geworden ist an einem Toten oder auf einer weiten Reise ist, so soll er dennoch dem HERRN Passa halten,"},{"11":"aber erst im zweiten Monat am vierzehnten Tage gegen Abend, und soll es mit ungesäuertem Brot und bitteren Kräutern essen."},{"12":"Und sie sollen nichts davon übrig lassen bis zum Morgen, auch keinen Knochen davon zerbrechen und sollen's ganz nach der Ordnung des Passa halten."},{"13":"Wer aber rein ist und wer nicht auf einer Reise ist und unterlässt es, das Passa zu halten, der soll ausgerottet werden aus seinem Volk, weil er seine Gabe nicht zur festgesetzten Zeit dem HERRN gebracht hat. Er soll seine Sünde tragen."},{"14":"Und wenn ein Fremdling bei euch wohnt und auch dem HERRN Passa halten will, so soll er's halten nach der Satzung und der Ordnung des Passa. Einerlei Satzung soll bei euch sein für den Fremdling wie für den Einheimischen."},{"15":"Und an dem Tage, da die Wohnung aufgerichtet wurde, bedeckte eine Wolke die Wohnung, die Hütte des Zeugnisses, und vom Abend bis zum Morgen stand sie über der Wohnung wie ein feuriger Schein."},{"16":"So geschah es die ganze Zeit, dass die Wolke sie bedeckte und bei Nacht ein feuriger Schein."},{"17":"Sooft sich aber die Wolke von dem Zelt erhob, brachen die Israeliten auf; und wo die Wolke sich niederließ, da lagerten sich die Israeliten."},{"18":"Nach dem Wort des HERRN brachen sie auf, und nach seinem Wort lagerten sie sich. Solange die Wolke auf der Wohnung blieb, so lange lagerten sie."},{"19":"Und wenn die Wolke viele Tage stehen blieb über der Wohnung, so beachteten die Israeliten die Weisung des HERRN und zogen nicht weiter."},{"20":"Und wenn die Wolke auf der Wohnung nur wenige Tage blieb, so lagerten sie sich nach dem Wort des HERRN und brachen auf nach dem Wort des HERRN."},{"21":"Wenn die Wolke da war vom Abend bis zum Morgen und sich dann erhob, so zogen sie weiter; oder wenn sie sich bei Tage oder bei Nacht erhob, so brachen sie auch auf."},{"22":"Wenn sie aber zwei Tage oder einen Monat oder noch länger auf der Wohnung blieb, so lagerten die Israeliten und zogen nicht weiter; und wenn sie sich dann erhob, so brachen sie auf."},{"23":"Denn nach des HERRN Befehl lagerten sie sich, und nach des HERRN Befehl brachen sie auf und beachteten so die Weisung des HERRN, wie er sie durch Mose geboten hatte."}]