[{"1":"Und die Töchter Zelofhads, des Sohnes Hefers, des Sohnes Gileads, des Sohnes Machirs, des Sohnes Manasses, von den Geschlechtern Manasses, des Sohnes Josefs, mit Namen Machla, Noa, Hogla, Milka und Tirza kamen herzu"},{"2":"und traten vor Mose und vor Eleasar, den Priester, und vor die Stammesfürsten und die ganze Gemeinde vor den Eingang der Stiftshütte und sprachen:"},{"3":"Unser Vater ist gestorben in der Wüste und war nicht unter denen, die sich gegen den HERRN empörten, unter der Rotte Korach, sondern ist um seiner eigenen Sünde willen gestorben und hatte keine Söhne."},{"4":"Warum soll denn unseres Vaters Name in seinem Geschlecht untergehen, weil er keinen Sohn hat? Gebt uns auch ein Erbteil unter den Brüdern unseres Vaters."},{"5":"Mose brachte ihre Sache vor den HERRN."},{"6":"Und der HERR sprach zu ihm:"},{"7":"Die Töchter Zelofhads haben recht geredet. Du sollst ihnen ein Erbteil unter den Brüdern ihres Vaters geben und sollst ihres Vaters Erbe ihnen zuwenden."},{"8":"Und sage den Israeliten: Wenn jemand stirbt und keinen Sohn hat, so sollt ihr sein Erbe seiner Tochter zuwenden."},{"9":"Hat er keine Tochter, sollt ihr's seinen Brüdern geben."},{"10":"Hat er keine Brüder, sollt ihr's den Brüdern seines Vaters geben."},{"11":"Hat sein Vater keine Brüder, sollt ihr's seinen nächsten Verwandten geben, die ihm angehören in seinem Geschlecht, damit sie es in Besitz nehmen. Das soll den Israeliten Gesetz und Recht sein, wie der HERR dem Mose geboten hat."},{"12":"Und der HERR sprach zu Mose: Steig auf dies Gebirge Abarim und sieh auf das Land, das ich den Israeliten geben werde."},{"13":"Und wenn du es gesehen hast, sollst du auch zu deinen Vätern versammelt werden, wie dein Bruder Aaron zu ihnen versammelt ist,"},{"14":"weil ihr meinem Wort ungehorsam gewesen seid in der Wüste Zin, als die Gemeinde haderte und ihr mich vor ihnen heiligen solltet durch das Wasser. Das ist das Haderwasser zu Kadesch in der Wüste Zin."},{"15":"Und Mose redete mit dem HERRN und sprach:"},{"16":"Der HERR, der Gott des Lebensgeistes für alles Fleisch, wolle einen Mann setzen über die Gemeinde,"},{"17":"der vor ihnen her aus und ein geht und sie aus und ein führt, damit die Gemeinde des HERRN nicht sei wie die Schafe ohne Hirten."},{"18":"Und der HERR sprach zu Mose: Nimm Josua zu dir, den Sohn Nuns, einen Mann, in dem der Geist ist, und lege deine Hände auf ihn;"},{"19":"und lass ihn treten vor den Priester Eleasar und vor die ganze Gemeinde und bestelle ihn vor ihren Augen"},{"20":"und lege von deiner Herrlichkeit auf ihn, damit ihm gehorche die ganze Gemeinde der Israeliten."},{"21":"Und er soll treten vor Eleasar, den Priester, der soll für ihn mit den heiligen Losen den HERRN befragen. Nach dessen Befehl sollen aus- und einziehen er und alle Israeliten mit ihm und die ganze Gemeinde."},{"22":"Mose tat, wie ihm der HERR geboten hatte, und nahm Josua und ließ ihn treten vor den Priester Eleasar und vor die ganze Gemeinde"},{"23":"und legte seine Hand auf ihn und bestellte ihn, wie der HERR durch Mose geredet hatte."}]