[{"1":"Und der HERR redete mit Mose und sprach:"},{"2":"Sende Männer aus, die das Land Kanaan erkunden, das ich den Israeliten geben will, aus jedem Stamm ihrer Väter je einen vornehmen Mann."},{"3":"Da sandte sie Mose aus der Wüste Paran nach dem Wort des HERRN. Allesamt waren sie Häupter der Israeliten."},{"4":"Und sie hießen: Schammua, der Sohn Sakkurs, vom Stamme Ruben;"},{"5":"Schafat, der Sohn Horis, vom Stamme Simeon;"},{"6":"Kaleb, der Sohn Jefunnes, vom Stamme Juda;"},{"7":"Jigal, der Sohn Josefs, vom Stamme Issachar;"},{"8":"Hoschea, der Sohn Nuns, vom Stamme Ephraim;"},{"9":"Palti, der Sohn Rafus, vom Stamme Benjamin;"},{"10":"Gaddiël, der Sohn Sodis, vom Stamme Sebulon;"},{"11":"Gaddi, der Sohn Susis, vom Stamme Josef, von Manasse;"},{"12":"Ammiël, der Sohn Gemallis, vom Stamme Dan;"},{"13":"Setur, der Sohn Michaels, vom Stamme Asser;"},{"14":"Nachbi, der Sohn Wofsis, vom Stamme Naftali;"},{"15":"Gëuël, der Sohn Machis, vom Stamme Gad."},{"16":"Das sind die Namen der Männer, die Mose aussandte, um das Land zu erkunden. Aber Hoschea, den Sohn Nuns, nannte Mose Josua."},{"17":"Als sie nun Mose aussandte, das Land Kanaan zu erkunden, sprach er zu ihnen: Zieht da hinauf ins Südland und geht auf das Gebirge"},{"18":"und seht euch das Land an, wie es ist, und das Volk, das darin wohnt, ob's stark oder schwach, wenig oder viel ist;"},{"19":"und was es für ein Land ist, darin sie wohnen, ob's gut oder schlecht ist; und was es für Städte sind, in denen sie wohnen, ob sie in Zeltdörfern oder festen Städten wohnen;"},{"20":"und wie der Boden ist, ob fett oder mager, und ob Bäume da sind oder nicht. Seid mutig und bringt mit von den Früchten des Landes. Es war aber eben um die Zeit der ersten Weintrauben."},{"21":"Und sie gingen hinauf und erkundeten das Land von der Wüste Zin bis nach Rehob, von wo es nach Hamat geht."},{"22":"Sie gingen hinauf ins Südland und kamen bis nach Hebron; da lebten Ahiman, Scheschai und Talmai, die Söhne Anaks. Hebron aber war erbaut worden sieben Jahre vor Zoan in Ägypten."},{"23":"Und sie kamen bis an den Bach Eschkol und schnitten dort eine Rebe ab mit einer Weintraube und trugen sie zu zweien auf einer Stange, dazu auch Granatäpfel und Feigen."},{"24":"Der Ort heißt Bach Eschkol nach der Traube, die die Israeliten dort abgeschnitten hatten."},{"25":"Und nach vierzig Tagen, als sie das Land erkundet hatten, kehrten sie um,"},{"26":"gingen hin und kamen zu Mose und Aaron und zu der ganzen Gemeinde der Israeliten in die Wüste Paran nach Kadesch und brachten ihnen und der ganzen Gemeinde Kunde, wie es stand, und ließen sie die Früchte des Landes sehen."},{"27":"Und sie erzählten ihnen und sprachen: Wir sind in das Land gekommen, in das ihr uns sandtet; und wahrlich, Milch und Honig fließen darin, und dies sind seine Früchte."},{"28":"Aber stark ist das Volk, das darin wohnt, und die Städte sind befestigt und sehr groß; und wir sahen dort auch Anaks Söhne."},{"29":"Es wohnen die Amalekiter im Südland, die Hetiter und Jebusiter und Amoriter wohnen auf dem Gebirge, die Kanaaniter aber wohnen am Meer und am Jordan."},{"30":"Kaleb aber brachte das Volk vor Mose zum Schweigen und sprach: Lasst uns hinaufziehen und das Land einnehmen, denn wir können es überwältigen."},{"31":"Aber die Männer, die mit ihm hinaufgezogen waren, sprachen: Wir vermögen nicht hinaufzuziehen gegen dies Volk, denn sie sind uns zu stark."},{"32":"Und sie brachten über das Land, das sie erkundet hatten, ein böses Gerücht auf unter den Israeliten und sprachen: Das Land, durch das wir gegangen sind, um es zu erkunden, frisst seine Bewohner, und alles Volk, das wir darin sahen, sind Leute von hohem Wuchs."},{"33":"Wir sahen dort auch Riesen, Anaks Söhne aus dem Geschlecht der Riesen, und wir waren in unsern Augen klein wie Heuschrecken und waren es auch in ihren Augen."}]