[{"1":"Und als der König von Arad, der Kanaaniter, der im Südland wohnte, hörte, dass Israel herankam auf dem Wege von Atarim, zog er in den Kampf gegen Israel und führte etliche gefangen."},{"2":"Da gelobte Israel dem HERRN ein Gelübde und sprach: Wenn du dies Volk in meine Hand gibst, so will ich an ihren Städten den Bann vollstrecken."},{"3":"Und der HERR hörte auf die Stimme Israels und gab die Kanaaniter in ihre Hand, und sie vollstreckten den Bann an ihnen und ihren Städten, und man nannte die Gegend Horma."},{"4":"Da brachen sie auf von dem Berge Hor in Richtung auf das Schilfmeer, um das Land der Edomiter zu umgehen. Und das Volk wurde verdrossen auf dem Wege"},{"5":"und redete wider Gott und wider Mose: Warum habt ihr uns aus Ägypten geführt, dass wir sterben in der Wüste? Denn es ist kein Brot noch Wasser hier, und uns ekelt vor dieser mageren Speise."},{"6":"Da sandte der HERR feurige Schlangen unter das Volk; die bissen das Volk, dass viele aus Israel starben."},{"7":"Da kamen sie zu Mose und sprachen: Wir haben gesündigt, dass wir wider den HERRN und wider dich geredet haben. Bitte den HERRN, dass er die Schlangen von uns nehme. Und Mose bat für das Volk."},{"8":"Da sprach der HERR zu Mose: Mache dir eine eherne Schlange und richte sie an einer Stange hoch auf. Wer gebissen ist und sieht sie an, der soll leben."},{"9":"Da machte Mose eine eherne Schlange und richtete sie hoch auf. Und wenn jemanden eine Schlange biss, so sah er die eherne Schlange an und blieb leben."},{"10":"Und die Israeliten zogen weiter und lagerten sich in Obot."},{"11":"Und von Obot zogen sie weiter und lagerten sich in Ije-Abarim, in der Wüste östlich von Moab."},{"12":"Von da zogen sie weiter und lagerten sich am Bach Sered."},{"13":"Von da zogen sie weiter und lagerten sich in der Wüste südlich des Arnon, der im Gebiet der Amoriter entspringt; denn der Arnon ist die Grenze Moabs zwischen Moab und den Amoritern."},{"14":"Daher heißt es in dem Buch von den Kriegen des HERRN: »Bei Waheb in Sufa und bei den Bächen am Arnon"},{"15":"und bei dem Abhang der Bäche, der sich hinzieht zur Stadt Ar und sich lehnt an die Grenze Moabs.«"},{"16":"Und von da zogen sie nach Beer. Das ist der Brunnen, von dem der HERR zu Mose sagte: Versammle das Volk, ich will ihnen Wasser geben."},{"17":"Damals sang Israel dies Lied: Brunnen, steige auf! Singet von ihm:"},{"18":"Einen Brunnen haben die Fürsten gegraben; die Edlen im Volk haben ihn gegraben mit dem Zepter, mit ihren Stäben. Und von Beer zogen sie nach Mattana"},{"19":"und von Mattana nach Nahaliël; und von Nahaliël nach Bamot;"},{"20":"und von Bamot in das Tal, das im Feld von Moab liegt bei dem Gipfel des Pisga, der hinunterblickt auf das Jordantal."},{"21":"Und Israel sandte Boten zu Sihon, dem König der Amoriter, und ließ ihm sagen:"},{"22":"Lass mich durch dein Land ziehen. Wir wollen nicht abbiegen in die Äcker noch in die Weingärten, wollen auch vom Brunnenwasser nicht trinken; die Königsstraße wollen wir ziehen, bis wir durch dein Gebiet hindurchgekommen sind."},{"23":"Aber Sihon gestattete den Israeliten nicht den Zug durch sein Gebiet, sondern sammelte sein ganzes Kriegsvolk und zog aus, Israel entgegen in die Wüste. Und als er nach Jahaz kam, kämpfte er gegen Israel."},{"24":"Israel aber schlug ihn mit der Schärfe des Schwerts und nahm sein Land ein vom Arnon bis an den Jabbok und bis zu den Ammonitern; das Gebiet der Ammoniter aber reichte bis Jaser."},{"25":"So nahm Israel alle diese Städte ein und wohnte in allen Städten der Amoriter, in Heschbon und in allen seinen Ortschaften."},{"26":"Denn Heschbon war die Stadt Sihons, des Königs der Amoriter. Er hatte mit dem früheren König der Moabiter gekämpft und ihm all sein Land bis zum Arnon weggenommen."},{"27":"Daher sagen die Spruchdichter: Kommt nach Heschbon, dass man die Stadt Sihons baue und aufrichte."},{"28":"Ja, Feuer ist aus Heschbon gefahren, eine Flamme von der Stadt Sihons; die hat gefressen Ar in Moab und verzehrt die Höhen am Arnon."},{"29":"Weh dir, Moab! Du Volk des Kemosch bist verloren! Man hat seine Söhne in die Flucht geschlagen und seine Töchter gefangen geführt zu Sihon, dem König der Amoriter."},{"30":"Seine Herrlichkeit ist zunichtegeworden von Heschbon bis nach Dibon, sie ist zerstört bis nach Nofach, bis nach Medeba."},{"31":"So wohnte Israel im Lande der Amoriter."},{"32":"Und Mose sandte Kundschafter aus nach Jaser; und sie eroberten es mit seinen Ortschaften und vertrieben die Amoriter, die darin waren,"},{"33":"und wandten sich und zogen hinauf den Weg nach Baschan. Da zog ihnen entgegen Og, der König von Baschan, mit seinem ganzen Kriegsvolk, um bei Edreï zu kämpfen."},{"34":"Und der HERR sprach zu Mose: Fürchte dich nicht vor ihm, denn ich habe ihn in deine Hand gegeben mit Land und Leuten, und du sollst mit ihm tun, wie du mit Sihon, dem König der Amoriter, getan hast, der in Heschbon wohnte."},{"35":"Und sie schlugen ihn und seine Söhne und sein ganzes Kriegsvolk, bis keiner mehr übrig blieb, und nahmen das Land ein."}]