[{"1":"Und die ganze Gemeinde der Israeliten kam in die Wüste Zin im ersten Monat, und das Volk lagerte sich in Kadesch. Und Mirjam starb dort und wurde dort begraben."},{"2":"Und die Gemeinde hatte kein Wasser, und sie versammelten sich gegen Mose und Aaron."},{"3":"Und das Volk haderte mit Mose und sprach: Ach dass wir umgekommen wären, als unsere Brüder umkamen vor dem HERRN!"},{"4":"Warum habt ihr die Gemeinde des HERRN in diese Wüste gebracht, dass wir hier sterben mit unserm Vieh?"},{"5":"Und warum habt ihr uns aus Ägypten geführt an diesen bösen Ort, wo man nicht säen kann, wo weder Feigen noch Weinstöcke noch Granatäpfel sind und auch kein Wasser zum Trinken ist?"},{"6":"Da gingen Mose und Aaron von der Gemeinde hinweg zum Eingang der Stiftshütte und fielen auf ihr Angesicht, und die Herrlichkeit des HERRN erschien ihnen."},{"7":"Und der HERR redete mit Mose und sprach:"},{"8":"Nimm den Stab und versammle die Gemeinde, du und dein Bruder Aaron, und redet zu dem Felsen vor ihren Augen; der wird sein Wasser geben. So sollst du ihnen Wasser aus dem Felsen hervorbringen und die Gemeinde tränken und ihr Vieh."},{"9":"Da nahm Mose den Stab, der vor dem HERRN lag, wie er ihm geboten hatte."},{"10":"Und Mose und Aaron versammelten die Gemeinde vor dem Felsen, und er sprach zu ihnen: Höret, ihr Ungehorsamen, werden wir euch wohl Wasser hervorbringen können aus diesem Felsen?"},{"11":"Und Mose erhob seine Hand und schlug den Felsen mit dem Stab zweimal. Da kam viel Wasser heraus, sodass die Gemeinde trinken konnte und ihr Vieh."},{"12":"Der HERR aber sprach zu Mose und Aaron: Weil ihr nicht an mich geglaubt habt und mich nicht geheiligt habt vor den Israeliten, darum sollt ihr diese Gemeinde nicht ins Land bringen, das ich ihnen geben werde."},{"13":"Das ist das Haderwasser, wo die Israeliten mit dem HERRN haderten und er sich heilig an ihnen erwies."},{"14":"Und Mose sandte Botschaft aus Kadesch zu dem König der Edomiter: So lässt dir dein Bruder Israel sagen: Du kennst all die Mühsal, die uns betroffen hat,"},{"15":"dass unsere Väter nach Ägypten hinabgezogen sind und wir lange Zeit in Ägypten gewohnt haben und dass die Ägypter uns und unsere Väter schlecht behandelt haben."},{"16":"Und wir schrien zu dem HERRN; der hat unsere Stimme gehört und einen Engel gesandt und uns aus Ägypten geführt. Und siehe, wir sind in Kadesch, einer Stadt an deiner Grenze."},{"17":"Lass uns durch dein Land ziehen. Wir wollen nicht durch Äcker oder Weinberge gehen, auch nicht Wasser aus den Brunnen trinken. Die Königsstraße wollen wir ziehen, weder zur Rechten noch zur Linken weichen, bis wir durch dein Gebiet hindurchgekommen sind."},{"18":"Edom aber sprach zu ihnen: Du sollst nicht hindurchziehen oder ich werde dir mit dem Schwert entgegenziehen."},{"19":"Die Israeliten sprachen zu ihm: Wir wollen auf der gebahnten Straße ziehen, und wenn wir von deinem Wasser trinken, wir und unser Vieh, so wollen wir's bezahlen. Wir wollen nichts als nur zu Fuß hindurchziehen."},{"20":"Er aber sprach: Du sollst nicht hindurchziehen. Und die Edomiter zogen aus, ihnen entgegen, mit mächtigem Heer und starker Hand."},{"21":"So weigerten sich die Edomiter, Israel zu gestatten, durch ihr Gebiet zu ziehen. Und Israel wich ihnen aus."},{"22":"Und die Israeliten brachen auf von Kadesch und kamen mit der ganzen Gemeinde an den Berg Hor."},{"23":"Und der HERR redete mit Mose und Aaron am Berge Hor an der Grenze des Landes der Edomiter und sprach:"},{"24":"Aaron soll versammelt werden zu seinen Vätern; denn er soll nicht in das Land kommen, das ich den Israeliten gegeben habe, weil ihr meinem Munde ungehorsam gewesen seid bei dem Haderwasser."},{"25":"Nimm aber Aaron und seinen Sohn Eleasar und führe sie auf den Berg Hor"},{"26":"und zieh Aaron seine Kleider aus und zieh sie seinem Sohn Eleasar an. Und Aaron soll dort zu seinen Vätern versammelt werden und sterben."},{"27":"Da tat Mose, wie ihm der HERR geboten hatte, und sie stiegen auf den Berg Hor vor der ganzen Gemeinde."},{"28":"Und Mose zog Aaron seine Kleider aus und zog sie seinem Sohn Eleasar an. Und Aaron starb dort oben auf dem Berge. Mose aber und Eleasar stiegen herab vom Berge."},{"29":"Und als die ganze Gemeinde sah, dass Aaron tot war, beweinten sie ihn dreißig Tage, das ganze Haus Israel."}]