[{"1":"Und der HERR redete mit Mose und sprach:"},{"2":"Gebiete den Israeliten und sprich zu ihnen: Ihr sollt achthaben, dass ihr zur rechten Zeit meine Opfergabe darbringt als Feueropferspeise mir zum lieblichen Geruch."},{"3":"Und sprich zu ihnen: Dies ist das Feueropfer, das ihr dem HERRN opfern sollt: einjährige Lämmer, die ohne Fehler sind, täglich zwei zum täglichen Brandopfer,"},{"4":"ein Lamm am Morgen, das andere gegen Abend;"},{"5":"dazu ein zehntel Scheffel feines Mehl zum Speisopfer, mit Öl vermengt, das gestoßen ist, eine viertel Kanne."},{"6":"Das ist das tägliche Brandopfer, das ihr am Berge Sinai geopfert habt zum lieblichen Geruch, ein Feueropfer ist es für den HERRN."},{"7":"Dazu sein Trankopfer zu je einem Lamm eine viertel Kanne. Im Heiligtum soll man den Wein des Trankopfers dem HERRN darbringen."},{"8":"Das andere Lamm sollst du gegen Abend zurichten. Mit einem Speisopfer wie am Morgen und mit seinem Trankopfer sollst du es zurichten als Feueropfer für den HERRN zum lieblichen Geruch."},{"9":"Am Sabbattag aber zwei einjährige Lämmer ohne Fehler und zwei Zehntel feines Mehl zum Speisopfer, mit Öl vermengt, und sein Trankopfer."},{"10":"Das ist das Brandopfer an jedem Sabbat über das tägliche Brandopfer und sein Trankopfer hinaus."},{"11":"Aber am ersten Tage eurer Monate sollt ihr dem HERRN ein Brandopfer opfern: zwei junge Stiere, einen Widder, sieben einjährige Lämmer ohne Fehler"},{"12":"und je drei Zehntel feines Mehl zum Speisopfer, mit Öl vermengt, zu je einem jungen Stier und zwei Zehntel feines Mehl zum Speisopfer, mit Öl vermengt, zu dem einen Widder"},{"13":"und je ein Zehntel feines Mehl zum Speisopfer, mit Öl vermengt, zu je einem Lamm. Das ist ein Brandopfer, ein lieblicher Geruch, ein Feueropfer für den HERRN."},{"14":"Und was dazugehört an Trankopfern, soll sein: eine halbe Kanne Wein zu je einem jungen Stier, eine drittel Kanne zum Widder, eine viertel Kanne zu je einem Lamm. Das ist das Brandopfer zum Neumond eines jeden Monats im Jahr."},{"15":"Dazu soll man einen Ziegenbock dem HERRN zum Sündopfer zurichten über das tägliche Brandopfer und sein Trankopfer hinaus."},{"16":"Aber am vierzehnten Tag des ersten Monats ist das Passa für den HERRN."},{"17":"Und am fünfzehnten Tage desselben Monats ist ein Fest. Sieben Tage soll man ungesäuertes Brot essen."},{"18":"Am ersten Tag soll heilige Versammlung sein; da sollt ihr keine Dienstarbeit tun"},{"19":"und sollt dem HERRN Brandopfer darbringen: zwei junge Stiere, einen Widder, sieben einjährige Lämmer ohne Fehler"},{"20":"samt ihrem Speisopfer: drei Zehntel feines Mehl, mit Öl vermengt, zu je einem jungen Stier und zwei Zehntel zu dem Widder"},{"21":"und je ein Zehntel auf ein Lamm unter den sieben Lämmern,"},{"22":"dazu einen Bock zum Sündopfer, um für euch Sühne zu schaffen."},{"23":"Und ihr sollt das alles darbringen über das Brandopfer am Morgen hinaus, welches das tägliche Brandopfer ist."},{"24":"Nach dieser Weise sollt ihr täglich sieben Tage lang die Speise zurichten als Feueropferspeise zum lieblichen Geruch für den HERRN, über das tägliche Brandopfer und sein Trankopfer hinaus."},{"25":"Am siebenten Tag aber soll heilige Versammlung sein; da sollt ihr keine Dienstarbeit tun."},{"26":"Und am Tag der Erstlinge, wenn ihr das neue Speisopfer dem HERRN opfert, an eurem Wochenfest, soll heilige Versammlung sein; da sollt ihr keine Dienstarbeit tun."},{"27":"Und ihr sollt dem HERRN als Brandopfer darbringen zum lieblichen Geruch: zwei junge Stiere, einen Widder, sieben einjährige Lämmer"},{"28":"samt ihrem Speisopfer: drei Zehntel feines Mehl, mit Öl vermengt, zu je einem jungen Stier, zwei Zehntel zu dem Widder"},{"29":"und je ein Zehntel zu je einem Lamm von den sieben Lämmern"},{"30":"und einen Ziegenbock, um für euch Sühne zu schaffen."},{"31":"Das alles sollt ihr darbringen über das tägliche Brandopfer und sein Speisopfer hinaus. Ohne Fehler soll's sein, dazu ihre Trankopfer."}]