[{"1":"Wenn jemand eine Frau zur Ehe nimmt und sie nicht Gnade findet vor seinen Augen, weil er etwas Schändliches an ihr gefunden hat, und er einen Scheidebrief schreibt und ihr in die Hand gibt und sie aus seinem Hause entlässt"},{"2":"und wenn sie dann aus seinem Hause gegangen ist und hingeht und wird eines andern Frau"},{"3":"und dieser andere Mann ihrer auch überdrüssig wird und einen Scheidebrief schreibt und ihr in die Hand gibt und sie aus seinem Hause entlässt oder wenn dieser andere Mann stirbt, der sie sich zur Frau genommen hatte,"},{"4":"so kann sie ihr erster Mann, der sie entließ, nicht wieder zur Frau nehmen, nachdem sie unrein geworden ist – denn solches ist ein Gräuel vor dem HERRN –, auf dass du nicht Sünde über das Land bringst, das dir der HERR, dein Gott, zum Erbe gegeben hat."},{"5":"Wenn jemand sich kurz vorher eine Frau genommen hat, soll er nicht mit dem Heer ausziehen, und man soll ihm nichts auferlegen. Er soll frei in seinem Hause sein ein Jahr lang, dass er fröhlich sei mit seiner Frau, die er genommen hat."},{"6":"Du sollst nicht zum Pfande nehmen den unteren und oberen Mühlstein; denn damit hättest du das Leben zum Pfand genommen."},{"7":"Wenn jemand ergriffen wird, der von seinen Brüdern, den Israeliten, einen Menschen raubt und ihn gewalttätig behandelt oder ihn verkauft: Solch ein Dieb soll sterben, dass du das Böse aus deiner Mitte wegtust."},{"8":"Hüte dich beim Auftreten von Aussatz, dass du alles genau hältst und tust, was euch die levitischen Priester lehren; wie ich ihnen geboten habe, so sollt ihr's halten und danach tun."},{"9":"Bedenke, was der HERR, dein Gott, mit Mirjam tat auf dem Wege, als ihr aus Ägypten zogt."},{"10":"Wenn du deinem Nächsten irgendetwas borgst, so sollst du nicht in sein Haus gehen und ihm ein Pfand nehmen,"},{"11":"sondern du sollst draußen stehen und er, dem du borgst, soll sein Pfand zu dir herausbringen."},{"12":"Ist er aber bedürftig, so sollst du dich nicht schlafen legen mit seinem Pfand,"},{"13":"sondern sollst ihm sein Pfand wiedergeben, wenn die Sonne untergeht, dass er in seinem Mantel schlafe und dich segne. So wird das deine Gerechtigkeit sein vor dem HERRN, deinem Gott."},{"14":"Dem Tagelöhner, der bedürftig und arm ist, sollst du seinen Lohn nicht vorenthalten, er sei von deinen Brüdern oder den Fremdlingen, die in deinem Land und in deinen Städten sind,"},{"15":"sondern du sollst ihm seinen Lohn am selben Tage geben, dass die Sonne nicht darüber untergehe – denn er ist bedürftig und verlangt danach –, damit er nicht wider dich den HERRN anrufe und es dir zur Sünde werde."},{"16":"Die Väter sollen nicht für die Kinder noch die Kinder für die Väter sterben, sondern ein jeder soll für seine Sünde sterben."},{"17":"Du sollst das Recht des Fremdlings und der Waise nicht beugen und sollst der Witwe nicht das Kleid zum Pfand nehmen."},{"18":"Denn du sollst daran denken, dass du Knecht in Ägypten gewesen bist und der HERR, dein Gott, dich von dort erlöst hat. Darum gebiete ich dir, dass du solches tust."},{"19":"Wenn du auf deinem Acker geerntet und eine Garbe vergessen hast auf dem Acker, so sollst du nicht umkehren, sie zu holen, sondern sie soll dem Fremdling, der Waise und der Witwe zufallen, auf dass dich der HERR, dein Gott, segne in allen Werken deiner Hände."},{"20":"Wenn du deine Ölbäume geschüttelt hast, so sollst du nicht die Zweige absuchen; es soll dem Fremdling, der Waise und der Witwe zufallen."},{"21":"Wenn du deinen Weinberg abgelesen hast, so sollst du nicht nachlesen; es soll dem Fremdling, der Waise und der Witwe zufallen."},{"22":"Denn du sollst daran denken, dass du Knecht in Ägyptenland gewesen bist. Darum gebiete ich dir, dass du solches tust."}]