[{"1":"Dann wandten wir uns und zogen wieder in die Wüste auf der Straße zum Schilfmeer, wie der HERR zu mir gesagt hatte, und umzogen das Gebirge Seïr eine lange Zeit."},{"2":"Und der HERR sprach zu mir:"},{"3":"Ihr habt dies Gebirge lange genug umzogen; wendet euch nach Norden."},{"4":"Und gebiete dem Volk und sprich: Ihr werdet durch das Land eurer Brüder, der Söhne Esau, ziehen, die auf dem Seïr wohnen, und sie werden sich vor euch fürchten. Da hütet euch nun sehr!"},{"5":"Fangt keinen Krieg mit ihnen an, denn ich werde euch von ihrem Lande nicht einen Fußbreit geben, denn das Gebirge Seïr habe ich den Söhnen Esau zum Besitz gegeben."},{"6":"Speise sollt ihr für Geld von ihnen kaufen, damit ihr zu essen habt, auch Wasser sollt ihr für Geld von ihnen kaufen, damit ihr zu trinken habt."},{"7":"Denn der HERR, dein Gott, hat dich gesegnet in allen Werken deiner Hände. Er hat dein Wandern durch diese große Wüste auf sein Herz genommen. Vierzig Jahre ist der HERR, dein Gott, bei dir gewesen. An nichts hast du Mangel gehabt."},{"8":"Als wir nun von unsern Brüdern, den Söhnen Esau, die auf dem Gebirge Seïr wohnten, weggezogen waren, weg von dem Weg durch die Araba, weg von Elat und Ezjon-Geber, wandten wir uns und zogen den Weg zur Steppe der Moabiter."},{"9":"Da sprach der HERR zu mir: Du sollst den Moabitern keinen Schaden tun noch sie bekriegen; ich will dir von ihrem Lande nichts zum Besitz geben, denn ich habe Ar den Söhnen Lot zum Besitz gegeben. –"},{"10":"Die Emiter haben vorzeiten darin gewohnt; das war ein großes, starkes und hochgewachsenes Volk wie die Anakiter."},{"11":"Man hielt sie auch für Riesen wie die Anakiter; und die Moabiter nennen sie Emiter."},{"12":"Auch wohnten vorzeiten auf dem Seïr die Horiter; und die Söhne Esau vertrieben und vertilgten sie vor sich her und wohnten an ihrer statt, gleichwie Israel mit dem Lande tat, das ihnen der HERR zum Besitz gab."},{"13":"So macht euch nun auf und zieht durch den Bach Sered! Und wir zogen hindurch."},{"14":"Die Zeit aber, die wir von Kadesch-Barnea zogen, bis wir durch den Bach Sered kamen, betrug achtunddreißig Jahre, bis alle Kriegsleute aus dem Lager gestorben waren, wie der HERR ihnen geschworen hatte."},{"15":"So war die Hand des HERRN wider sie, um sie aus dem Lager zu vertilgen bis auf den letzten Mann."},{"16":"Und als alle Kriegsleute aus dem Volk gestorben waren,"},{"17":"redete der HERR mit mir und sprach:"},{"18":"Du wirst heute durch das Gebiet der Moabiter ziehen bei Ar"},{"19":"und wirst in die Nähe der Ammoniter kommen. Denen sollst du keinen Schaden tun noch sie bekriegen; ich will dir vom Lande der Ammoniter nichts zum Besitz geben, denn ich hab's den Söhnen Lot zum Besitz gegeben. –"},{"20":"Auch dies gilt als Land der Riesen, und es haben auch vorzeiten Riesen darin gewohnt, und die Ammoniter nennen sie Samsummiter."},{"21":"Das war ein großes, starkes und hochgewachsenes Volk wie die Anakiter. Und der HERR vertilgte sie vor ihnen und ließ sie ihr Land besitzen, sodass sie an ihrer statt dort wohnten,"},{"22":"gleichwie er's getan hat mit den Söhnen Esau, die auf dem Gebirge Seïr wohnen, als er die Horiter vor ihnen vertilgte und sie deren Land besitzen ließ, sodass sie dort an ihrer statt wohnten bis auf diesen Tag."},{"23":"Ebenso erging es den Awitern, die in Gehöften wohnten bis nach Gaza: Die Kaftoriter, die aus Kaftor gezogen waren, vertilgten sie und wohnten dort an ihrer statt."},{"24":"Macht euch auf und zieht aus und geht über den Arnon! Siehe, ich habe Sihon, den König der Amoriter zu Heschbon, in deine Hand gegeben mit seinem Lande. Fang an, es einzunehmen, und kämpfe mit ihm."},{"25":"Von heute an will ich Furcht und Schrecken vor dir auf alle Völker unter dem ganzen Himmel legen, damit, wenn sie von dir hören, ihnen bange und weh werden soll vor deinem Kommen."},{"26":"Da sandte ich Boten aus der Wüste Kedemot an Sihon, den König von Heschbon, mit friedlicher Botschaft und ließ ihm sagen:"},{"27":"Ich will durch dein Land ziehen. Nur wo die Straße geht, will ich gehen; ich will weder zur Rechten noch zur Linken vom Weg abweichen."},{"28":"Speise sollst du mir für Geld verkaufen, damit ich zu essen habe, und Wasser sollst du mir für Geld geben, damit ich zu trinken habe. Ich will nur zu Fuß hindurchziehen –"},{"29":"wie mir die Söhne Esau gestattet haben, die auf dem Gebirge Seïr wohnen, und die Moabiter, die zu Ar wohnen –, bis ich über den Jordan komme in das Land, das uns der HERR, unser Gott, geben wird."},{"30":"Aber Sihon, der König von Heschbon, wollte uns nicht hindurchziehen lassen; denn der HERR, dein Gott, verhärtete seinen Sinn und verstockte ihm sein Herz, um ihn in deine Hand zu geben, so wie es heute ist."},{"31":"Und der HERR sprach zu mir: Siehe, ich habe angefangen, Sihon mit seinem Lande vor deinen Augen dahinzugeben; fang an, sein Land in Besitz zu nehmen."},{"32":"Und Sihon zog aus uns entgegen mit seinem ganzen Kriegsvolk zum Kampf nach Jahaz."},{"33":"Aber der HERR, unser Gott, gab ihn vor unsern Augen dahin, dass wir ihn schlugen mit seinen Söhnen und seinem ganzen Kriegsvolk."},{"34":"Da nahmen wir zu der Zeit alle seine Städte ein und vollstreckten den Bann an allen Städten, an Männern, Frauen und Kindern, und ließen niemand übrig bleiben."},{"35":"Nur das Vieh raubten wir für uns und die Beute aus den Städten, die wir eingenommen hatten."},{"36":"Von Aroër an, das am Ufer des Arnon liegt, und von der Stadt im Bachtal bis nach Gilead war keine Stadt, die für uns zu stark befestigt war; der HERR, unser Gott, gab alles vor unsern Augen dahin."},{"37":"Nur zu dem Lande der Ammoniter kamst du nicht, weder zum Ufer des Jabbok noch zu den Städten auf dem Gebirge, ganz wie uns der HERR, unser Gott, geboten hatte."}]