[{"1":"Und nun höre, Israel, die Gebote und Rechte, die ich euch lehre, dass ihr sie tun sollt, auf dass ihr lebt und hineinkommt und das Land einnehmt, das euch der HERR, der Gott eurer Väter, gibt."},{"2":"Ihr sollt nichts dazutun zu dem, was ich euch gebiete, und sollt auch nichts davontun, auf dass ihr bewahrt die Gebote des HERRN, eures Gottes, die ich euch gebiete."},{"3":"Eure Augen haben gesehen, was der HERR getan hat bei Baal-Peor; denn jeden, der dem Baal-Peor folgte, hat der HERR, dein Gott, vertilgt aus eurer Mitte."},{"4":"Aber ihr, die ihr dem HERRN, eurem Gott, anhinget, lebt alle heute noch."},{"5":"Sieh, ich habe euch gelehrt Gebote und Rechte, wie mir der HERR, mein Gott, geboten hat, dass ihr danach tun sollt im Lande, in das ihr kommen werdet, um es einzunehmen."},{"6":"So haltet sie nun und tut sie! Denn darin zeigt sich den Völkern eure Weisheit und euer Verstand. Wenn sie alle diese Gebote hören werden, dann müssen sie sagen: Was für weise und verständige Leute sind das, ein herrliches Volk!"},{"7":"Denn wo ist so ein herrliches Volk, dem Götter so nahe sind wie uns der HERR, unser Gott, sooft wir ihn anrufen?"},{"8":"Und wo ist so ein großes Volk, das so gerechte Ordnungen und Gebote hat wie dies ganze Gesetz, das ich euch heute vorlege?"},{"9":"Hüte dich nur und bewahre deine Seele gut, dass du nicht vergisst, was deine Augen gesehen haben, und dass es nicht aus deinem Herzen kommt dein ganzes Leben lang. Und du sollst deinen Kindern und Kindeskindern kundtun"},{"10":"den Tag, da du vor dem HERRN, deinem Gott, standest an dem Berge Horeb, als der HERR zu mir sagte: Versammle mir das Volk, dass ich sie meine Worte hören lasse und sie mich fürchten lernen alle Tage ihres Lebens auf Erden und ihre Kinder lehren."},{"11":"Da tratet ihr herzu und standet unten an dem Berge; der Berg aber stand in Flammen bis in den Himmel hinein, und da war Finsternis, Wolken und Dunkel."},{"12":"Und der HERR redete mit euch mitten aus dem Feuer. Den Klang der Worte hörtet ihr, aber ihr saht keine Gestalt, nur eine Stimme war da."},{"13":"Und er verkündigte euch seinen Bund, den er euch gebot zu halten, nämlich die Zehn Worte, und schrieb sie auf zwei steinerne Tafeln."},{"14":"Und der HERR gebot mir zur selben Zeit, euch Gebote und Rechte zu lehren, dass ihr danach tun sollt in dem Lande, in das ihr zieht, es einzunehmen."},{"15":"So hütet euch um eures Lebens willen – denn ihr habt keine Gestalt gesehen an dem Tage, da der HERR mit euch redete aus dem Feuer auf dem Berge Horeb –,"},{"16":"dass ihr euch nicht versündigt und euch irgendein Bildnis macht, das gleich sei einem Mann oder einer Frau,"},{"17":"einem Tier auf dem Land oder Vogel unter dem Himmel,"},{"18":"dem Gewürm auf der Erde oder einem Fisch im Wasser unter der Erde."},{"19":"Hebe auch nicht deine Augen auf zum Himmel, dass du die Sonne sehest und den Mond und die Sterne, das ganze Heer des Himmels, und fallest ab und betest sie an und dienest denen, die der HERR, dein Gott, zugewiesen hat allen Völkern unter dem ganzen Himmel."},{"20":"Euch aber hat der HERR angenommen und aus dem Schmelzofen, nämlich aus Ägypten, geführt, dass ihr sein Erbvolk sein sollt, wie ihr es jetzt seid."},{"21":"Und der HERR war so erzürnt über mich um eures Tuns willen, dass er schwor, ich sollte nicht über den Jordan gehen noch in das gute Land kommen, das dir der HERR, dein Gott, zum Erbteil geben wird,"},{"22":"sondern ich muss in diesem Lande sterben und werde nicht über den Jordan gehen. Ihr aber werdet hinübergehen und dies gute Land einnehmen."},{"23":"So hütet euch nun, dass ihr den Bund des HERRN, eures Gottes, nicht vergesst, den er mit euch geschlossen hat, und nicht ein Bildnis macht von irgendeiner Gestalt, wie es der HERR, dein Gott, geboten hat."},{"24":"Denn der HERR, dein Gott, ist ein verzehrendes Feuer und ein eifernder Gott."},{"25":"Wenn du nun Kinder zeugst und Kindeskinder und ihr im Lande wohnt und versündigt euch und macht euch Bildnisse von irgendeiner Gestalt, sodass ihr übel tut vor dem HERRN, deinem Gott, und ihn erzürnt,"},{"26":"so rufe ich heute Himmel und Erde zu Zeugen über euch, dass ihr bald weggerafft werdet aus dem Lande, in das ihr geht über den Jordan, um es einzunehmen. Ihr werdet nicht lange darin bleiben, sondern werdet vertilgt werden."},{"27":"Und der HERR wird euch zerstreuen unter die Völker, und es wird von euch nur eine geringe Zahl übrig bleiben unter den Heiden, zu denen euch der HERR wegführen wird."},{"28":"Dort werdet ihr Göttern dienen, die das Werk von Menschenhänden sind, Holz und Stein, die weder sehen noch hören noch essen noch riechen können."},{"29":"Ihr werdet dort den HERRN, deinen Gott, suchen, und du wirst ihn finden, so du ihn von ganzem Herzen und von ganzer Seele suchen wirst."},{"30":"Wenn du geängstet sein wirst und dich das alles treffen wird in künftigen Zeiten, so wirst du dich bekehren zu dem HERRN, deinem Gott, und seiner Stimme gehorchen."},{"31":"Denn der HERR, dein Gott, ist ein barmherziger Gott; er wird dich nicht verlassen noch verderben, wird auch den Bund nicht vergessen, den er deinen Vätern geschworen hat."},{"32":"Denn frage nach den früheren Zeiten, die vor dir gewesen sind, von dem Tage an, da Gott den Menschen auf Erden geschaffen hat, und von einem Ende des Himmels zum andern, ob je so Großes geschehen oder desgleichen je gehört sei,"},{"33":"dass ein Volk die Stimme Gottes aus dem Feuer hat reden hören, wie du sie gehört hast, und dennoch am Leben blieb?"},{"34":"Oder ob je ein Gott versucht hat, hinzugehen und sich ein Volk mitten aus einem Volk herauszuholen durch Machtproben, durch Zeichen, durch Wunder, durch Krieg und mit starker Hand und ausgerecktem Arm und durch große Schrecken, wie das alles der HERR, euer Gott, für euch getan hat in Ägypten vor deinen Augen?"},{"35":"Du hast es sehen können, auf dass du wissest, dass der HERR allein Gott ist und sonst keiner."},{"36":"Vom Himmel hat er dich seine Stimme hören lassen, um dich zurechtzubringen; und auf Erden hat er dir gezeigt sein großes Feuer, und seine Worte hast du aus dem Feuer gehört."},{"37":"Weil er deine Väter geliebt und ihre Nachkommen erwählt hat, hat er dich aus Ägypten herausgeführt mit seinem Angesicht durch seine große Kraft,"},{"38":"damit er vor dir her Völker vertriebe, die größer und stärker sind als du, und dich hineinbrächte, um dir ihr Land zum Erbteil zu geben, wie es jetzt ist."},{"39":"So sollst du nun heute wissen und zu Herzen nehmen, dass der HERR Gott ist oben im Himmel und unten auf Erden und sonst keiner,"},{"40":"und sollst halten seine Rechte und Gebote, die ich dir heute gebiete; so wird's dir und deinen Kindern nach dir wohlgehen und dein Leben lange währen in dem Lande, das dir der HERR, dein Gott, gibt für immer."},{"41":"Da sonderte Mose drei Städte aus jenseits des Jordans gegen Sonnenaufgang,"},{"42":"damit dorthin fliehen konnte, wer seinen Nächsten totschlägt ohne Vorsatz und ihm zuvor nicht feind gewesen ist; der soll in eine dieser Städte fliehen, damit er am Leben bleibe."},{"43":"Das sind Bezer im Wüstengebiet der Hochebene für die Rubeniter und Ramot in Gilead für die Gaditer und Golan in Baschan für die Manassiter."},{"44":"Dies ist das Gesetz, das Mose den Israeliten vorlegte."},{"45":"Dies sind die Ermahnungen und Gebote und Rechte, die Mose den Israeliten kundtat, als sie aus Ägypten gezogen waren,"},{"46":"jenseits des Jordans im Tal gegenüber Bet-Peor, im Lande Sihons, des Königs der Amoriter, der zu Heschbon herrschte, den Mose und die Israeliten schlugen, als sie aus Ägypten zogen."},{"47":"Und sie nahmen sein Land ein, dazu das Land Ogs, des Königs von Baschan, der beiden Könige der Amoriter, die jenseits des Jordans waren gegen Sonnenaufgang,"},{"48":"von Aroër an, das am Ufer des Arnon liegt, bis an den Berg Sion, das ist der Hermon,"},{"49":"und das ganze Jordantal östlich des Jordans gegen Sonnenaufgang bis an das Meer der Araba am Fuße der Abhänge des Pisga."}]