[{"1":"Die levitischen Priester, der ganze Stamm Levi, sollen weder Anteil noch Erbe haben mit Israel. Von den Feueropfern des HERRN und dem, was ihm zusteht, sollen sie essen."},{"2":"Darum soll der Stamm Levi kein Erbe unter seinen Brüdern haben; der HERR ist sein Erbteil, wie er es ihm zugesagt hat."},{"3":"Das soll aber das Recht der Priester sein an das Volk, an die, die ein Schlachtopfer darbringen, es sei Rind oder Schaf, dass man dem Priester gebe die Vorderkeule und beide Kinnbacken und den Magen"},{"4":"und die Erstlinge deines Korns, deines Weins und deines Öls und die Erstlinge von der Schur deiner Schafe."},{"5":"Denn der HERR, dein Gott, hat ihn erwählt aus allen deinen Stämmen, dass er stehe im Dienst im Namen des HERRN, er und seine Söhne für alle Zeit."},{"6":"Wenn ein Levit kommt aus einer deiner Städte aus ganz Israel, wo er ein Gast ist, und kommt ganz nach seines Herzens Wunsch an die Stätte, die der HERR erwählen wird,"},{"7":"dass er diene im Namen des HERRN, seines Gottes, wie alle seine Brüder, die Leviten, die dort vor dem HERRN stehen,"},{"8":"so sollen sie gleichen Anteil zu essen haben außer dem, was einer hat von dem verkauften Gut seiner Väter."},{"9":"Wenn du in das Land kommst, das dir der HERR, dein Gott, geben wird, so sollst du nicht lernen, die Gräuel dieser Völker zu tun,"},{"10":"dass nicht jemand unter dir gefunden werde, der seinen Sohn oder seine Tochter durchs Feuer gehen lässt oder Wahrsagerei, Hellseherei, geheime Künste oder Zauberei treibt"},{"11":"oder Bannungen oder Geisterbeschwörungen oder Zeichendeuterei vornimmt oder die Toten befragt."},{"12":"Denn wer das tut, der ist dem HERRN ein Gräuel, und um solcher Gräuel willen vertreibt der HERR, dein Gott, die Völker vor dir."},{"13":"Du aber sollst untadelig sein vor dem HERRN, deinem Gott."},{"14":"Denn diese Völker, deren Land du einnehmen wirst, hören auf Zeichendeuter und Wahrsager; dir aber hat der HERR, dein Gott, so etwas verwehrt."},{"15":"Einen Propheten wie mich wird dir der HERR, dein Gott, erwecken aus dir und aus deinen Brüdern; dem sollt ihr gehorchen."},{"16":"Ganz so wie du es von dem HERRN, deinem Gott, erbeten hast am Horeb am Tage der Versammlung und sprachst: Ich will hinfort nicht mehr hören die Stimme des HERRN, meines Gottes, und dies große Feuer nicht mehr sehen, damit ich nicht sterbe."},{"17":"Und der HERR sprach zu mir: Sie haben recht geredet."},{"18":"Ich will ihnen einen Propheten, wie du bist, erwecken aus ihren Brüdern und meine Worte in seinen Mund geben; der soll zu ihnen reden alles, was ich ihm gebieten werde."},{"19":"Doch wer meine Worte nicht hören wird, die er in meinem Namen redet, von dem will ich's fordern."},{"20":"Doch wenn ein Prophet so vermessen ist, dass er redet in meinem Namen, was ich ihm nicht geboten habe, und wenn einer redet in dem Namen anderer Götter, dieser Prophet soll sterben."},{"21":"Wenn du aber in deinem Herzen sagen würdest: Wie kann ich merken, welches Wort der HERR nicht geredet hat? –"},{"22":"wenn der Prophet redet in dem Namen des HERRN und es wird nichts daraus und es tritt nicht ein, dann ist das ein Wort, das der HERR nicht geredet hat. Der Prophet hat's aus Vermessenheit geredet; darum scheue dich nicht vor ihm."}]