[{"1":"Wenn du in einen Krieg ziehst gegen deine Feinde und siehst Rosse und Wagen eines Kriegsvolks, das größer ist als du, so fürchte dich nicht vor ihnen; denn der HERR, dein Gott, der dich aus Ägyptenland geführt hat, ist mit dir."},{"2":"Wenn ihr nun auszieht zum Kampf, so soll der Priester herzutreten und mit dem Volk reden"},{"3":"und zu ihnen sprechen: Israel, höre zu! Ihr zieht heute in den Kampf gegen eure Feinde. Euer Herz verzage nicht, fürchtet euch nicht und erschreckt nicht und lasst euch nicht grauen vor ihnen;"},{"4":"denn der HERR, euer Gott, geht mit euch, dass er für euch streite mit euren Feinden, um euch zu helfen."},{"5":"Und die Amtleute sollen mit dem Volk reden und sagen: Wer ein neues Haus gebaut hat und hat's noch nicht eingeweiht, der mache sich auf und kehre heim, auf dass er nicht sterbe im Krieg und ein anderer es einweihe."},{"6":"Wer einen Weinberg gepflanzt hat und hat seine Früchte noch nicht genossen, der mache sich auf und kehre heim, dass er nicht im Kriege sterbe und ein anderer seine Früchte genieße."},{"7":"Wer mit einem Mädchen verlobt ist und hat es noch nicht heimgeholt, der mache sich auf und kehre heim, dass er nicht im Krieg sterbe und ein anderer hole es heim."},{"8":"Und die Amtleute sollen weiter mit dem Volk reden und sprechen: Wer sich fürchtet und ein verzagtes Herz hat, der mache sich auf und kehre heim, auf dass er nicht auch das Herz seiner Brüder feige mache, wie sein Herz ist."},{"9":"Und wenn die Amtleute dies alles zu dem Volk geredet haben, so sollen sie Heerführer an die Spitze des Volks stellen."},{"10":"Wenn du vor eine Stadt ziehst, um gegen sie zu kämpfen, so sollst du ihr zuerst den Frieden anbieten."},{"11":"Antwortet sie dir friedlich und tut dir ihre Tore auf, so soll das ganze Volk, das darin gefunden wird, dir fronpflichtig sein und dir dienen."},{"12":"Will sie aber nicht Frieden machen mit dir, sondern mit dir Krieg führen, so belagere sie."},{"13":"Und wenn sie der HERR, dein Gott, dir in die Hand gibt, so sollst du alles, was männlich darin ist, mit der Schärfe des Schwerts schlagen."},{"14":"Nur die Frauen, die Kinder und das Vieh und alles, was in der Stadt ist, die ganze Beute, sollst du unter dir austeilen und sollst essen von der Beute deiner Feinde, die dir der HERR, dein Gott, gegeben hat."},{"15":"So sollst du mit allen Städten tun, die sehr fern von dir liegen und nicht zu den Städten dieser Völker hier gehören."},{"16":"Aber in den Städten dieser Völker hier, die dir der HERR, dein Gott, zum Erbe geben wird, sollst du nichts leben lassen, was Odem hat,"},{"17":"sondern sollst an ihnen den Bann vollstrecken, nämlich an den Hetitern, Amoritern, Kanaanitern, Perisitern, Hiwitern und Jebusitern, wie dir der HERR, dein Gott, geboten hat,"},{"18":"damit sie euch nicht lehren, all die Gräuel zu tun, die sie im Dienst ihrer Götter treiben, und ihr euch so versündigt an dem HERRN, eurem Gott."},{"19":"Wenn du vor einer Stadt lange Zeit liegen musst, gegen die du kämpfst, um sie zu erobern, so sollst du nicht die Axt an ihre Bäume legen und sie umhauen, denn du kannst davon essen; darum sollst du sie nicht fällen. Die Bäume auf dem Felde sind doch nicht Menschen, dass du sie belagern müsstest!"},{"20":"Die Bäume aber, von denen du weißt, dass man nicht davon isst, die darfst du verderben und umhauen und ein Bollwerk daraus bauen gegen die Stadt, die mit dir Krieg führt, bis sie fällt."}]