[{"1":"Du sollst dem HERRN, deinem Gott, kein Rind oder Schaf opfern, das einen Fehler oder irgendetwas Schlimmes an sich hat; denn das ist dem HERRN, deinem Gott, ein Gräuel."},{"2":"Wenn in deiner Mitte, in einer deiner Städte, die dir der HERR, dein Gott, geben wird, jemand gefunden wird, Mann oder Frau, der da tut, was dem HERRN, deinem Gott, missfällt, dass er seinen Bund übertritt"},{"3":"und hingeht und dient andern Göttern und betet sie an, es sei Sonne oder Mond oder das ganze Heer des Himmels, was ich nicht geboten habe,"},{"4":"und es wird dir angezeigt und du hörst es, so sollst du gründlich danach forschen. Und wenn du findest, dass es gewiss wahr ist, dass solch ein Gräuel in Israel geschehen ist,"},{"5":"so sollst du den Mann oder die Frau, die eine solche Übeltat begangen haben, zum Tor hinausführen und sollst sie zu Tode steinigen."},{"6":"Auf zweier oder dreier Zeugen Mund soll sterben, wer des Todes wert ist, aber auf nur eines Zeugen Mund soll er nicht sterben."},{"7":"Die Hand der Zeugen soll die erste sein, ihn zu töten, und danach die Hand des ganzen Volks, dass du das Böse aus deiner Mitte wegtust."},{"8":"Wenn eine Sache vor Gericht dir zu schwer sein wird, es gehe um Blutschuld, um Rechtsstreit, um Gewalttat oder was sonst Streitsachen sind in deinen Toren, so sollst du dich aufmachen und hinaufgehen zu der Stätte, die der HERR, dein Gott, erwählen wird,"},{"9":"und zu den levitischen Priestern kommen und zu dem Richter, der zu der Zeit sein wird, und sie befragen. Die sollen dir das Urteil sprechen."},{"10":"Und du sollst tun nach dem Spruch, den sie dir sagen an der Stätte, die der HERR erwählen wird, und sollst es halten, dass du tust nach allem, was sie dich lehren werden."},{"11":"An die Weisung, die sie dir geben, und an das Urteil, das sie dir sagen, sollst du dich halten, sodass du davon nicht abweichst weder zur Rechten noch zur Linken."},{"12":"Und wenn jemand vermessen handeln würde, dass er dem Priester nicht gehorcht, der dort im Dienst des HERRN, deines Gottes, steht, oder dem Richter, der soll sterben, und du sollst das Böse aus Israel wegtun,"},{"13":"auf dass alles Volk aufhorche und sich fürchte und nicht mehr vermessen sei."},{"14":"Wenn du in das Land kommst, das dir der HERR, dein Gott, geben wird, und es einnimmst und darin wohnst und dann sagst: Ich will einen König über mich setzen, wie ihn alle Völker um mich her haben,"},{"15":"so sollst du den zum König über dich setzen, den der HERR, dein Gott, erwählen wird. Du sollst aber einen aus deinen Brüdern zum König über dich setzen. Du darfst nicht irgendeinen Ausländer, der nicht dein Bruder ist, über dich setzen."},{"16":"Nur dass er nicht viele Rosse halte und führe das Volk nicht wieder nach Ägypten, um die Zahl seiner Rosse zu mehren, weil der HERR euch gesagt hat, dass ihr hinfort nicht wieder diesen Weg gehen sollt."},{"17":"Er soll auch nicht viele Frauen nehmen, dass sein Herz nicht abgewandt werde, und soll auch nicht viel Silber und Gold sammeln."},{"18":"Und wenn er nun sitzen wird auf dem Thron seines Königreichs, soll er eine Abschrift dieses Gesetzes, wie es den levitischen Priestern vorliegt, in ein Buch schreiben lassen."},{"19":"Das soll bei ihm sein, und er soll darin lesen sein Leben lang, damit er den HERRN, seinen Gott, fürchten lernt, dass er halte alle Worte dieses Gesetzes und diese Rechte und danach tue."},{"20":"Sein Herz soll sich nicht erheben über seine Brüder und soll nicht weichen von dem Gebot weder zur Rechten noch zur Linken, auf dass er verlängere die Tage seiner Herrschaft, er und seine Söhne, in Israel."}]