[{"1":"Höre, Israel, du wirst heute über den Jordan gehen, damit du hineinkommst, das Land der Völker einzunehmen, die größer und stärker sind als du, große Städte, ummauert bis an den Himmel,"},{"2":"ein großes, hochgewachsenes Volk, die Anakiter, die du kennst, von denen du auch hast sagen hören: Wer kann wider die Anakiter bestehen?"},{"3":"So sollst du nun heute wissen, dass der HERR, dein Gott, vor dir hergeht, ein verzehrendes Feuer. Er wird sie vertilgen und wird sie demütigen vor dir, und du wirst sie vertreiben und bald vernichten, wie dir der HERR zugesagt hat."},{"4":"Wenn nun der HERR, dein Gott, sie ausgestoßen hat vor dir her, so sprich nicht in deinem Herzen: Der HERR hat mich hereingeführt, dies Land einzunehmen, um meiner Gerechtigkeit willen –, da doch der HERR diese Völker vertreibt vor dir her um ihres gottlosen Treibens willen."},{"5":"Denn du kommst nicht herein, ihr Land einzunehmen, um deiner Gerechtigkeit und deines aufrichtigen Herzens willen, sondern der HERR, dein Gott, vertreibt diese Völker um ihres gottlosen Treibens willen, damit er das Wort halte, das er geschworen hat deinen Vätern Abraham, Isaak und Jakob."},{"6":"So wisse nun, dass der HERR, dein Gott, dir nicht um deiner Gerechtigkeit willen dies gute Land zum Besitz gibt, da du doch ein halsstarriges Volk bist."},{"7":"Denke daran und vergiss nicht, wie du den HERRN, deinen Gott, erzürntest in der Wüste. Von dem Tage an, als du aus Ägyptenland zogst, bis ihr gekommen seid an diesen Ort, seid ihr ungehorsam gewesen dem HERRN."},{"8":"Denn am Horeb erzürntet ihr den HERRN so, dass er vor Zorn euch vertilgen wollte,"},{"9":"als ich auf den Berg gegangen war, die steinernen Tafeln zu empfangen, die Tafeln des Bundes, den der HERR mit euch schloss, und ich vierzig Tage und vierzig Nächte auf dem Berge blieb und kein Brot aß und kein Wasser trank"},{"10":"und mir der HERR die zwei steinernen Tafeln gab, mit dem Finger Gottes beschrieben, und darauf alle Worte, die der HERR mit euch aus dem Feuer auf dem Berge geredet hatte am Tage der Versammlung."},{"11":"Und nach den vierzig Tagen und vierzig Nächten gab mir der HERR die zwei steinernen Tafeln, die Tafeln des Bundes,"},{"12":"und sprach zu mir: Mach dich auf, geh eilends hinab von hier; denn dein Volk, das du aus Ägypten geführt hast, hat schändlich gehandelt. Sie sind schnell abgewichen von dem Wege, den ich ihnen geboten habe; sie haben sich ein gegossenes Bild gemacht."},{"13":"Und der HERR sprach zu mir: Ich sehe, dass dies Volk ein halsstarriges Volk ist."},{"14":"Lass ab von mir, damit ich sie vertilge und ihren Namen austilge unter dem Himmel; aber aus dir will ich ein stärkeres und größeres Volk machen als dieses."},{"15":"Und als ich mich wandte und von dem Berge herabging, der im Feuer brannte, und die zwei Tafeln des Bundes in meinen beiden Händen hatte,"},{"16":"da sah ich, und siehe, da hattet ihr euch an dem HERRN, eurem Gott, versündigt und euch ein gegossenes Kalb gemacht und wart schnell von dem Wege abgewichen, den euch der HERR geboten hatte."},{"17":"Da fasste ich beide Tafeln und warf sie aus meinen Händen und zerbrach sie vor euren Augen"},{"18":"und fiel nieder vor dem HERRN wie das erste Mal, vierzig Tage und vierzig Nächte, und aß kein Brot und trank kein Wasser um all eurer Sünde willen, die ihr getan hattet, als ihr solches Unrecht tatet vor dem HERRN, um ihn zu erzürnen."},{"19":"Denn ich fürchtete mich vor dem Zorn und Grimm, mit dem der HERR über euch erzürnt war, sodass er euch vertilgen wollte. Aber der HERR erhörte mich auch diesmal."},{"20":"Auch war der HERR sehr zornig über Aaron, sodass er ihn vertilgen wollte; aber ich bat auch für Aaron zur selben Zeit."},{"21":"Aber eure Sünde, das Kalb, das ihr gemacht hattet, nahm ich und verbrannte es mit Feuer und zerschlug es und zermalmte es, bis es Staub ward, und warf den Staub in den Bach, der vom Berge fließt."},{"22":"So erzürntet ihr den HERRN auch in Tabera und in Massa und bei den Lustgräbern."},{"23":"Und als er euch aus Kadesch-Barnea sandte und sprach: Geht hinauf und nehmt das Land ein, das ich euch gegeben habe!, da wart ihr ungehorsam dem Mund des HERRN, eures Gottes, und glaubtet nicht an ihn und gehorchtet seiner Stimme nicht."},{"24":"So seid ihr dem HERRN ungehorsam gewesen, solange ich euch gekannt habe."},{"25":"Ich aber fiel nieder und lag vor dem HERRN vierzig Tage und vierzig Nächte; denn der HERR sprach, er wolle euch vertilgen."},{"26":"Und ich bat den HERRN und sprach: Herr HERR, verdirb dein Volk und dein Erbe nicht, das du durch deine große Kraft erlöst und mit mächtiger Hand aus Ägypten geführt hast!"},{"27":"Gedenke an deine Knechte Abraham, Isaak und Jakob! Sieh nicht an die Halsstarrigkeit und das gottlose Treiben und die Sünde dieses Volks,"},{"28":"damit das Land, aus dem du uns geführt hast, nicht sage: Der HERR konnte sie nicht in das Land bringen, das er ihnen zugesagt hatte, und hat sie darum herausgeführt, weil er ihnen feind war, um sie zu töten in der Wüste."},{"29":"Denn sie sind dein Volk und dein Erbe, das du mit deiner großen Kraft und mit deinem ausgereckten Arm herausgeführt hast."}]