[{"1":"Wenn man einen Erschlagenen findet in dem Lande, das dir der HERR, dein Gott, geben wird, es einzunehmen, und er liegt auf freiem Felde und man weiß nicht, wer ihn erschlagen hat,"},{"2":"so sollen deine Ältesten und Richter hinausgehen und den Weg abmessen von dem Erschlagenen bis zu den umliegenden Städten."},{"3":"Welche Stadt am nächsten liegt, deren Älteste sollen eine junge Kuh nehmen, mit der man noch nicht gearbeitet und die noch nicht am Joch gezogen hat,"},{"4":"und sollen sie hinabführen in einen Talgrund, der weder bearbeitet noch besät ist, und dort im Talgrund ihr das Genick brechen."},{"5":"Und die Priester, die Söhne Levi, sollen herzutreten, denn der HERR, dein Gott, hat sie erwählt, dass sie ihm dienen und in seinem Namen segnen, und nach ihrem Urteil sollen alle Sachen und alle Schäden gerichtet werden."},{"6":"Und alle Ältesten der Stadt, die dem Erschlagenen am nächsten liegt, sollen ihre Hände waschen über der jungen Kuh, der im Talgrund das Genick gebrochen ist."},{"7":"Und sie sollen anheben und sagen: Unsere Hände haben dies Blut nicht vergossen, und unsere Augen haben's nicht gesehen."},{"8":"Entsühne dein Volk Israel, das du, der HERR, erlöst hast; lege nicht das unschuldig vergossene Blut auf dein Volk Israel! So wird für sie die Blutschuld gesühnt sein."},{"9":"So sollst du das unschuldig vergossene Blut aus deiner Mitte wegtun, dass du tust, was recht ist vor den Augen des HERRN."},{"10":"Wenn du in einen Krieg ziehst gegen deine Feinde und der HERR, dein Gott, gibt sie dir in deine Hände, dass du Gefangene von ihnen wegführst,"},{"11":"und siehst unter den Gefangenen eine schöne Frau und gewinnst sie lieb, dass du sie zur Frau nimmst,"},{"12":"so führe sie in dein Haus und lass sie ihr Haar abscheren und ihre Nägel beschneiden"},{"13":"und die Kleider ablegen, in denen sie gefangen genommen wurde, und lass sie in deinem Hause sein und einen Monat lang ihren Vater und ihre Mutter beweinen. Danach geh zu ihr und nimm sie zur Ehe und lass sie deine Frau sein."},{"14":"Wenn du aber kein Gefallen mehr an ihr hast, so sollst du sie gehen lassen, wohin sie will; du sollst sie aber nicht um Geld verkaufen oder als Sklavin behandeln, weil du zu ihr eingegangen bist."},{"15":"Wenn jemand zwei Frauen hat, eine, die er lieb hat, und eine, die er nicht lieb hat, und beide ihm Kinder gebären, die Frau, die er lieb hat, und die ungeliebte, und der Erstgeborene ist von der ungeliebten Frau"},{"16":"und die Zeit kommt, dass er seinen Söhnen das Erbe austeile, so kann er nicht den Sohn der Frau, die er lieb hat, zum erstgeborenen Sohn machen vor dem erstgeborenen Sohn der ungeliebten;"},{"17":"sondern er soll den Sohn der ungeliebten Frau als den ersten Sohn anerkennen und ihm zwei Teile geben von allem, was vorhanden ist; denn dieser ist der Erstling seiner Kraft, und sein ist das Recht der Erstgeburt."},{"18":"Wenn jemand einen widerspenstigen und ungehorsamen Sohn hat, der der Stimme seines Vaters und seiner Mutter nicht gehorcht und auch, wenn sie ihn züchtigen, ihnen nicht gehorchen will,"},{"19":"und wenn ihn Vater und Mutter ergreifen und zu den Ältesten der Stadt führen und zu dem Tor des Ortes"},{"20":"und zu den Ältesten der Stadt sagen: Dieser unser Sohn ist widerspenstig und ungehorsam und gehorcht unserer Stimme nicht und ist ein Prasser und Trunkenbold,"},{"21":"dann sollen ihn steinigen alle Leute seiner Stadt, dass er sterbe, und du sollst so das Böse aus deiner Mitte wegtun, dass ganz Israel aufhorche und sich fürchte."},{"22":"Wenn jemand eine Sünde getan hat, die des Todes würdig ist, und wird getötet und du hängst ihn an ein Holz,"},{"23":"so soll sein Leichnam nicht über Nacht an dem Holz bleiben, sondern du sollst ihn am selben Tage begraben – denn ein Aufgehängter ist verflucht bei Gott –, auf dass du dein Land nicht unrein machst, das dir der HERR, dein Gott, zum Erbe gibt."}]