[{"1":"Wenn dich der HERR, dein Gott, ins Land bringt, in das du kommen wirst, es einzunehmen, und er ausrottet viele Völker vor dir her, die Hetiter, Girgaschiter, Amoriter, Kanaaniter, Perisiter, Hiwiter und Jebusiter, sieben Völker, die größer und stärker sind als du,"},{"2":"und wenn sie der HERR, dein Gott, vor dir dahingibt, dass du sie schlägst, so sollst du an ihnen den Bann vollstrecken. Du sollst keinen Bund mit ihnen schließen und keine Gnade gegen sie üben"},{"3":"und sollst dich mit ihnen nicht verschwägern; eure Töchter sollt ihr nicht geben ihren Söhnen und ihre Töchter sollt ihr nicht nehmen für eure Söhne."},{"4":"Denn sie werden eure Söhne mir abtrünnig machen, dass sie andern Göttern dienen; so wird dann des HERRN Zorn entbrennen über euch und euch bald vertilgen."},{"5":"Sondern so sollt ihr mit ihnen tun: Ihre Altäre sollt ihr einreißen, ihre Steinmale zerbrechen, ihre heiligen Pfähle abhauen und ihre Götzenbilder mit Feuer verbrennen."},{"6":"Denn du bist ein heiliges Volk dem HERRN, deinem Gott. Dich hat der HERR, dein Gott, erwählt zum Volk des Eigentums aus allen Völkern, die auf Erden sind."},{"7":"Nicht hat euch der HERR angenommen und euch erwählt, weil ihr größer wäret als alle Völker – denn du bist das kleinste unter allen Völkern –,"},{"8":"sondern weil er euch geliebt hat und damit er seinen Eid hielte, den er euren Vätern geschworen hat. Darum hat der HERR euch herausgeführt mit mächtiger Hand und hat dich erlöst von der Knechtschaft, aus der Hand des Pharao, des Königs von Ägypten."},{"9":"So sollst du nun wissen, dass der HERR, dein Gott, allein Gott ist, der treue Gott, der den Bund und die Barmherzigkeit bis ins tausendste Glied hält denen, die ihn lieben und seine Gebote halten,"},{"10":"und vergilt ins Angesicht denen, die ihn hassen, und bringt sie um und säumt nicht, zu vergelten ins Angesicht denen, die ihn hassen."},{"11":"So halte nun die Gebote und Gesetze und Rechte, die ich dir heute gebiete, dass du danach tust."},{"12":"Und wenn ihr diese Rechte hört und sie haltet und danach tut, so wird der HERR, dein Gott, auch halten den Bund und die Barmherzigkeit, wie er deinen Vätern geschworen hat,"},{"13":"und wird dich lieben und segnen und mehren, und er wird segnen die Frucht deines Leibes und den Ertrag deines Ackers, dein Getreide, Wein und Öl, und das Jungvieh deiner Kühe und deiner Schafe in dem Lande, das er dir geben wird, wie er deinen Vätern geschworen hat."},{"14":"Gesegnet wirst du sein vor allen Völkern. Es wird niemand unter dir unfruchtbar sein, auch nicht eins deiner Tiere."},{"15":"Der HERR wird von dir nehmen alle Krankheit und wird dir keine von all den bösen Seuchen der Ägypter auflegen, die du kennst, sondern wird sie allen deinen Hassern auflegen."},{"16":"Du wirst alle Völker vertilgen, die der HERR, dein Gott, dir geben wird. Du sollst sie nicht schonen und ihren Göttern nicht dienen; denn das würde dir zum Fallstrick werden."},{"17":"Wirst du aber in deinem Herzen sagen: Diese Völker sind größer als ich; wie kann ich sie vertreiben?,"},{"18":"so fürchte dich nicht vor ihnen. Denke daran, was der HERR, dein Gott, dem Pharao und allen Ägyptern getan hat"},{"19":"durch große Machtproben, die du mit eigenen Augen gesehen hast, und durch Zeichen und Wunder, durch mächtige Hand und ausgereckten Arm, womit dich der HERR, dein Gott, herausführte. So wird der HERR, dein Gott, allen Völkern tun, vor denen du dich fürchtest."},{"20":"Dazu wird der HERR, dein Gott, Hornissen unter sie senden, bis umgebracht sein wird, was übrig ist und sich verbirgt vor dir."},{"21":"Lass dir nicht grauen vor ihnen; denn der HERR, dein Gott, ist in deiner Mitte, der große und schreckliche Gott."},{"22":"Er, der HERR, dein Gott, wird diese Völker ausrotten vor dir, einzeln nacheinander. Du kannst sie nicht auf einmal vertilgen, damit sich nicht die wilden Tiere wider dich vermehren."},{"23":"Der HERR, dein Gott, wird sie vor dir dahingeben und wird eine große Verwirrung über sie bringen, bis sie vertilgt sind,"},{"24":"und wird ihre Könige in deine Hand geben, und du sollst ihren Namen auslöschen unter dem Himmel. Es wird dir niemand widerstehen, bis du sie vertilgt hast."},{"25":"Die Bilder ihrer Götter sollst du mit Feuer verbrennen und sollst nicht begehren das Silber oder Gold, das daran ist, oder es zu dir nehmen, damit du dich nicht darin verfängst; denn das ist dem HERRN, deinem Gott, ein Gräuel."},{"26":"Darum sollst du solchen Gräuel nicht in dein Haus bringen, dass du nicht dem Bann verfällst wie jener, sondern du sollst Ekel und Abscheu davor haben; denn er steht unter dem Bann."}]