[{"1":"Und Mose samt den Ältesten Israels gebot dem Volk und sprach: Haltet alle Gebote, die ich euch heute gebiete."},{"2":"Und zu der Zeit, wenn ihr über den Jordan geht in das Land, das dir der HERR, dein Gott, geben wird, sollst du große Steine aufrichten und sie mit Kalk tünchen"},{"3":"und darauf schreiben alle Worte dieses Gesetzes, wenn du hinübergehst, auf dass du kommest in das Land, das der HERR, dein Gott, dir geben wird, ein Land, darin Milch und Honig fließt, wie der HERR, der Gott deiner Väter, dir zugesagt hat."},{"4":"Wenn ihr nun über den Jordan geht, so sollt ihr, wie ich euch heute gebiete, diese Steine auf dem Berge Ebal aufrichten, und du sollst sie mit Kalk tünchen."},{"5":"Und dort sollst du dem HERRN, deinem Gott, einen Altar bauen, einen Altar aus Steinen. Du sollst sie nicht mit Eisen bearbeiten."},{"6":"Von unbehauenen Steinen sollst du diesen Altar dem HERRN, deinem Gott, bauen und Brandopfer darauf opfern dem HERRN, deinem Gott,"},{"7":"und Dankopfer darbringen und dort essen und fröhlich sein vor dem HERRN, deinem Gott."},{"8":"Und du sollst auf die Steine alle Worte dieses Gesetzes schreiben, klar und deutlich."},{"9":"Und Mose und die levitischen Priester redeten mit ganz Israel und sprachen: Merke auf und höre, Israel! Am heutigen Tage bist du ein Volk des HERRN, deines Gottes, geworden,"},{"10":"dass du der Stimme des HERRN, deines Gottes, gehorsam seist und tust nach seinen Geboten und Rechten, die ich dir heute gebiete."},{"11":"Und Mose gebot dem Volk an diesem Tage und sprach:"},{"12":"Diese sollen stehen auf dem Berge Garizim, um das Volk zu segnen, wenn ihr über den Jordan gegangen seid: Simeon, Levi, Juda, Issachar, Josef und Benjamin."},{"13":"Und diese sollen stehen auf dem Berge Ebal, um zu verfluchen: Ruben, Gad, Asser, Sebulon, Dan und Naftali."},{"14":"Und die Leviten sollen anheben und zu allen Männern Israels mit lauter Stimme sagen:"},{"15":"Verflucht sei, wer einen Götzen oder ein gegossenes Bild macht, einen Gräuel für den HERRN, ein Werk von den Händen der Werkmeister, und es heimlich aufstellt! Und alles Volk soll antworten und sagen: Amen."},{"16":"Verflucht sei, wer seinen Vater oder seine Mutter verunehrt! Und alles Volk soll sagen: Amen."},{"17":"Verflucht sei, wer seines Nächsten Grenze verrückt! Und alles Volk soll sagen: Amen."},{"18":"Verflucht sei, wer einen Blinden irreführt auf dem Wege! Und alles Volk soll sagen: Amen."},{"19":"Verflucht sei, wer das Recht des Fremdlings, der Waise und der Witwe beugt! Und alles Volk soll sagen: Amen."},{"20":"Verflucht sei, wer bei der Frau seines Vaters liegt, denn er hat die Decke seines Vaters aufgedeckt! Und alles Volk soll sagen: Amen."},{"21":"Verflucht sei, wer bei irgendeinem Tier liegt! Und alles Volk soll sagen: Amen."},{"22":"Verflucht sei, wer bei seiner Schwester liegt, die seines Vaters oder seiner Mutter Tochter ist! Und alles Volk soll sagen: Amen."},{"23":"Verflucht sei, wer bei seiner Schwiegermutter liegt! Und alles Volk soll sagen: Amen."},{"24":"Verflucht sei, wer seinen Nächsten heimlich erschlägt! Und alles Volk soll sagen: Amen."},{"25":"Verflucht sei, wer Geschenke nimmt, dass er unschuldiges Blut vergieße! Und alles Volk soll sagen: Amen."},{"26":"Verflucht sei, wer nicht alle Worte dieses Gesetzes erfüllt, dass er danach tue! Und alles Volk soll sagen: Amen."}]