[{"1":"Dies sind die Gebote und Rechte, die ihr halten sollt, dass ihr danach tut im Lande, das der HERR, der Gott deiner Väter, dir gegeben hat, es einzunehmen, solange ihr auf Erden lebt:"},{"2":"Zerstört alle heiligen Stätten, wo die Heiden, die ihr vertreiben werdet, ihren Göttern gedient haben, es sei auf hohen Bergen, auf Hügeln oder unter jedem grünen Baum,"},{"3":"und reißt um ihre Altäre und zerbrecht ihre Steinmale und verbrennt mit Feuer ihre heiligen Pfähle, zerschlagt die Bilder ihrer Götzen und vertilgt ihren Namen von jener Stätte."},{"4":"Ihr sollt dem HERRN, eurem Gott, so nicht dienen,"},{"5":"sondern die Stätte, die der HERR, euer Gott, erwählen wird aus allen euren Stämmen, dass er seinen Namen daselbst wohnen lässt, sollt ihr aufsuchen und dahin sollst du kommen."},{"6":"Dorthin sollt ihr bringen eure Brandopfer und eure Schlachtopfer, eure Zehnten und eure heiligen Abgaben, eure Gelübdeopfer, eure freiwilligen Opfer und die Erstgeburt eurer Rinder und Schafe."},{"7":"Und ihr und euer Haus sollt dort vor dem HERRN, eurem Gott, essen und fröhlich sein über alles, was eure Hand erworben hat, womit dich der HERR, dein Gott, gesegnet hat."},{"8":"Ihr sollt es nicht so halten, wie wir es heute hier tun, ein jeder, was ihm recht dünkt."},{"9":"Denn ihr seid bisher noch nicht zur Ruhe und zu dem Erbteil gekommen, das dir der HERR, dein Gott, geben wird."},{"10":"Ihr werdet aber über den Jordan gehen und in dem Lande wohnen, das euch der HERR, euer Gott, zum Erbe austeilen wird, und er wird euch Ruhe geben vor allen euren Feinden um euch her, und ihr werdet sicher wohnen."},{"11":"Wenn nun der HERR, dein Gott, eine Stätte erwählt, dass sein Name daselbst wohne, sollt ihr dahin bringen alles, was ich euch gebiete: eure Brandopfer, eure Schlachtopfer, eure Zehnten, eure heiligen Abgaben und alle eure auserlesenen Gelübdeopfer, die ihr dem HERRN geloben werdet."},{"12":"Und ihr sollt fröhlich sein vor dem HERRN, eurem Gott, ihr und eure Söhne und eure Töchter, eure Knechte und eure Mägde und der Levit, der in euren Städten wohnt; denn er hat weder Anteil noch Erbe mit euch."},{"13":"Hüte dich, dass du deine Brandopfer nicht an jeder Stätte opferst, die du siehst;"},{"14":"sondern an der Stätte, die der HERR erwählt in einem deiner Stämme, da sollst du deine Brandopfer opfern und alles tun, was ich dir gebiete."},{"15":"Doch darfst du in allen deinen Städten ganz nach Herzenslust schlachten und Fleisch essen nach dem Segen des HERRN, deines Gottes, den er dir gegeben hat. Der Reine wie der Unreine dürfen davon essen, so wie man Reh oder Hirsch isst."},{"16":"Nur das Blut sollst du nicht essen, sondern auf die Erde gießen wie Wasser."},{"17":"Du darfst aber nicht essen in deinen Städten vom Zehnten deines Getreides, deines Weins, deines Öls, auch nicht von der Erstgeburt deiner Rinder und deiner Schafe oder von irgendeiner Gabe, die du gelobt hast, oder von deinem freiwilligen Opfer oder von deiner heiligen Abgabe,"},{"18":"sondern vor dem HERRN, deinem Gott, sollst du das alles essen an der Stätte, die der HERR, dein Gott, erwählt, du und dein Sohn, deine Tochter, dein Knecht, deine Magd und der Levit, der in deiner Stadt lebt, und sollst fröhlich sein vor dem HERRN, deinem Gott, über alles, was deine Hand erworben hat."},{"19":"Und hüte dich, dass du den Leviten nicht leer ausgehen lässt, solange du in deinem Lande lebst."},{"20":"Wenn aber der HERR, dein Gott, dein Gebiet erweitern wird, wie er dir zugesagt hat, und du sprichst: »Ich will Fleisch essen«, weil es dich gelüstet, Fleisch zu essen, so iss Fleisch ganz nach Herzenslust."},{"21":"Ist aber die Stätte fern von dir, die der HERR, dein Gott, erwählen wird, dass er seinen Namen daselbst wohnen lasse, so schlachte von deinen Rindern oder Schafen, die dir der HERR gegeben hat, wie ich dir geboten habe, und iss es in deiner Stadt ganz nach Herzenslust."},{"22":"So wie man Reh oder Hirsch isst, darfst du es essen; der Reine wie der Unreine dürfen's beide essen."},{"23":"Allein achte darauf, dass du das Blut nicht isst; denn das Blut ist das Leben; darum sollst du nicht zugleich mit dem Fleisch das Leben essen,"},{"24":"sondern du sollst das Blut auf die Erde gießen wie Wasser"},{"25":"und sollst es nicht essen, auf dass dir's wohlgehe und deinen Kindern nach dir, weil du tust, was recht ist vor dem HERRN."},{"26":"Aber deine heiligen Gaben, die dir geboten sind, und was du gelobst, das sollst du aufladen und an die Stätte bringen, die der HERR erwählen wird,"},{"27":"und sollst deine Brandopfer mit Fleisch und Blut legen auf den Altar des HERRN, deines Gottes. Das Blut deiner Schlachtopfer soll gegossen werden auf den Altar des HERRN, deines Gottes, aber das Fleisch sollst du essen."},{"28":"Sieh zu und höre auf alle diese Worte, die ich dir gebiete, auf dass dir's wohlgehe und deinen Kindern nach dir ewiglich, weil du tust, was recht und wohlgefällig ist vor dem HERRN, deinem Gott."},{"29":"Wenn der HERR, dein Gott, vor dir her die Völker ausrottet, zu denen du kommst, ihr Land einzunehmen, und du es eingenommen hast und darin wohnst,"},{"30":"so hüte dich, dass du dich nicht verführen lässt, es ihnen nachzutun, nachdem sie vertilgt sind vor dir, und dass du nicht fragst nach ihren Göttern und sprichst: Wie haben diese Völker ihren Göttern gedient? Ebenso will auch ich es tun!"},{"31":"So sollst du dem HERRN, deinem Gott, nicht dienen; denn sie haben ihren Göttern alles getan, was dem HERRN ein Gräuel ist und was er hasst; denn sie haben ihren Göttern sogar ihre Söhne und Töchter mit Feuer verbrannt."}]