[
  {
    "1": "Dies sind die Gesetze und Gebote und Rechte, die der HERR, euer Gott,<br />geboten hat, euch zu lehren, dass ihr sie tun sollt in dem Lande, in das ihr<br />zieht, es einzunehmen,"
  },
  {
    "2": "damit du dein Leben lang den HERRN, deinen Gott, fürchtest und alle seine Rechte und Gebote hältst, die ich dir gebiete, du und deine Kinder und deine Kindeskinder, auf dass du lange lebest."
  },
  {
    "3": "Israel, du sollst es hören und festhalten, dass du es tust, auf dass dir's wohlgehe und du groß an Zahl werdest, wie der HERR, der Gott deiner Väter, dir zugesagt hat, in dem Lande, darin Milch und Honig fließt."
  },
  {
    "4": "Höre, Israel, der HERR ist unser Gott, der HERR ist einer."
  },
  {
    "5": "Und du sollst den HERRN, deinen Gott, lieb haben von ganzem Herzen, von ganzer Seele und mit all deiner Kraft."
  },
  {
    "6": "Und diese Worte, die ich dir heute gebiete, sollst du zu Herzen nehmen"
  },
  {
    "7": "und sollst sie deinen Kindern einschärfen und davon reden, wenn du in<div>deinem Hause sitzt oder unterwegs bist, wenn du dich niederlegst oder</div><div>aufstehst.</div>"
  },
  {
    "8": "Und du sollst sie binden zum Zeichen auf deine Hand, und sie sollen dir ein Merkzeichen zwischen deinen Augen sein,"
  },
  {
    "9": "und du sollst sie schreiben auf die Pfosten deines Hauses und an die Tore."
  },
  {
    "10": "Wenn dich nun der HERR, dein Gott, in das Land bringen wird, von dem er deinen Vätern Abraham, Isaak und Jakob geschworen hat, es dir zu geben – große und schöne Städte, die du nicht gebaut hast,"
  },
  {
    "11": "und Häuser voller Güter, die du nicht gefüllt hast, und ausgehauene Brunnen, die du nicht ausgehauen hast, und Weinberge und Ölbäume, die du nicht gepflanzt hast –, und wenn du nun isst und satt wirst,"
  },
  {
    "12": "so hüte dich, dass du nicht den HERRN vergisst, der dich aus Ägyptenland, aus der Knechtschaft, geführt hat,"
  },
  {
    "13": "sondern du sollst den HERRN, deinen Gott, fürchten und ihm dienen und bei seinem Namen schwören."
  },
  {
    "14": "Und ihr sollt nicht andern Göttern nachfolgen, den Göttern der Völker, die um euch her sind –"
  },
  {
    "15": "denn der HERR, dein Gott, ist ein eifernder Gott in deiner Mitte –, dass nicht der Zorn des HERRN, deines Gottes, über dich entbrenne und dich vertilge von der Erde."
  },
  {
    "16": "Ihr sollt den HERRN, euren Gott, nicht versuchen, wie ihr ihn versucht habt in Massa,"
  },
  {
    "17": "sondern sollt halten die Gebote des HERRN, eures Gottes, seine Vermahnungen und seine Rechte, die er dir geboten hat,"
  },
  {
    "18": "dass du tust, was recht und gut ist vor den Augen des HERRN, auf dass dir's wohlgehe und du hineinkommest und einnehmest das gute Land, von dem der HERR deinen Vätern geschworen hat,"
  },
  {
    "19": "dass er verjagen wolle alle deine Feinde vor dir, wie der HERR es zugesagt hat."
  },
  {
    "20": "Wenn dich nun dein Sohn morgen fragen wird: Was sind das für Vermahnungen, Gebote und Rechte, die euch der HERR, unser Gott, geboten hat?,"
  },
  {
    "21": "so sollst du deinem Sohn sagen: Wir waren Knechte des Pharao in Ägypten, und der HERR führte uns aus Ägypten mit mächtiger Hand;"
  },
  {
    "22": "und der HERR tat große und furchtbare Zeichen und Wunder an Ägypten und am Pharao und an seinem ganzen Hause vor unsern Augen"
  },
  {
    "23": "und führte uns von dort weg, um uns hineinzubringen und uns das Land zu geben, wie er unsern Vätern geschworen hatte."
  },
  {
    "24": "Und der HERR hat uns geboten, nach all diesen Rechten zu tun, dass wir den HERRN, unsern Gott, fürchten, auf dass es uns wohlgehe allezeit und er uns am Leben erhalte, so wie es heute ist."
  },
  {
    "25": "Und das wird unsere Gerechtigkeit sein, dass wir alle diese Gebote tun und halten vor dem HERRN, unserm Gott, wie er uns geboten hat."
  }
]