[{"1":"Wenn nun dies alles über dich kommt, es sei der Segen oder der Fluch, die ich dir vorgelegt habe, und du es zu Herzen nimmst, wenn du unter den Heiden bist, unter die dich der HERR, dein Gott, verstoßen hat,"},{"2":"und du dich bekehrst zu dem HERRN, deinem Gott, dass du seiner Stimme gehorchst, du und deine Kinder, von ganzem Herzen und von ganzer Seele in allem, was ich dir heute gebiete,"},{"3":"so wird der HERR, dein Gott, deine Gefangenschaft wenden und sich deiner erbarmen und wird dich wieder sammeln aus allen Völkern, unter die dich der HERR, dein Gott, verstreut hat."},{"4":"Wenn du bis ans Ende des Himmels verstoßen wärst, so wird dich doch der HERR, dein Gott, von dort sammeln und dich von dort holen"},{"5":"und wird dich in das Land bringen, das deine Väter besessen haben, und du wirst es einnehmen, und er wird dir Gutes tun und dich zahlreicher machen, als deine Väter waren."},{"6":"Und der HERR, dein Gott, wird dein Herz beschneiden und das Herz deiner Nachkommen, damit du den HERRN, deinen Gott, liebst von ganzem Herzen und von ganzer Seele, auf dass du am Leben bleibst."},{"7":"Aber alle diese Flüche wird der HERR, dein Gott, auf deine Feinde legen und auf die, die dich hassen und verfolgen."},{"8":"Du aber wirst umkehren und der Stimme des HERRN gehorchen, dass du tust alle seine Gebote, die ich dir heute gebiete."},{"9":"Und der HERR, dein Gott, wird dir Glück geben zu allen Werken deiner Hände, zu der Frucht deines Leibes, zu den Jungtieren deines Viehs, zum Ertrag deines Ackers, dass dir's zugutekomme. Denn der HERR wird sich wieder über dich freuen, dir zugut, wie er sich über deine Väter gefreut hat,"},{"10":"weil du der Stimme des HERRN, deines Gottes, gehorchst und hältst seine Gebote und Rechte, die geschrieben stehen im Buch dieses Gesetzes, wenn du dich bekehrst zu dem HERRN, deinem Gott, von ganzem Herzen und von ganzer Seele."},{"11":"Denn das Gebot, das ich dir heute gebiete, ist dir nicht zu hoch und nicht zu fern."},{"12":"Es ist nicht im Himmel, dass du sagen müsstest: Wer will für uns in den Himmel fahren und es uns holen, dass wir's hören und tun?"},{"13":"Es ist auch nicht jenseits des Meeres, dass du sagen müsstest: Wer will für uns über das Meer fahren und es uns holen, dass wir's hören und tun?"},{"14":"Denn es ist das Wort ganz nahe bei dir, in deinem Munde und in deinem Herzen, dass du es tust."},{"15":"Siehe, ich lege dir heute das Leben und das Gute vor, den Tod und das Böse."},{"16":"Dies ist's, was ich dir heute gebiete: dass du den HERRN, deinen Gott, liebst und wandelst in seinen Wegen und seine Gebote, Gesetze und Rechte hältst, so wirst du leben und dich mehren, und der HERR, dein Gott, wird dich segnen in dem Lande, in das du ziehst, es einzunehmen."},{"17":"Wendet sich aber dein Herz und du gehorchst nicht, sondern lässt dich verführen, dass du andere Götter anbetest und ihnen dienst,"},{"18":"so verkünde ich euch heute, dass ihr umkommen und nicht lange in dem Lande bleiben werdet, in das du über den Jordan ziehst, es einzunehmen."},{"19":"Ich nehme Himmel und Erde heute über euch zu Zeugen: Ich habe euch Leben und Tod, Segen und Fluch vorgelegt, dass du das Leben erwählst und am Leben bleibst, du und deine Nachkommen,"},{"20":"dass du den HERRN, deinen Gott, liebst und seiner Stimme gehorchst und ihm anhangest. Denn das bedeutet für dich, dass du lebst und alt wirst und wohnen bleibst in dem Lande, das der HERR deinen Vätern Abraham, Isaak und Jakob geschworen hat, ihnen zu geben."}]