[{"1":"Alle Gebote, die ich dir heute gebiete, sollt ihr halten, dass ihr danach tut, damit ihr lebt und zahlreich werdet und hineinkommt und das Land einnehmt, das der HERR euren Vätern zugeschworen hat."},{"2":"Und gedenke des ganzen Weges, den dich der HERR, dein Gott, geleitet hat diese vierzig Jahre in der Wüste, auf dass er dich demütigte und versuchte, damit kundwürde, was in deinem Herzen wäre, ob du seine Gebote halten würdest oder nicht."},{"3":"Er demütigte dich und ließ dich hungern und speiste dich mit Manna, das du und deine Väter nie gekannt hatten, auf dass er dir kundtäte, dass der Mensch nicht lebt vom Brot allein, sondern von allem, was aus dem Mund des HERRN geht."},{"4":"Deine Kleider sind nicht zerrissen an dir, und deine Füße sind nicht geschwollen diese vierzig Jahre."},{"5":"So erkennst du ja in deinem Herzen, dass der HERR, dein Gott, dich erzogen hat, wie ein Mann seinen Sohn erzieht."},{"6":"So halte nun die Gebote des HERRN, deines Gottes, dass du in seinen Wegen wandelst und ihn fürchtest."},{"7":"Denn der HERR, dein Gott, führt dich in ein gutes Land, ein Land, darin Bäche und Quellen sind und Wasser in der Tiefe, die aus den Bergen und in den Auen fließen,"},{"8":"ein Land, darin Weizen, Gerste, Weinstöcke, Feigenbäume und Granatäpfel wachsen, ein Land, darin es Ölbäume und Honig gibt,"},{"9":"ein Land, wo du Brot genug zu essen hast, wo dir nichts mangelt, ein Land, in dessen Steinen Eisen ist, wo du Kupfererz aus den Bergen haust."},{"10":"Und wenn du gegessen hast und satt bist, sollst du den HERRN, deinen Gott, loben für das gute Land, das er dir gegeben hat."},{"11":"So hüte dich nun davor, den HERRN, deinen Gott, zu vergessen, sodass du seine Gebote und seine Gesetze und Rechte, die ich dir heute gebiete, nicht hältst."},{"12":"Wenn du nun gegessen hast und satt bist und schöne Häuser erbaust und darin wohnst"},{"13":"und deine Rinder und Schafe und Silber und Gold und alles, was du hast, sich mehrt,"},{"14":"dann hüte dich, dass dein Herz sich nicht überhebt und du den HERRN, deinen Gott, vergisst, der dich aus Ägyptenland geführt hat, aus der Knechtschaft,"},{"15":"und dich geleitet hat durch die große und furchtbare Wüste, wo feurige Schlangen und Skorpione und lauter Dürre und kein Wasser war, und ließ dir Wasser aus dem harten Felsen hervorgehen"},{"16":"und speiste dich mit Manna in der Wüste, von dem deine Väter nichts gewusst haben, auf dass er dich demütigte und versuchte, damit er dir hernach wohltäte."},{"17":"Du könntest sonst sagen in deinem Herzen: Meine Kräfte und meiner Hände Stärke haben mir diesen Reichtum gewonnen."},{"18":"Sondern gedenke an den HERRN, deinen Gott; denn er ist's, der dir Kräfte gibt, Reichtum zu gewinnen, auf dass er hielte seinen Bund, den er deinen Vätern geschworen hat, so wie es heute ist."},{"19":"Wirst du aber den HERRN, deinen Gott, vergessen und andern Göttern nachfolgen und ihnen dienen und sie anbeten, so bezeuge ich euch heute, dass ihr umkommen werdet;"},{"20":"eben wie die Heiden, die der HERR umbringt vor eurem Angesicht, so werdet ihr auch umkommen, weil ihr nicht gehorsam seid der Stimme des HERRN, eures Gottes."}]