[{"1":"Und Mose rief ganz Israel zusammen und sprach zu ihnen: Ihr habt alles gesehen, was der HERR vor euren Augen in Ägypten dem Pharao und allen seinen Großen und seinem ganzen Lande getan hat,"},{"2":"die gewaltigen Proben seiner Macht, die deine Augen gesehen haben, die großen Zeichen und Wunder."},{"3":"Und der HERR hat euch bis auf diesen heutigen Tag noch nicht ein Herz gegeben, das verständig wäre, Augen, die da sähen, und Ohren, die da hörten."},{"4":"Er hat euch vierzig Jahre in der Wüste wandern lassen. Eure Kleider sind euch nicht zerrissen, auch deine Schuhe nicht an deinen Füßen;"},{"5":"ihr habt kein Brot gegessen und keinen Wein getrunken und kein Bier, auf dass ihr erkennen solltet, dass ich der HERR, euer Gott, bin."},{"6":"Und als ihr kamt an diesen Ort, zogen aus der König Sihon von Heschbon und der König Og von Baschan uns entgegen, mit uns zu kämpfen. Und wir haben sie geschlagen"},{"7":"und ihr Land eingenommen und zum Erbteil gegeben den Rubenitern und Gaditern und dem halben Stamm Manasse."},{"8":"So haltet nun die Worte dieses Bundes und tut danach, auf dass ihr glücklich ausrichten könnt all euer Tun."},{"9":"Ihr steht heute alle vor dem HERRN, eurem Gott, die Häupter eurer Stämme, eure Ältesten, eure Amtleute, jeder Mann in Israel,"},{"10":"eure Kinder, eure Frauen, dein Fremdling, der in deinem Lager ist, dein Holzhauer und dein Wasserschöpfer,"},{"11":"damit du trittst in den Bund des HERRN, deines Gottes, und unter den Eid, den der HERR, dein Gott, dir heute auflegt,"},{"12":"dass er dich heute zum Volk für sich erhebe und er dein Gott sei, wie er dir zugesagt hat und wie er deinen Vätern Abraham, Isaak und Jakob geschworen hat."},{"13":"Denn ich schließe diesen Bund und diesen Eid nicht mit euch allein,"},{"14":"sondern mit euch, die ihr heute hier seid und mit uns steht vor dem HERRN, unserm Gott, wie auch mit denen, die heute nicht mit uns sind."},{"15":"Denn ihr wisst, wie wir in Ägyptenland gewohnt haben und mitten durch die Völker gezogen sind, durch deren Land ihr zogt."},{"16":"Ihr saht ihre Gräuel und ihre Götzen, die bei ihnen waren, Holz und Stein, Silber und Gold."},{"17":"Lasst ja nicht einen Mann oder eine Frau, ein Geschlecht oder einen Stamm unter euch sein, dessen Herz sich heute abwendet von dem HERRN, unserm Gott, dass jemand hingehe und diene den Göttern dieser Völker. Lasst unter euch nicht eine Wurzel aufwachsen, die da Gift und Wermut hervorbringt."},{"18":"Lasst niemand, der die Worte dieses Fluches hört, sich dennoch in seinem Herzen segnen und sprechen: Mir wird es wohlgehen, auch wenn ich wandle nach meinem verstockten Herzen –, damit nicht fortgerafft werde das wasserreiche mit dem dürren Land!"},{"19":"Einem solchen Mann wird der HERR nicht gnädig sein, sondern sein Zorn und Eifer wird entbrennen gegen ihn, und es werden sich auf ihn legen alle Flüche, die in diesem Buch geschrieben sind, und seinen Namen wird der HERR austilgen unter dem Himmel"},{"20":"und wird ihn zum Unheil absondern aus allen Stämmen Israels nach allen Flüchen des Bundes, der in dem Buch dieses Gesetzes geschrieben ist."},{"21":"Dann werden sagen künftige Geschlechter, eure Kinder, die nach euch aufkommen, und die Fremden, die aus fernen Landen kommen, wenn sie die Plagen dieses Landes sehen und die Krankheiten, mit denen der HERR es beladen hat –"},{"22":"all ihr Land hat er mit Schwefel und Salz verbrannt, dass es weder besät werden kann noch etwas wächst noch Kraut darin aufgeht, gleichwie Sodom und Gomorra, Adma und Zebojim zerstört sind, die der HERR in seinem Zorn und Grimm zerstört hat –,"},{"23":"ja, alle Völker werden sagen: Warum hat der HERR an diesem Lande so gehandelt? Was ist das für ein großer, grimmiger Zorn?"},{"24":"Dann wird man sagen: Darum, weil sie den Bund des HERRN, des Gottes ihrer Väter, verlassen haben, den er mit ihnen schloss, als er sie aus Ägyptenland führte,"},{"25":"und sind hingegangen und haben andern Göttern gedient und sie angebetet, Götter, die sie nicht kennen und die er ihnen nicht zugewiesen hat,"},{"26":"darum ist des HERRN Zorn entbrannt gegen dies Land, dass er über sie hat kommen lassen alle Flüche, die in diesem Buch geschrieben stehen."},{"27":"Und der HERR hat sie aus ihrem Lande gestoßen in großem Zorn, Grimm und ohne Erbarmen und hat sie in ein anderes Land geworfen, so wie es heute ist."},{"28":"Was verborgen ist, ist des HERRN, unseres Gottes; was aber offenbart ist, das gilt uns und unsern Kindern ewiglich, dass wir tun sollen alle Worte dieses Gesetzes."}]