[{"1":"Wenn du in das Land kommst, das dir der HERR, dein Gott, zum Erbe geben wird, und es einnimmst und darin wohnst,"},{"2":"so sollst du nehmen die Erstlinge aller Feldfrüchte, die du von deinem Lande einbringst, das der HERR, dein Gott, dir gibt, und sollst sie in einen Korb legen und hingehen an die Stätte, die der HERR, dein Gott, erwählen wird, dass sein Name daselbst wohne,"},{"3":"und sollst zu dem Priester kommen, der zu der Zeit sein wird, und zu ihm sagen: Ich bekenne heute dem HERRN, deinem Gott, dass ich gekommen bin in das Land, das der HERR, wie er unsern Vätern geschworen hat, uns geben wollte."},{"4":"Und der Priester soll den Korb aus deiner Hand nehmen und ihn vor dem Altar des HERRN, deines Gottes, niedersetzen."},{"5":"Dann sollst du anheben und sagen vor dem HERRN, deinem Gott: Mein Vater war ein Aramäer, dem Umkommen nahe, und zog hinab nach Ägypten und war dort ein Fremdling mit wenig Leuten und wurde dort ein großes, starkes und zahlreiches Volk."},{"6":"Aber die Ägypter behandelten uns schlecht und bedrückten uns und legten uns einen harten Dienst auf."},{"7":"Da schrien wir zu dem HERRN, dem Gott unserer Väter. Und der HERR erhörte unser Schreien und sah unser Elend, unsere Angst und Not"},{"8":"und führte uns aus Ägypten mit mächtiger Hand und ausgerecktem Arm und mit großem Schrecken, durch Zeichen und Wunder,"},{"9":"und brachte uns an diese Stätte und gab uns dies Land, darin Milch und Honig fließt."},{"10":"Nun bringe ich die Erstlinge der Früchte des Landes, das du, HERR, mir gegeben hast. – Und du sollst sie niederlegen vor dem HERRN, deinem Gott, und anbeten vor dem HERRN, deinem Gott,"},{"11":"und sollst fröhlich sein über alles Gut, das der HERR, dein Gott, dir und deinem Hause gegeben hat, du und der Levit und der Fremdling, der bei dir lebt."},{"12":"Wenn du den Zehnten deines ganzen Ertrages zusammengebracht hast im dritten Jahr, das ist das Zehnten-Jahr, so sollst du ihn dem Leviten, dem Fremdling, der Waise und der Witwe geben, dass sie in deiner Stadt essen und satt werden."},{"13":"Und du sollst sprechen vor dem HERRN, deinem Gott: Ich hab aus meinem Hause gebracht, was geheiligt ist, und hab's gegeben den Leviten, den Fremdlingen, den Waisen und den Witwen ganz nach deinem Gebot, das du mir geboten hast. Ich habe deine Gebote nicht übertreten noch vergessen."},{"14":"Ich habe nichts davon gegessen, als ich in Trauer war; ich habe nichts davon weggebracht, als ich unrein war; ich habe nichts davon gegeben als Gabe für die Toten. Ich bin der Stimme des HERRN, meines Gottes, gehorsam gewesen und habe alles getan, wie du es mir geboten hast."},{"15":"Sieh nun herab von deiner heiligen Wohnung, vom Himmel, und segne dein Volk Israel und das Land, das du uns gegeben hast, wie du unsern Vätern geschworen hast, ein Land, darin Milch und Honig fließt."},{"16":"Heute gebietet dir der HERR, dein Gott, dass du tust nach allen diesen Geboten und Rechten, dass du sie hältst und danach tust von ganzem Herzen und von ganzer Seele."},{"17":"Du hast dir heute vom HERRN sagen lassen, dass er dein Gott sein wolle und dass du sollest in allen seinen Wegen wandeln und halten seine Gesetze, Gebote und Rechte und seiner Stimme gehorchen."},{"18":"Und der HERR hat dich heute sagen lassen, dass du sein eigenes Volk sein wollest, wie er dir zugesagt hat, und alle seine Gebote halten wollest"},{"19":"und dass er dich zum höchsten über alle Völker machen werde, die er geschaffen hat, zum Lob, zum Ruhm und zur Ehre, dass du dem HERRN, deinem Gott, ein heiliges Volk seist, wie er zugesagt hat."}]