[{"1":"Wenn du nun der Stimme des HERRN, deines Gottes, gehorchen wirst, dass du hältst und tust alle seine Gebote, die ich dir heute gebiete, so wird dich der HERR, dein Gott, zum höchsten über alle Völker auf Erden machen."},{"2":"Und es werden über dich kommen alle diese Segnungen, und sie werden dich treffen, weil du der Stimme des HERRN, deines Gottes, gehorsam gewesen bist."},{"3":"Gesegnet wirst du sein in der Stadt, gesegnet wirst du sein auf dem Acker."},{"4":"Gesegnet wird sein die Frucht deines Leibes, der Ertrag deines Ackers und die Jungtiere deines Viehs, deiner Rinder und deiner Schafe."},{"5":"Gesegnet wird sein dein Korb und dein Backtrog."},{"6":"Gesegnet wirst du sein bei deinem Eingang und gesegnet bei deinem Ausgang."},{"7":"Und der HERR wird deine Feinde, die sich gegen dich erheben, vor dir schlagen. Auf einem Weg sollen sie ausziehen wider dich und auf sieben Wegen vor dir fliehen."},{"8":"Der HERR wird gebieten dem Segen, dass er mit dir sei in deinen Scheunen und in allem, was du unternimmst, und wird dich segnen in dem Land, das dir der HERR, dein Gott, gibt."},{"9":"Der HERR wird dich zum heiligen Volk für sich erheben, wie er dir geschworen hat, weil du die Gebote des HERRN, deines Gottes, hältst und in seinen Wegen wandelst."},{"10":"Und alle Völker auf Erden werden sehen, dass über dir der Name des HERRN genannt ist, und werden sich vor dir fürchten."},{"11":"Und der HERR wird machen, dass du Überfluss an Gutem haben wirst, an Frucht deines Leibes, an Jungtieren deines Viehs, an Ertrag deines Ackers, in dem Lande, das der HERR deinen Vätern geschworen hat, dir zu geben."},{"12":"Und der HERR wird dir seinen guten Schatz auftun, den Himmel, dass er deinem Land Regen gebe zur rechten Zeit und dass er segne alle Werke deiner Hände. Und du wirst vielen Völkern leihen, aber von niemand borgen."},{"13":"Und der HERR wird dich zum Kopf machen und nicht zum Schwanz, und du wirst immer aufwärtssteigen und nicht heruntersinken, weil du gehorsam bist den Geboten des HERRN, deines Gottes, die ich dir heute gebiete zu halten und zu tun,"},{"14":"und nicht abweichst von all den Worten, die ich euch heute gebiete, weder zur Rechten noch zur Linken, und nicht andern Göttern nachwandelst, um ihnen zu dienen."},{"15":"Wenn du aber nicht gehorchen wirst der Stimme des HERRN, deines Gottes, und wirst nicht halten und tun alle seine Gebote und Rechte, die ich dir heute gebiete, so werden alle diese Flüche über dich kommen und dich treffen:"},{"16":"Verflucht wirst du sein in der Stadt, verflucht wirst du sein auf dem Acker."},{"17":"Verflucht wird sein dein Korb und dein Backtrog."},{"18":"Verflucht wird sein die Frucht deines Leibes, der Ertrag deines Ackers, das Jungvieh deiner Rinder und Schafe."},{"19":"Verflucht wirst du sein bei deinem Eingang und verflucht bei deinem Ausgang."},{"20":"Der HERR wird unter dich senden Unfrieden, Unruhe und Unglück in allem, was du unternimmst, bis du vertilgt bist und bald untergegangen bist um deines bösen Treibens willen, weil du mich verlassen hast."},{"21":"Der HERR wird dir die Pest anhängen, bis er dich vertilgt hat in dem Lande, in das du kommst, es einzunehmen."},{"22":"Der HERR wird dich schlagen mit Auszehrung, Entzündung, Fieber, Wundbrand, Dürre, Getreidebrand und Getreiderost; die werden dich verfolgen, bis du umkommst."},{"23":"Der Himmel, der über deinem Haupt ist, wird ehern werden und die Erde unter dir eisern."},{"24":"Statt des Regens für dein Land wird der HERR Staub und Asche vom Himmel auf dich geben, bis du vertilgt bist."},{"25":"Der HERR wird dich vor deinen Feinden schlagen. Auf einem Weg wirst du wider sie ausziehen, und auf sieben Wegen wirst du vor ihnen fliehen und wirst zum Entsetzen werden für alle Reiche auf Erden."},{"26":"Deine Leichname werden zum Fraß werden allen Vögeln des Himmels und allen Tieren des Landes, und niemand wird sein, der sie verscheucht."},{"27":"Der HERR wird dich schlagen mit ägyptischem Geschwür, Beulen, Krätze und Ausschlag, dass du nicht geheilt werden kannst."},{"28":"Der HERR wird dich schlagen mit Wahnsinn, Blindheit und Verwirrung des Geistes."},{"29":"Und du wirst tappen am Mittag, wie ein Blinder tappt im Dunkeln, und wirst auf deinem Wege kein Glück haben, sondern Gewalt und Unrecht leiden müssen dein Leben lang, und niemand wird dir helfen."},{"30":"Mit einer Frau wirst du dich verloben; aber ein anderer wird bei ihr schlafen. Ein Haus wirst du bauen; aber du wirst nicht darin wohnen. Einen Weinberg wirst du pflanzen; aber du wirst nichts von ihm haben."},{"31":"Dein Rind wird vor deinen Augen geschlachtet werden; aber du wirst nicht davon essen. Dein Esel wird vor deinem Angesicht mit Gewalt genommen und nicht zu dir zurückkommen. Dein Schaf wird deinen Feinden gegeben werden, und niemand wird dir helfen."},{"32":"Deine Söhne und deine Töchter werden einem andern Volk gegeben werden, dass deine Augen zusehen müssen und täglich vor Verlangen nach ihnen vergehen, und in deinen Händen wird keine Kraft sein."},{"33":"Den Ertrag deines Ackers und alle deine Arbeit wird ein Volk verzehren, das du nicht kennst, und du wirst geplagt und geschunden werden dein Leben lang"},{"34":"und wirst wahnsinnig werden bei dem, was deine Augen sehen müssen."},{"35":"Der HERR wird dich schlagen mit bösen Geschwüren an den Knien und Waden, dass du nicht geheilt werden kannst, von den Fußsohlen bis zum Scheitel."},{"36":"Der HERR wird dich und deinen König, den du über dich gesetzt hast, unter ein Volk treiben, das du nicht kennst noch deine Väter, und du wirst dort andern Göttern dienen: Holz und Stein."},{"37":"Und du wirst zum Entsetzen, zum Sprichwort und zum Spott werden unter allen Völkern, zu denen der HERR dich treibt."},{"38":"Du wirst viel Samen auf das Feld säen, aber wenig einsammeln; denn die Heuschrecken werden's abfressen."},{"39":"Weinberge wirst du pflanzen und bauen, aber weder Wein trinken noch Trauben lesen; denn die Würmer werden's verzehren."},{"40":"Ölbäume wirst du haben in deinem ganzen Gebiet, aber du wirst dich nicht salben mit Öl; denn dein Ölbaum wird seine Frucht abwerfen."},{"41":"Söhne und Töchter wirst du zeugen und doch nicht behalten; denn sie werden gefangen weggeführt werden."},{"42":"Über alle Bäume und Früchte deines Landes wird das Ungeziefer herfallen."},{"43":"Der Fremdling, der bei dir ist, wird immer höher über dich emporsteigen; du aber wirst immer tiefer heruntersinken."},{"44":"Er wird dir leihen, du aber wirst ihm nicht leihen können; er wird der Kopf sein, und du wirst der Schwanz sein."},{"45":"Alle diese Flüche werden über dich kommen und dich verfolgen und treffen, bis du vertilgt bist, weil du der Stimme des HERRN, deines Gottes, nicht gehorcht und seine Gebote und Rechte nicht gehalten hast, die er dir geboten hat."},{"46":"Und diese Flüche werden Zeichen und Wunder sein an dir und an deinen Nachkommen immerdar,"},{"47":"weil du dem HERRN, deinem Gott, nicht gedient hast mit Freude und Lust deines Herzens, obwohl du Überfluss hattest an allem."},{"48":"Und du wirst deinem Feinde, den der HERR gegen dich schicken wird, dienen in Hunger und Durst, in Blöße und allerlei Mangel, und er wird ein eisernes Joch auf deinen Hals legen, bis er dich vertilgt hat."},{"49":"Der HERR wird ein Volk über dich schicken von ferne, vom Ende der Erde, wie ein Adler fliegt, ein Volk, dessen Sprache du nicht verstehst,"},{"50":"ein freches Volk, das nicht Rücksicht nimmt auf die Alten und die Jungen nicht schont."},{"51":"Es wird verzehren die Jungtiere deines Viehs und den Ertrag deines Ackers, bis du vertilgt bist, und wird dir nichts übrig lassen vom Korn, Wein und Öl und vom Jungvieh deiner Rinder und Schafe, bis es dich umgebracht hat."},{"52":"Es wird dich belagern in allen deinen Städten, bis es niedergeworfen hat deine hohen und festen Mauern, auf die du dich verlässt, in deinem ganzen Lande; und du wirst belagert werden in allen deinen Städten, in deinem ganzen Lande, das dir der HERR, dein Gott, gegeben hat."},{"53":"Du wirst die Frucht deines Leibes, das Fleisch deiner Söhne und deiner Töchter, die dir der HERR, dein Gott, gegeben hat, essen in der Angst und Not, mit der dich dein Feind bedrängen wird."},{"54":"Ein Mann unter euch, der zuvor verwöhnt und in Üppigkeit gelebt hat, wird seinem Bruder und der Frau in seinen Armen und dem Sohn, der noch übrig ist von seinen Söhnen, nichts gönnen"},{"55":"von dem Fleisch seiner Söhne, das er isst, weil ihm nichts übrig geblieben ist von allem Gut in der Angst und Not, mit der dich dein Feind bedrängen wird in allen deinen Städten."},{"56":"Eine Frau unter euch, die zuvor so verwöhnt und in Üppigkeit gelebt hat, dass sie nicht einmal versucht hat, ihre Fußsohle auf die Erde zu setzen, vor Verwöhnung und Wohlleben, die wird dem Mann in ihren Armen und ihrem Sohn und ihrer Tochter nicht gönnen"},{"57":"die Nachgeburt, die von ihr ausgegangen ist, und ihr Kind, das sie geboren hat; denn sie wird beides vor Mangel an allem heimlich essen in der Angst und Not, mit der dich dein Feind bedrängen wird in deinen Städten."},{"58":"Wenn du nicht darauf hältst, dass du alle Worte dieses Gesetzes tust, die in diesem Buch geschrieben sind, und nicht fürchtest diesen herrlichen und heiligen Namen, den HERRN, deinen Gott,"},{"59":"so wird der HERR schrecklich mit dir umgehen und dich und deine Nachkommen schlagen mit großen und anhaltenden Plagen, mit bösen und anhaltenden Krankheiten."},{"60":"Und er wird auch alle Seuchen Ägyptens über dich bringen, vor denen du dich fürchtest, und sie werden dich nicht loslassen;"},{"61":"dazu wird der HERR alle Krankheiten und alle Plagen, die nicht geschrieben sind in dem Buch dieses Gesetzes, über dich kommen lassen, bis du vertilgt bist."},{"62":"Und nur wenige werden übrig bleiben von euch, die ihr zuvor zahlreich gewesen seid wie die Sterne am Himmel, weil du nicht gehorcht hast der Stimme des HERRN, deines Gottes."},{"63":"Und wie sich der HERR zuvor freute, euch Gutes zu tun und euch zu mehren, so wird er sich nun freuen, euch umzubringen und zu vertilgen, und ihr werdet herausgerissen werden aus dem Lande, in das du jetzt ziehst, es einzunehmen."},{"64":"Denn der HERR wird dich zerstreuen unter alle Völker von einem Ende der Erde bis ans andere, und du wirst dort andern Göttern dienen, die du nicht kennst noch deine Väter: Holz und Stein."},{"65":"Dazu wirst du unter jenen Völkern keine Ruhe haben, und deine Füße werden keine Ruhestatt finden. Denn der HERR wird dir dort ein bebendes Herz geben und erlöschende Augen und eine verzagende Seele,"},{"66":"und dein Leben wird immerdar in Gefahr schweben; Nacht und Tag wirst du dich fürchten und deines Lebens nicht sicher sein."},{"67":"Morgens wirst du sagen: Ach dass es Abend wäre!, und abends wirst du sagen: Ach dass es Morgen wäre!, vor Furcht deines Herzens, die dich schrecken wird, und vor dem, was du mit deinen Augen sehen wirst."},{"68":"Und der HERR wird dich mit Schiffen wieder nach Ägypten führen, auf dem Wege, von dem ich dir gesagt habe: Du sollst ihn nicht mehr sehen. Und ihr werdet dort euren Feinden als Knechte und Mägde verkauft werden, aber es wird kein Käufer da sein."},{"69":"Dies sind die Worte des Bundes, den der HERR dem Mose geboten hat, mit Israel zu schließen im Lande Moab, neben dem Bund, den er mit ihnen geschlossen hatte am Horeb."}]