[{"1":"Und Mose ging hin und redete diese Worte mit ganz Israel"},{"2":"und sprach zu ihnen: Ich bin heute hundertzwanzig Jahre alt, ich kann nicht mehr aus und ein gehen. Dazu hat der HERR zu mir gesagt: Den Jordan hier sollst du nicht überschreiten!"},{"3":"Der HERR, dein Gott, wird selber vor dir hergehen. Er selber wird diese Völker vor dir her vertilgen, dass du ihr Land einnehmen kannst. Josua, der soll vor dir hinübergehen, wie es der HERR zugesagt hat."},{"4":"Und der HERR wird mit ihnen tun, wie er getan hat mit Sihon und Og, den Königen der Amoriter, und ihrem Lande, die er vertilgt hat."},{"5":"Wenn sie nun der HERR vor euren Augen dahingeben wird, so sollt ihr mit ihnen tun ganz nach dem Gebot, das ich euch gegeben habe."},{"6":"Seid getrost und unverzagt, fürchtet euch nicht und lasst euch nicht vor ihnen grauen; denn der HERR, dein Gott, wird selber mit dir ziehen und wird die Hand nicht abtun und dich nicht verlassen."},{"7":"Und Mose rief Josua und sprach zu ihm vor den Augen von ganz Israel: Sei getrost und unverzagt; denn du wirst mit diesem Volk in das Land gehen, das der HERR ihren Vätern geschworen hat, ihnen zu geben, und du wirst es unter sie austeilen."},{"8":"Der HERR aber, der selber vor euch hergeht, der wird mit dir sein und wird die Hand nicht abtun und dich nicht verlassen. Fürchte dich nicht und erschrick nicht!"},{"9":"Und Mose schrieb dies Gesetz und gab's den Priestern, den Söhnen Levi, die die Lade des Bundes des HERRN trugen, und allen Ältesten Israels"},{"10":"und gebot ihnen und sprach: Jeweils nach sieben Jahren, zur Zeit des Erlassjahrs, am Laubhüttenfest,"},{"11":"wenn ganz Israel kommt, zu erscheinen vor dem Angesicht des HERRN, deines Gottes, an der Stätte, die er erwählen wird, sollst du dies Gesetz vor ganz Israel ausrufen lassen vor ihren Ohren."},{"12":"Versammle das Volk, die Männer, Frauen und Kinder und den Fremdling, der in deinen Städten lebt, damit sie es hören und lernen und den HERRN, euren Gott, fürchten und alle Worte dieses Gesetzes halten und tun"},{"13":"und dass ihre Kinder, die es nicht kennen, es auch hören und lernen, den HERRN, euren Gott, zu fürchten alle Tage, die ihr in dem Lande lebt, in das ihr zieht über den Jordan, um es einzunehmen."},{"14":"Und der HERR sprach zu Mose: Siehe, deine Zeit ist herbeigekommen, dass du sterben musst. Rufe Josua und tretet hin zur Stiftshütte, dass ich ihm Befehl gebe. Mose ging hin mit Josua, und sie traten hin zur Stiftshütte."},{"15":"Der HERR aber erschien in der Hütte in einer Wolkensäule, und die Wolkensäule stand am Eingang des Zeltes."},{"16":"Und der HERR sprach zu Mose: Siehe, du wirst schlafen bei deinen Vätern, und dies Volk wird sich erheben und nachhuren den fremden Göttern des Landes, in das sie kommen, und wird mich verlassen und den Bund brechen, den ich mit ihm geschlossen habe."},{"17":"Da wird mein Zorn entbrennen über sie zur selben Zeit, und ich werde sie verlassen und mein Antlitz vor ihnen verbergen, sodass sie völlig verzehrt werden. Und wenn sie dann viel Unglück und Angst treffen wird, werden sie sagen: Hat mich nicht dies Übel alles getroffen, weil mein Gott nicht mit mir ist?"},{"18":"Ich aber werde mein Antlitz verborgen halten zu der Zeit um all des Bösen willen, das sie getan haben, weil sie sich zu andern Göttern wandten."},{"19":"So schreibt euch nun dies Lied auf und lehrt es die Israeliten und legt es in ihren Mund, dass mir das Lied ein Zeuge sei unter den Israeliten."},{"20":"Denn ich will sie in das Land bringen, das ich ihren Vätern zu geben geschworen habe, darin Milch und Honig fließt. Und wenn sie essen und satt und fett werden, so werden sie sich zu andern Göttern wenden und ihnen dienen, mich aber lästern und meinen Bund brechen."},{"21":"Und wenn sie dann viel Unglück und Angst treffen wird, so soll dies Lied vor ihnen als Zeuge reden; denn es soll nicht vergessen werden im Mund ihrer Nachkommen. Denn ich weiß ihre Gedanken, mit denen sie schon jetzt umgehen, ehe ich sie in das Land bringe, wie ich geschworen habe."},{"22":"Also schrieb Mose dies Lied zur selben Zeit auf und lehrte es die Israeliten."},{"23":"Und der Herr befahl Josua, dem Sohn Nuns, und sprach: Sei getrost und unverzagt, denn du sollst die Israeliten in das Land führen, wie ich ihnen geschworen habe, und ich will mit dir sein."},{"24":"Als nun Mose damit fertig war, die Worte dieses Gesetzes vollständig in ein Buch zu schreiben,"},{"25":"gebot er den Leviten, die die Lade des Bundes des HERRN trugen, und sprach:"},{"26":"Nehmt dieses Buch des Gesetzes und legt es neben die Lade des Bundes des HERRN, eures Gottes, dass es dort ein Zeuge sei wider dich."},{"27":"Denn ich kenne deinen Ungehorsam und deine Halsstarrigkeit. Siehe, jetzt schon, während ich noch bei euch lebe, seid ihr ungehorsam gewesen gegen den HERRN; wie viel mehr nach meinem Tode!"},{"28":"Versammelt vor mir alle Ältesten eurer Stämme und eure Amtleute, dass ich diese Worte vor ihren Ohren rede und Himmel und Erde wider sie zu Zeugen nehme."},{"29":"Denn ich weiß, dass ihr euch nach meinem Tode sehr versündigen werdet und von dem Wege abweichen, den ich euch geboten habe. So wird euch zuletzt das Unheil treffen, weil ihr tut, was böse ist in den Augen des HERRN, und ihn erzürnt durch eurer Hände Werk."},{"30":"Und Mose trug vor den Ohren der ganzen Gemeinde Israel dies Lied bis zum letzten Wort vor:"}]