[{"1":"Hört dies Wort, ein Klagelied, das ich über euch anstimme, Haus Israel:"},{"2":"Die Jungfrau Israel ist gefallen, dass sie nicht wieder aufstehen wird; sie ist zu Boden gestoßen und niemand ist da, der ihr aufhelfe."},{"3":"Ja, so spricht Gott der HERR: Die Stadt, aus der tausend zum Kampf ausziehen, soll nur hundert übrig behalten, und aus der hundert ausziehen, die soll nur zehn übrig behalten – dies für das Haus Israel."},{"4":"Ja, so spricht der HERR zum Hause Israel: Suchet mich, so werdet ihr leben."},{"5":"Suchet nicht Bethel und kommt nicht nach Gilgal und geht nicht nach Beerscheba; denn Gilgal wird gefangen weggeführt werden, und Bethel wird zunichtewerden."},{"6":"Suchet den HERRN, so werdet ihr leben, dass er nicht daherfahre über das Haus Josef wie ein verzehrendes Feuer, das niemand löschen kann – dies für Bethel –,"},{"7":"die ihr das Recht in Wermut verwandelt und die Gerechtigkeit zu Boden gestoßen habt."},{"8":"Der das Siebengestirn und den Orion gemacht hat, der Finsternis in Morgen verwandelt und Tag in Nacht verfinstert hat, der das Wasser des Meeres gerufen und auf dem Erdboden ausgegossen hat – er heißt »HERR« –,"},{"9":"der über den Starken Verderben kommen lässt und bringt Verderben über die feste Stadt."},{"10":"Sie hassen den, der im Tor Recht spricht, und verabscheuen den, der die Wahrheit sagt."},{"11":"Darum, weil ihr die Armen unterdrückt und nehmt von ihnen hohe Abgaben an Korn, so sollt ihr in den Häusern nicht wohnen, die ihr von Quadersteinen gebaut habt, und den Wein nicht trinken, den ihr in den feinen Weinbergen gepflanzt habt."},{"12":"Denn ich kenne eure Frevel, die so viel sind, und eure Sünden, die so groß sind, wie ihr die Gerechten bedrängt und Bestechungsgeld nehmt und die Armen im Tor unterdrückt."},{"13":"Darum muss der Kluge zu dieser Zeit schweigen; denn es ist eine böse Zeit."},{"14":"Suchet das Gute und nicht das Böse, auf dass ihr lebet und der HERR, der Gott Zebaoth, mit euch sei, wie ihr rühmt."},{"15":"Hasst das Böse und liebt das Gute, richtet das Recht auf im Tor, vielleicht wird der HERR, der Gott Zebaoth, gnädig sein dem Rest Josefs."},{"16":"Darum, so spricht der HERR, der Gott Zebaoth, der Herr: Es wird in allen Gassen Wehklagen sein, und auf allen Straßen wird man sagen: »Weh! Weh!« Und man wird den Ackermann zum Trauern rufen und zum Wehklagen, wer die Totenklage erheben kann."},{"17":"In allen Weinbergen wird Wehklagen sein; denn ich will unter euch dreinfahren, spricht der HERR."},{"18":"Weh! Die ihr den Tag des HERRN herbeiwünscht, was soll er euch? Denn des HERRN Tag ist Finsternis und nicht Licht,"},{"19":"gleich als wenn jemand vor dem Löwen flieht und der Bär begegnet ihm, und er kommt ins Haus und lehnt sich mit der Hand an die Wand, da beißt ihn die Schlange!"},{"20":"Ist nicht des HERRN Tag finster und nicht licht, dunkel und nicht hell?"},{"21":"Ich hasse und verachte eure Feste und mag eure Versammlungen nicht riechen –"},{"22":"es sei denn, ihr bringt mir rechte Brandopfer dar –, und an euren Speisopfern habe ich kein Gefallen, und euer fettes Schlachtopfer sehe ich nicht an."},{"23":"Tu weg von mir das Geplärr deiner Lieder; denn ich mag dein Harfenspiel nicht hören!"},{"24":"Es ströme aber das Recht wie Wasser und die Gerechtigkeit wie ein nie versiegender Bach."},{"25":"Habt ihr vom Hause Israel mir in der Wüste die vierzig Jahre lang Schlachtopfer und Speisopfer geopfert?"},{"26":"Ihr trugt den Sakkut, euren König, und Kewan, den Stern eures Gottes, eure Bilder, welche ihr euch selbst gemacht habt;"},{"27":"so will ich euch wegführen lassen bis jenseits von Damaskus, spricht der HERR, der Gott Zebaoth heißt."}]