[{"1":"So spricht der HERR: Um der drei, ja der vier Frevel willen derer von Moab will ich es nicht zurücknehmen, weil sie die Gebeine des Königs von Edom verbrannt haben zu Kalk;"},{"2":"sondern ich will Feuer schicken nach Moab, das soll die Paläste von Kerijot verzehren, und Moab soll sterben im Getümmel und Geschrei und Posaunenhall."},{"3":"Und ich will den Herrscher aus seiner Mitte ausrotten und alle seine Oberen mit ihm töten, spricht der HERR."},{"4":"So spricht der HERR: Um der drei, ja der vier Frevel willen derer von Juda will ich es nicht zurücknehmen, weil sie des HERRN Gesetz verachteten und seine Ordnungen nicht hielten und sich von ihren Lügengötzen verführen ließen, denen ihre Väter nachgefolgt sind;"},{"5":"sondern ich will Feuer nach Juda schicken, das soll die Paläste von Jerusalem verzehren."},{"6":"So spricht der HERR: Um der drei, ja der vier Frevel willen derer von Israel will ich es nicht zurücknehmen, weil sie die Unschuldigen um Geld und die Armen um ein Paar Schuhe verkaufen."},{"7":"Sie treten den Kopf der Armen in den Staub und drängen die Elenden vom Wege. Sohn und Vater gehen zu demselben Mädchen, um meinen heiligen Namen zu entheiligen."},{"8":"Und bei allen Altären strecken sie sich aus auf den gepfändeten Kleidern und trinken Wein vom Gelde der Bestraften im Hause ihres Gottes."},{"9":"Und dabei habe ich den Amoriter vor ihnen her vertilgt, der so hoch war wie die Zedern und so stark wie die Eichen, und ich vertilgte oben seine Frucht und unten seine Wurzel."},{"10":"Auch habe ich euch aus Ägyptenland geführt und vierzig Jahre in der Wüste geleitet, damit ihr der Amoriter Land besäßet."},{"11":"Und ich habe aus euren Söhnen Propheten erweckt und Gottgeweihte aus euren Jünglingen. Ist's nicht so, ihr Israeliten?, spricht der HERR."},{"12":"Aber ihr habt den Gottgeweihten Wein zu trinken gegeben und den Propheten geboten: Ihr sollt nicht weissagen!"},{"13":"Siehe, ich will's unter euch schwanken machen, wie ein Wagen voll Garben schwankt,"},{"14":"sodass, wer schnell ist, nicht entfliehen noch der Starke etwas vermögen soll, und der Mächtige soll nicht sein Leben retten können."},{"15":"Die Bogenschützen sollen nicht standhalten, und wer schnell laufen kann, soll nicht entrinnen, und wer da reitet, soll sein Leben nicht retten,"},{"16":"und wer unter den Starken der mannhafteste ist, soll nackt entfliehen müssen an jenem Tage, spricht der HERR."}]