[{"1":"Ich sah den Herrn über dem Altar stehen, und er sprach: Schlage an den Knauf, dass die Pfosten beben und die Trümmer ihnen allen auf den Kopf fallen; und was noch übrig bleibt von ihnen, will ich mit dem Schwert töten, dass keiner von ihnen entfliehen noch irgendeiner entkommen soll!"},{"2":"Und wenn sie sich auch unten bei den Toten vergrüben, soll sie doch meine Hand von dort holen, und wenn sie zum Himmel hinaufstiegen, will ich sie doch herunterstoßen."},{"3":"Und wenn sie sich auch versteckten oben auf dem Berge Karmel, will ich sie doch suchen und von dort herabholen; und wenn sie sich vor meinen Augen verbärgen im Grunde des Meeres, so will ich doch der Schlange befehlen, sie dort zu beißen."},{"4":"Und wenn sie vor ihren Feinden gefangen einhergingen, so will ich doch dem Schwert befehlen, sie dort zu töten. Denn ich will meine Augen auf sie richten zum Bösen und nicht zum Guten."},{"5":"Und Gott, der HERR Zebaoth, ist es, der die Erde anrührt, dass sie bebt und alle ihre Bewohner trauern müssen und dass sie sich hebt wie die Wasser des Nils und sich senkt wie der Strom Ägyptens;"},{"6":"er ist es, der seinen Saal in den Himmel gebaut und seinen Palast über der Erde gegründet hat, der das Wasser im Meer herbeirief und auf das Erdreich schüttete. Er heißt HERR!"},{"7":"Seid ihr Israeliten mir nicht gleichwie die Kuschiter?, spricht der HERR. Habe ich nicht Israel aus Ägyptenland geführt und die Philister aus Kaftor und die Aramäer aus Kir?"},{"8":"Siehe, die Augen Gottes des HERRN sehen auf das sündige Königreich, dass ich's vom Erdboden vertilge, wiewohl ich das Haus Jakob nicht ganz vertilgen will, spricht der HERR."},{"9":"Denn siehe, ich will befehlen und das Haus Israel unter allen Heiden schütteln lassen, gleichwie man mit einem Sieb schüttelt und kein Stein zur Erde fällt."},{"10":"Alle Sünder in meinem Volk sollen durchs Schwert sterben, die da sagen: Es wird das Unglück nicht so nahe sein noch uns begegnen."},{"11":"Zur selben Zeit will ich die zerfallene Hütte Davids wieder aufrichten und ihre Risse vermauern und, was abgebrochen ist, wieder aufrichten und will sie bauen, wie sie vorzeiten gewesen ist,"},{"12":"damit sie in Besitz nehmen, was übrig ist von Edom, und alle Heiden, über die mein Name genannt ist, spricht der HERR, der solches tut."},{"13":"Siehe, es kommt die Zeit, spricht der HERR, dass man zugleich ackern und ernten, zugleich keltern und säen wird. Und die Berge werden von Most triefen, und alle Hügel werden fruchtbar sein."},{"14":"Ich will die Gefangenschaft meines Volkes Israel wenden, dass sie die verwüsteten Städte wieder aufbauen und bewohnen sollen, dass sie Weinberge pflanzen und Wein davon trinken, Gärten anlegen und Früchte daraus essen."},{"15":"Ich will sie in ihr Land pflanzen, dass sie nicht mehr aus ihrem Lande ausgerottet werden, das ich ihnen gegeben habe, spricht der HERR, dein Gott."}]