[{"1":"So ließ Gott der HERR mich schauen: Und siehe, da stand ein Korb zur Ernte."},{"2":"Und er sprach: Was siehst du, Amos? Ich aber antwortete: Einen Korb zur Ernte. Da sprach der HERR zu mir: Das Ende ist gekommen über mein Volk Israel. Ich will nicht mehr an ihm vorübergehen!"},{"3":"Und die Lieder im Tempel sollen in Heulen verkehrt werden zur selben Zeit, spricht Gott der HERR. Es werden an allen Orten viele Leichname liegen, die man hingeworfen hat. Still!"},{"4":"Höret dies, die ihr die Armen unterdrückt und die Elenden im Lande zugrunde richtet"},{"5":"und sprecht: Wann will denn der Neumond ein Ende haben, dass wir Getreide verkaufen, und der Sabbat, dass wir Korn feilhalten können und das Maß verringern und den Preis steigern und die Waage fälschen,"},{"6":"damit wir die Armen um Geld und die Geringen um ein Paar Schuhe in unsere Gewalt bringen und Spreu für Korn verkaufen?"},{"7":"Der HERR hat bei sich, dem Stolz Jakobs, geschworen: Niemals werde ich diese ihre Taten vergessen!"},{"8":"Sollte nicht um solcher Taten willen das Land erbeben müssen und alle Bewohner trauern? Ja, es soll sich heben wie die Wasser des Nils und sich senken wie der Strom Ägyptens."},{"9":"Zur selben Zeit, spricht Gott der HERR, will ich die Sonne am Mittag untergehen und das Land am hellen Tage finster werden lassen."},{"10":"Ich will eure Feiertage in Trauer und alle eure Lieder in Wehklagen verwandeln. Ich will über alle Lenden den Sack bringen und alle Köpfe kahl machen und will ein Trauern schaffen, wie man trauert über den einzigen Sohn, und es soll ein bitteres Ende nehmen."},{"11":"Siehe, es kommt die Zeit, spricht Gott der HERR, dass ich einen Hunger ins Land schicken werde, nicht einen Hunger nach Brot oder Durst nach Wasser, sondern nach dem Wort des HERRN, es zu hören;"},{"12":"dass sie hin und her von einem Meer zum andern, von Norden nach Osten laufen und des HERRN Wort suchen und doch nicht finden werden."},{"13":"Zu der Zeit werden die schönen Jungfrauen und die Jünglinge verschmachten vor Durst,"},{"14":"die jetzt schwören bei dem Abgott Samarias und sprechen: »So wahr dein Gott lebt, Dan!«, und: »So wahr der Weg nach Beerscheba lebt!« Sie sollen so fallen, dass sie nicht wieder aufstehen können."}]