[{"1":"Danach verließ Paulus Athen und kam nach Korinth"},{"2":"und fand einen Juden mit Namen Aquila, aus Pontus gebürtig; der war mit seiner Frau Priszilla kürzlich aus Italien gekommen, weil Kaiser Klaudius allen Juden geboten hatte, Rom zu verlassen. Zu denen ging Paulus."},{"3":"Und weil er das gleiche Handwerk hatte, blieb er bei ihnen und arbeitete; sie waren nämlich von Beruf Zeltmacher."},{"4":"Und er lehrte in der Synagoge an allen Sabbaten und überzeugte Juden und Griechen."},{"5":"Als aber Silas und Timotheus aus Makedonien kamen, richtete sich Paulus ganz auf die Verkündigung des Wortes und bezeugte den Juden, dass Jesus der Christus ist."},{"6":"Da sie aber widerstrebten und lästerten, schüttelte er die Kleider aus und sprach zu ihnen: Euer Blut komme über euer Haupt; rein bin ich und gehe von nun an zu den Heiden."},{"7":"Und er machte sich auf von dort und kam in das Haus eines Mannes mit Namen Titius Justus, eines Gottesfürchtigen; dessen Haus war neben der Synagoge."},{"8":"Krispus aber, der Vorsteher der Synagoge, glaubte an den Herrn mit seinem ganzen Hause, und auch viele Korinther, die zuhörten, glaubten und ließen sich taufen."},{"9":"Es sprach aber der Herr durch eine Erscheinung in der Nacht zu Paulus: Fürchte dich nicht, sondern rede und schweige nicht!"},{"10":"Denn ich bin mit dir, und niemand soll sich unterstehen, dir zu schaden; denn ich habe ein großes Volk in dieser Stadt."},{"11":"Er blieb aber dort ein Jahr und sechs Monate und lehrte unter ihnen das Wort Gottes."},{"12":"Als aber Gallio Statthalter in Achaia war, empörten sich die Juden einmütig gegen Paulus und führten ihn vor den Richterstuhl"},{"13":"und sprachen: Dieser Mensch überredet die Leute, Gott zu dienen dem Gesetz zuwider."},{"14":"Als aber Paulus den Mund auftun wollte, sprach Gallio zu den Juden: Wenn es um einen Frevel oder ein Verbrechen ginge, ihr Juden, so würde ich eure Klage anhören."},{"15":"Weil es aber Fragen sind über Lehre und Namen und das Gesetz bei euch, so seht ihr selber zu; ich gedenke, darüber nicht Richter zu sein."},{"16":"Und er trieb sie weg von dem Richterstuhl."},{"17":"Da ergriffen sie alle Sosthenes, den Vorsteher der Synagoge, und schlugen ihn vor dem Richterstuhl, und Gallio kümmerte sich nicht darum."},{"18":"Paulus aber blieb noch eine Zeit lang dort. Danach nahm er Abschied von den Brüdern und Schwestern und wollte nach Syrien fahren und mit ihm Priszilla und Aquila. Zuvor ließ er sich in Kenchreä sein Haupt scheren, denn er hatte ein Gelübde getan."},{"19":"Und sie kamen nach Ephesus und er ließ die beiden dort zurück; er aber ging in die Synagoge und redete mit den Juden."},{"20":"Sie baten ihn aber, dass er längere Zeit bei ihnen bleibe. Doch er willigte nicht ein,"},{"21":"sondern nahm Abschied von ihnen und sprach: Will's Gott, so werde ich wieder zu euch kommen. Und er fuhr weg von Ephesus"},{"22":"und kam nach Cäsarea und ging hinauf nach Jerusalem und grüßte die Gemeinde und zog hinab nach Antiochia."},{"23":"Und nachdem er einige Zeit geblieben war, brach er wieder auf und durchzog nacheinander das galatische Land und Phrygien und stärkte alle Jünger."},{"24":"Es kam aber nach Ephesus ein Jude mit Namen Apollos, aus Alexandria gebürtig, ein beredter Mann und gelehrt in der Schrift."},{"25":"Dieser war unterwiesen im Weg des Herrn und redete brennend im Geist und lehrte richtig von Jesus, wusste aber nur von der Taufe des Johannes."},{"26":"Er fing an, frei und offen zu predigen in der Synagoge. Als ihn Aquila und Priszilla hörten, nahmen sie ihn zu sich und legten ihm den Weg Gottes noch genauer aus."},{"27":"Als er aber nach Achaia reisen wollte, ermunterten ihn die Brüder und schrieben den Jüngern, sie möchten ihn aufnehmen. Und als er dahin gekommen war, half er denen viel, die gläubig geworden waren, durch die Gnade."},{"28":"Denn er widerlegte die Juden kräftig und erwies öffentlich durch die Schriften, dass Jesus der Christus ist."}]