[{"1":"Ihr Männer, liebe Brüder und Väter, hört mir zu, wenn ich mich jetzt vor euch verantworte."},{"2":"Als sie aber hörten, dass er auf Hebräisch zu ihnen redete, wurden sie noch stiller. Und er sprach:"},{"3":"Ich bin ein jüdischer Mann, geboren in Tarsus in Kilikien, aufgewachsen aber in dieser Stadt und mit aller Sorgfalt unterwiesen im väterlichen Gesetz zu Füßen Gamaliels, und war ein Eiferer für Gott, wie ihr es heute alle seid."},{"4":"Ich habe diesen Weg verfolgt bis auf den Tod; ich band Männer und Frauen und warf sie ins Gefängnis,"},{"5":"wie mir auch der Hohepriester bezeugt und der ganze Rat der Ältesten. Von ihnen empfing ich auch Briefe an die Brüder und reiste nach Damaskus, um auch die, die dort waren, gefesselt nach Jerusalem zu führen, damit sie bestraft würden."},{"6":"Es geschah aber, als ich dorthin zog und in die Nähe von Damaskus kam, da umleuchtete mich plötzlich um die Mittagszeit ein großes Licht vom Himmel."},{"7":"Und ich fiel zu Boden und hörte eine Stimme, die sprach zu mir: Saul, Saul, was verfolgst du mich?"},{"8":"Ich antwortete aber: Herr, wer bist du? Und er sprach zu mir: Ich bin Jesus von Nazareth, den du verfolgst."},{"9":"Die aber mit mir waren, sahen zwar das Licht, aber die Stimme dessen, der mit mir redete, hörten sie nicht."},{"10":"Ich fragte aber: Herr, was soll ich tun? Und der Herr sprach zu mir: Steh auf und geh nach Damaskus. Dort wird man dir alles sagen, was dir zu tun aufgetragen ist."},{"11":"Als ich aber, geblendet von der Klarheit dieses Lichtes, nicht sehen konnte, wurde ich an der Hand geleitet von denen, die bei mir waren, und kam nach Damaskus."},{"12":"Hananias aber, ein frommer Mann nach dem Gesetz, der einen guten Ruf bei allen Juden hatte, die dort wohnten,"},{"13":"der kam zu mir, trat vor mich hin und sprach zu mir: Saul, lieber Bruder, du sollst wieder sehen. Und zur selben Stunde konnte ich ihn sehen."},{"14":"Er aber sprach: Der Gott unserer Väter hat dich erwählt, dass du seinen Willen erkennen sollst und den Gerechten sehen und die Stimme aus seinem Munde hören;"},{"15":"denn du wirst für ihn vor allen Menschen Zeuge sein von dem, was du gesehen und gehört hast."},{"16":"Und nun, was zögerst du? Steh auf, lass dich taufen und deine Sünden abwaschen und rufe seinen Namen an."},{"17":"Es geschah aber, als ich wieder nach Jerusalem kam und im Tempel betete, dass ich in Verzückung geriet"},{"18":"und ihn sah. Da sprach er zu mir: Eile und geh schnell weg aus Jerusalem; denn dein Zeugnis von mir werden sie nicht annehmen."},{"19":"Und ich sprach: Herr, sie wissen doch, dass ich gefangen nahm, die an dich glaubten, und sie in den Synagogen schlagen ließ."},{"20":"Und als das Blut des Stephanus, deines Zeugen, vergossen wurde, stand ich auch dabei und hatte Gefallen daran und bewachte denen die Kleider, die ihn töteten."},{"21":"Und er sprach zu mir: Geh hin; denn ich will dich in die Ferne zu den Heiden senden."},{"22":"Sie hörten ihm aber zu bis zu diesem Wort; dann erhoben sie ihre Stimme und riefen: Hinweg mit diesem von der Erde! Denn er darf nicht mehr leben."},{"23":"Da sie aber schrien und ihre Kleider abwarfen und Staub in die Luft wirbelten,"},{"24":"befahl der Oberst, ihn in die Burg zu führen, und sagte, dass man ihn geißeln und verhören sollte, um zu erfahren, aus welchem Grund sie so gegen ihn schrien."},{"25":"Als sie ihn aber zum Geißeln festbanden, sprach Paulus zu dem Hauptmann, der dabeistand: Ist es erlaubt bei euch, einen Menschen, der römischer Bürger ist, ohne Urteil zu geißeln?"},{"26":"Als das der Hauptmann hörte, ging er zu dem Oberst und berichtete ihm und sprach: Was willst du tun? Dieser Mensch ist römischer Bürger."},{"27":"Da kam der Oberst zu ihm und fragte ihn: Sage mir, bist du römischer Bürger? Er aber sprach: Ja."},{"28":"Da sagte der Oberst: Ich habe dies Bürgerrecht für viel Geld erworben. Paulus aber sprach: Ich aber bin schon als römischer Bürger geboren."},{"29":"Da ließen sogleich von ihm ab, die ihn verhören sollten. Und der Oberst fürchtete sich, als er vernahm, dass es ein römischer Bürger war, den er hatte festbinden lassen."},{"30":"Am nächsten Tag wollte er genau erkunden, warum Paulus von den Juden verklagt wurde. Er band ihn los und befahl den Hohenpriestern und dem ganzen Hohen Rat zusammenzukommen und führte Paulus hinab und stellte ihn vor sie."}]