[{"1":"Es geschah aber, als Apollos in Korinth war, dass Paulus durch das Hochland zog und nach Ephesus kam und einige Jünger fand."},{"2":"Zu denen sprach er: Habt ihr den Heiligen Geist empfangen, als ihr gläubig wurdet? Sie sprachen zu ihm: Wir haben noch nie gehört, dass es einen Heiligen Geist gibt."},{"3":"Und er fragte sie: Worauf seid ihr denn getauft? Sie antworteten: Auf die Taufe des Johannes."},{"4":"Paulus aber sprach: Johannes hat getauft mit der Taufe der Buße und dem Volk gesagt, sie sollten an den glauben, der nach ihm kommen werde, nämlich an Jesus."},{"5":"Als sie das hörten, ließen sie sich taufen auf den Namen des Herrn Jesus."},{"6":"Und als Paulus ihnen die Hände auflegte, kam der Heilige Geist auf sie und sie redeten in Zungen und weissagten."},{"7":"Es waren aber zusammen etwa zwölf Männer."},{"8":"Er ging aber in die Synagoge und predigte frei und offen drei Monate lang, lehrte und überzeugte sie von dem Reich Gottes."},{"9":"Als aber einige verstockt waren und nicht glaubten und vor der Menge übel redeten von dem Weg, trennte er sich von ihnen und sonderte auch die Jünger ab und redete täglich in der Schule des Tyrannus."},{"10":"Und das geschah zwei Jahre lang, sodass alle, die in der Provinz Asia wohnten, das Wort des Herrn hörten, Juden und Griechen."},{"11":"Und Gott wirkte nicht geringe Taten durch die Hände des Paulus."},{"12":"So hielten sie auch die Schweißtücher und andere Tücher, die er auf seiner Haut getragen hatte, über die Kranken, und die Krankheiten wichen von ihnen, und die bösen Geister fuhren aus."},{"13":"Es versuchten aber einige von den Juden, die als Beschwörer umherzogen, den Namen des Herrn Jesus zu nennen über denen, die böse Geister hatten, und sprachen: Ich beschwöre euch bei dem Jesus, den Paulus predigt."},{"14":"Es waren aber sieben Söhne eines jüdischen Hohenpriesters mit Namen Skevas, die dies taten."},{"15":"Aber der böse Geist antwortete und sprach zu ihnen: Jesus kenne ich wohl und von Paulus weiß ich wohl, wer seid ihr aber?"},{"16":"Und der Mensch, in dem der böse Geist war, stürzte sich auf sie und überwältigte sie alle und richtete sie so zu, dass sie nackt und verwundet aus dem Haus flohen."},{"17":"Das aber wurde allen bekannt, die in Ephesus wohnten, Juden wie Griechen; und Furcht befiel sie alle und der Name des Herrn Jesus wurde hochgelobt."},{"18":"Es kamen auch viele von denen, die gläubig geworden waren, und bekannten und verkündeten, was sie getan hatten."},{"19":"Viele aber, die Zauberei getrieben hatten, brachten die Bücher zusammen und verbrannten sie öffentlich und berechneten, was sie wert waren, und kamen auf fünfzigtausend Silbergroschen."},{"20":"So breitete sich das Wort aus durch die Kraft des Herrn und wurde mächtig."},{"21":"Als das geschehen war, nahm sich Paulus im Geist vor, durch Makedonien und Achaia zu ziehen und nach Jerusalem zu reisen, und sprach: Wenn ich dort gewesen bin, muss ich auch Rom sehen."},{"22":"Und er sandte zwei, die ihm dienten, Timotheus und Erastus, nach Makedonien; er aber blieb noch eine Weile in der Provinz Asia."},{"23":"Es erhob sich aber um diese Zeit eine nicht geringe Unruhe über den Weg."},{"24":"Denn einer mit Namen Demetrius, ein Silberschmied, machte silberne Tempel der Artemis und verschaffte den Handwerkern nicht geringen Gewinn."},{"25":"Diese und die Zuarbeiter dieses Handwerks versammelte er und sprach: Ihr Männer, ihr wisst, dass unser Wohlstand von diesem Gewerbe kommt;"},{"26":"und ihr seht und hört, dass nicht allein in Ephesus, sondern auch fast in der ganzen Provinz Asia dieser Paulus viel Volk überredet und verführt, wenn er sagt: Was mit Händen gemacht ist, das sind keine Götter."},{"27":"Aber es droht nicht nur unser Gewerbe in Verruf zu geraten, sondern auch der Tempel der großen Göttin Artemis wird für nichts geachtet werden; und sie selbst, die verehrt wird in der ganzen Provinz Asia, ja auf dem ganzen Erdkreis, wird ihrer Hoheit beraubt."},{"28":"Als sie das hörten, wurden sie von Zorn erfüllt und schrien: Groß ist die Artemis der Epheser!"},{"29":"Und die ganze Stadt geriet in Aufruhr; sie stürmten einmütig zum Theater und ergriffen Gaius und Aristarch aus Makedonien, die Gefährten des Paulus."},{"30":"Da aber Paulus unter das Volk gehen wollte, ließen's ihm die Jünger nicht zu."},{"31":"Auch einige der Oberen der Provinz Asia, die ihm freundlich gesinnt waren, sandten zu ihm und ermahnten ihn, sich nicht zum Theater zu begeben."},{"32":"Dort schrien die einen dies, die andern das, und die Versammlung war in Verwirrung, und die meisten wussten nicht, warum sie zusammengekommen waren."},{"33":"Einige aber aus der Menge umringten Alexander, den die Juden vorgeschickt hatten. Alexander aber winkte mit der Hand und wollte sich vor dem Volk verantworten."},{"34":"Als sie aber innewurden, dass er Jude war, schrie alles wie aus einem Munde fast zwei Stunden lang: Groß ist die Artemis der Epheser!"},{"35":"Als aber der Kanzler das Volk beruhigt hatte, sprach er: Ihr Männer von Ephesus, wo ist ein Mensch, der nicht weiß, dass die Stadt Ephesus eine Hüterin der großen Artemis ist und ihres Bildes, das vom Himmel gefallen ist?"},{"36":"Weil das nun nicht zu bestreiten ist, sollt ihr euch ruhig verhalten und nichts Unbedachtes tun."},{"37":"Ihr habt diese Menschen hergeführt, die weder Tempelräuber noch Lästerer unserer Göttin sind."},{"38":"Haben aber Demetrius und mit ihm die Handwerker einen Anspruch an jemanden, so gibt es Gerichte und Statthalter; da lasst sie sich untereinander verklagen."},{"39":"Wollt ihr aber darüber hinaus noch etwas, so kann man es in einer ordentlichen Versammlung entscheiden."},{"40":"Denn wir stehen in Gefahr, wegen der heutigen Empörung verklagt zu werden, ohne dass ein Grund vorhanden ist, mit dem wir diesen Aufruhr entschuldigen könnten. Und als er dies gesagt hatte, ließ er die Versammlung gehen."}]