[{"1":"Im dritten Jahr des Königs Kyrus von Persien wurde dem Daniel, der Beltschazar heißt, etwas offenbart, was gewiss ist und von großer Not handelt. Und er achtete darauf und verstand das Gesicht."},{"2":"Zu der Zeit trauerte ich, Daniel, drei Wochen lang."},{"3":"Ich aß keine leckere Speise; Fleisch und Wein kamen nicht in meinen Mund; und ich salbte mich auch nicht, bis die drei Wochen um waren."},{"4":"Und am vierundzwanzigsten Tage des ersten Monats war ich an dem großen Strom Tigris"},{"5":"und hob meine Augen auf und sah, und siehe, da stand ein Mann, der hatte leinene Kleider an und einen goldenen Gürtel um seine Lenden."},{"6":"Sein Leib war wie ein Topas, sein Antlitz sah aus wie ein Blitz, seine Augen wie feurige Fackeln, seine Arme und Füße wie helle, blanke Bronze, und seine Rede war wie ein großes Brausen."},{"7":"Aber ich, Daniel, sah dies Gesicht allein, und die Männer, die bei mir waren, sahen's nicht; doch fiel ein großer Schrecken auf sie, sodass sie flohen und sich verkrochen."},{"8":"Ich blieb allein und sah dies große Gesicht. Es blieb aber keine Kraft in mir; jede Farbe wich aus meinem Antlitz und ich hatte keine Kraft mehr."},{"9":"Und ich hörte seine Rede; und während ich sie hörte, sank ich ohnmächtig auf mein Angesicht zur Erde."},{"10":"Und siehe, eine Hand rührte mich an und half mir auf die Knie und auf die Hände,"},{"11":"und er sprach zu mir: Daniel, du von Gott Geliebter, merk auf die Worte, die ich mit dir rede, und richte dich auf; denn ich bin jetzt zu dir gesandt. Und als er dies mit mir redete, richtete ich mich zitternd auf."},{"12":"Und er sprach zu mir: Fürchte dich nicht, Daniel; denn von dem ersten Tage an, als du von Herzen begehrtest zu verstehen und anfingst, dich zu demütigen vor deinem Gott, wurden deine Worte erhört, und ich wollte kommen um deiner Worte willen."},{"13":"Aber der Engelfürst des Königreichs Persien hat mir einundzwanzig Tage widerstanden; und siehe, Michael, einer der Ersten unter den Engelfürsten, kam mir zu Hilfe, und ihm überließ ich den Kampf mit dem Engelfürsten des Königreichs Persien."},{"14":"Nun aber komme ich, um dir Bericht zu geben, wie es deinem Volk gehen wird am Ende der Tage; denn das Gesicht gilt erst ferner Zeit."},{"15":"Und als er das alles mit mir redete, neigte ich mein Angesicht zur Erde und schwieg still."},{"16":"Und siehe, einer, der einem Menschen gleich war, rührte meine Lippen an. Da tat ich meinen Mund auf und redete und sprach zu dem, der vor mir stand: Mein Herr, meine Glieder bebten, als ich das Gesicht hatte, und es war keine Kraft mehr in mir."},{"17":"Wie kann der Knecht meines Herrn mit meinem Herrn reden, da auch jetzt noch keine Kraft in mir ist und mir der Atem fehlt?"},{"18":"Da rührte mich abermals der an, der aussah wie ein Mensch, und stärkte mich"},{"19":"und sprach: Fürchte dich nicht, du von Gott Geliebter! Friede sei mit dir! Sei getrost, sei getrost! Und als er mit mir redete, sah ich mich gestärkt und sprach: Mein Herr, rede; denn du hast mich gestärkt."},{"20":"Und er sprach: Weißt du, warum ich zu dir gekommen bin? Und jetzt muss ich wieder hin und mit dem Engelfürsten von Persien kämpfen; und wenn ich das hinter mich gebracht habe, siehe, dann wird der Engelfürst von Griechenland kommen."},{"21":"Doch zuvor will ich dir kundtun, was geschrieben ist im Buch der Wahrheit. Und es ist keiner, der mir hilft gegen jene, außer eurem Engelfürsten Michael."}]