[{"1":"Im ersten Jahr Belsazars, des Königs von Babel, hatte Daniel einen Traum und Gesichte auf seinem Bett; und er schrieb den Traum auf:"},{"2":"Ich, Daniel, sah ein Gesicht in der Nacht, und siehe, die vier Winde unter dem Himmel wühlten das große Meer auf."},{"3":"Und vier große Tiere stiegen herauf aus dem Meer, ein jedes anders als das andere."},{"4":"Das erste war wie ein Löwe und hatte Flügel wie ein Adler. Ich sah, wie ihm die Flügel ausgerissen wurden. Und es wurde von der Erde aufgehoben und auf die Füße gestellt wie ein Mensch, und es wurde ihm ein menschliches Herz gegeben."},{"5":"Und siehe, ein anderes Tier, das zweite, war gleich einem Bären und war auf der einen Seite aufgerichtet und hatte in seinem Maul zwischen seinen Zähnen drei Rippen. Und man sprach zu ihm: Steh auf und friss viel Fleisch!"},{"6":"Danach sah ich, und siehe, ein anderes Tier, gleich einem Panther, das hatte vier Flügel wie ein Vogel auf seinem Rücken und das Tier hatte vier Köpfe, und ihm wurde Herrschergewalt gegeben."},{"7":"Danach sah ich in diesem Gesicht in der Nacht, und siehe, ein viertes Tier war furchtbar und schrecklich und sehr stark und hatte große eiserne Zähne, fraß um sich und zermalmte, und was übrig blieb, zertrat es mit seinen Füßen. Es war auch ganz anders als die vorigen Tiere und hatte zehn Hörner."},{"8":"Als ich aber auf die Hörner achtgab, siehe, da brach ein anderes kleines Horn zwischen ihnen hervor, vor dem drei der vorigen Hörner ausgerissen wurden. Und siehe, das Horn hatte Augen wie Menschenaugen und ein Maul; das redete große Dinge."},{"9":"Da sah ich: Throne wurden aufgestellt, und einer, der uralt war, setzte sich. Sein Kleid war weiß wie Schnee und das Haar auf seinem Haupt wie reine Wolle; Feuerflammen waren sein Thron und dessen Räder loderndes Feuer."},{"10":"Da ergoss sich ein langer feuriger Strom und brach vor ihm hervor. Tausendmal Tausende dienten ihm, und zehntausendmal Zehntausende standen vor ihm. Das Gericht wurde gehalten und die Bücher wurden aufgetan."},{"11":"Ich sah auf um der großen Reden willen, die das Horn redete, und ich sah, wie das Tier getötet wurde und sein Leib umkam und in die Feuerflammen geworfen wurde."},{"12":"Und mit der Macht der andern Tiere war es auch aus; denn es war ihnen Zeit und Stunde bestimmt, wie lang ein jedes leben sollte."},{"13":"Ich sah in diesem Gesicht in der Nacht, und siehe, es kam einer mit den Wolken des Himmels wie eines Menschen Sohn und gelangte zu dem, der uralt war, und wurde vor ihn gebracht."},{"14":"Ihm wurde gegeben Macht, Ehre und Reich, dass ihm alle Völker und Leute aus so vielen verschiedenen Sprachen dienen sollten. Seine Macht ist ewig und vergeht nicht, und sein Reich hat kein Ende."},{"15":"Ich, Daniel, war entsetzt, und dies Gesicht erschreckte mich."},{"16":"Und ich ging zu einem von denen, die dastanden, und bat ihn, dass er mir über das alles Genaueres berichtete. Und er redete mit mir und sagte mir, was es bedeutete."},{"17":"Diese vier großen Tiere sind vier Königreiche, die auf Erden kommen werden."},{"18":"Aber die Heiligen des Höchsten werden das Reich empfangen und werden's immer und ewig besitzen."},{"19":"Danach hätte ich gerne Genaueres gewusst über das vierte Tier, das ganz anders war als alle andern, ganz furchtbar, mit eisernen Zähnen und ehernen Klauen, das um sich fraß und zermalmte und mit seinen Füßen zertrat, was übrig blieb;"},{"20":"und über die zehn Hörner auf seinem Haupt und über das andere Horn, das hervorbrach, vor dem drei ausfielen; und es hatte Augen und ein Maul, das große Dinge redete, und war größer als die Hörner, die neben ihm waren."},{"21":"Und ich sah das Horn kämpfen gegen die Heiligen, und es behielt den Sieg über sie,"},{"22":"bis der kam, der uralt war, und Recht schuf den Heiligen des Höchsten und bis die Zeit kam, dass die Heiligen das Reich empfingen."},{"23":"Er sprach: Das vierte Tier wird das vierte Königreich auf Erden sein; das wird ganz anders sein als alle andern Königreiche; es wird alle Länder fressen, zertreten und zermalmen."},{"24":"Die zehn Hörner bedeuten zehn Könige, die aus diesem Königreich hervorgehen werden. Nach ihnen aber wird ein anderer aufkommen, der wird ganz anders sein als die vorigen und wird drei Könige stürzen."},{"25":"Er wird den Höchsten lästern und die Heiligen des Höchsten vernichten und wird sich unterstehen, Festzeiten und Gesetz zu ändern. Sie werden in seine Hand gegeben werden eine Zeit und zwei Zeiten und eine halbe Zeit."},{"26":"Danach wird das Gericht gehalten werden; dann wird ihm seine Macht genommen und ganz und gar vernichtet werden."},{"27":"Aber das Reich und die Macht und die Gewalt über die Königreiche unter dem ganzen Himmel wird dem Volk der Heiligen des Höchsten gegeben werden, dessen Reich ewig ist, und alle Mächte werden ihm dienen und gehorchen."},{"28":"Das war das Ende der Rede. Aber ich, Daniel, wurde sehr beunruhigt in meinen Gedanken und jede Farbe war aus meinem Antlitz gewichen; doch behielt ich die Rede in meinem Herzen."}]