[{"1":"Und ich stand bei ihm im ersten Jahr des Darius des Meders, um ihm zu helfen und ihn zu stärken."},{"2":"Und nun will ich dir kundtun, was gewiss geschehen soll. Siehe, es werden noch drei Könige in Persien aufstehen, der vierte aber wird größeren Reichtum haben als alle andern. Und wenn er in seinem Reichtum am mächtigsten ist, wird er alles gegen das Königreich Griechenland aufbieten."},{"3":"Danach wird ein mächtiger König aufstehen und mit großer Macht herrschen, und was er will, wird er ausrichten."},{"4":"Aber wenn er emporgekommen ist, wird sein Reich zerbrechen und in die vier Winde des Himmels zerteilt werden, nicht auf seine Nachkommen, auch nicht mit solcher Macht, wie er sie hatte; denn sein Reich wird zerstört und Fremden zuteilwerden."},{"5":"Und der König des Südens wird erstarken; aber gegen ihn wird einer seiner Fürsten noch stärker werden und herrschen; dessen Herrschaft wird groß sein."},{"6":"Nach einigen Jahren aber werden sie sich miteinander befreunden. Und die Tochter des Königs des Südens wird kommen zum König des Nordens, um ihr Bündnis zu festigen. Aber sie wird keinen Erfolg haben, und auch sein Nachkomme wird nicht bleiben. Und sie wird preisgegeben werden samt ihrem Gefolge, ihrem Kind und dem, der sie eine Zeit lang mächtig gemacht hat."},{"7":"Es wird aber statt seiner ein Spross aus ihrem Stamm emporkommen; der wird gegen die Heeresmacht des Königs des Nordens ziehen und in seine Festung eindringen und wird an ihnen seine Macht zeigen."},{"8":"Auch wird er ihre Götter samt den Bildern und den kostbaren Geräten aus Silber und Gold wegführen nach Ägypten und einige Jahre von dem König des Nordens ablassen."},{"9":"Aber der wird eindringen in das Reich des Königs des Südens, jedoch dann wieder in sein Land zurückkehren."},{"10":"Aber seine Söhne werden sich rüsten und große Heere zusammenbringen; und der eine wird kommen und wie eine Flut heranbrausen. Dann wird er wiederum rüsten zum Kampf gegen seine Festung."},{"11":"Dann wird der König des Südens ergrimmen und ausziehen und mit dem König des Nordens kämpfen. Der wird ein großes Heer zusammenbringen, aber das Heer wird in die Hand des andern gegeben"},{"12":"und vernichtet werden. Daraufhin wird sich sein Herz überheben, und er wird viele Tausende erschlagen; aber er wird nicht mächtig bleiben."},{"13":"Denn der König des Nordens wird wiederum ein Heer zusammenbringen, größer als das vorige war; und nach einigen Jahren wird er ausziehen mit großer Heeresmacht und vielem Tross."},{"14":"Und zur selben Zeit werden viele aufstehen gegen den König des Südens. Auch werden sich Gewalttätige aus deinem Volk erheben und so eine Weissagung erfüllen, aber sie werden fallen."},{"15":"Und der König des Nordens wird kommen und einen Wall aufschütten und eine feste Stadt einnehmen. Und die Heere des Südens können's nicht verhindern, auch sein bestes Kriegsvolk nicht, und keiner kann widerstehen;"},{"16":"sondern der gegen ihn zieht, wird tun, was ihm gut dünkt, und niemand wird ihm widerstehen können. Er wird auch in das herrliche Land kommen, und Verderben ist in seiner Hand."},{"17":"Und er wird seinen Sinn darauf richten, dass er mit Macht sein ganzes Königreich bekomme. Und er wird sich mit ihm vertragen und ihm eine Frau geben, um ihn zu verderben. Aber es wird nicht gelingen, und es wird nichts daraus werden."},{"18":"Danach wird er sich gegen die Inseln wenden und viele von ihnen gewinnen. Aber ein Mächtiger wird ihn zwingen, mit Schmähen aufzuhören, und wird ihm seine Schmähungen heimzahlen."},{"19":"Danach wird er sich wenden gegen die Festungen seines eigenen Landes; er wird straucheln und fallen, dass man ihn nirgends finden wird."},{"20":"Und an seiner statt wird einer emporkommen, der wird einen Steuereinnehmer das herrliche Land durchziehen lassen; doch nach einigen Jahren wird er umgebracht werden, aber weder öffentlich noch im Kampf."},{"21":"Dann wird an seiner statt emporkommen ein verächtlicher Mensch, dem die Ehre des Thrones nicht zugedacht war. Der wird unerwartet kommen und sich durch Ränke die Herrschaft erschleichen."},{"22":"Und heranflutende Heere werden vor ihm hinweggeschwemmt und vernichtet werden, dazu auch der Fürst des Bundes."},{"23":"Denn nachdem er sich mit ihm angefreundet hat, wird er listig handeln und heraufziehen und mit wenigen Leuten Macht gewinnen."},{"24":"Und unerwartet wird er in die besten Städte des Landes kommen und wird tun, was weder seine Väter noch seine Vorväter getan haben, und Raub, Beute und Güter an seine Leute verteilen; er wird nach den allerfestesten Städten trachten, aber nur für eine befristete Zeit."},{"25":"Und er wird seine Macht und seinen Mut gegen den König des Südens aufbieten mit einem großen Heer. Dann wird der König des Südens sich aufmachen zum Kampf mit einem großen, mächtigen Heer, aber er wird nicht bestehen; denn es werden Pläne gegen ihn geschmiedet."},{"26":"Und die seine Speise essen, die werden mit ihm brechen, sein Heer wird sich auflösen und viele werden erschlagen."},{"27":"Und beide Könige werden darauf bedacht sein, wie sie einander schaden können, und sie werden an einem Tisch verlogen miteinander reden. Es wird ihnen aber nicht gelingen, denn das Ende ist noch auf eine andere Zeit bestimmt."},{"28":"Danach wird er wieder heimziehen mit großer Beute und dabei seinen Sinn richten gegen den heiligen Bund; er wird es ausführen und in sein Land zurückkehren."},{"29":"Und nach einer bestimmten Zeit wird er wieder nach Süden ziehen; aber es wird beim zweiten Mal nicht so sein wie beim ersten Mal."},{"30":"Denn es werden Schiffe aus Kittim gegen ihn kommen, sodass er verzagen wird und umkehren muss. Dann wird er gegen den heiligen Bund ergrimmen und danach handeln und sich denen zuwenden, die den heiligen Bund verlassen."},{"31":"Und seine Heere werden kommen und Heiligtum und Burg entweihen und das tägliche Opfer abschaffen und das Gräuelbild der Verwüstung aufstellen."},{"32":"Und er wird mit Ränken alle zum Abfall bringen, die den Bund übertreten. Aber die vom Volk, die ihren Gott kennen, werden stark sein und danach handeln."},{"33":"Und die Verständigen im Volk werden vielen zur Einsicht verhelfen; darüber werden sie verfolgt werden mit Schwert, Feuer, Gefängnis und Raub eine Zeit lang."},{"34":"Während sie verfolgt werden, wird ihnen eine kleine Hilfe zuteilwerden; aber viele werden sich nicht aufrichtig zu ihnen halten."},{"35":"Und einige von den Verständigen werden fallen, damit sie bewährt, rein und lauter werden für die Zeit des Endes; denn es dauert noch bis zur bestimmten Zeit."},{"36":"Und der König wird tun, was er will, und wird sich überheben und großtun gegen jeden Gott. Und gegen den Gott aller Götter wird er Ungeheuerliches reden, und es wird ihm gelingen, bis der Zorn vollendet ist; denn es muss geschehen, was beschlossen ist."},{"37":"Auch die Götter seiner Väter wird er nicht achten; er wird weder den Lieblingsgott der Frauen noch einen andern Gott achten; denn er wird sich über alles erheben."},{"38":"Dagegen wird er den Gott der Festungen verehren; einen Gott, von dem seine Väter nichts gewusst haben, wird er ehren mit Gold, Silber, Edelsteinen und Kostbarkeiten."},{"39":"Und er wird mit einem fremden Gott gegen die starken Festungen vorgehen. Denen, die ihn erwählen, wird er große Ehre antun und sie zu Herren machen über viele und ihnen Land zum Lohn austeilen."},{"40":"Zur Zeit des Endes aber wird sich der König des Südens mit ihm messen, und der König des Nordens wird mit Wagen, Reitern und vielen Schiffen gegen ihn anstürmen und wird in die Länder einfallen und sie überschwemmen und überfluten."},{"41":"Und er wird in das herrliche Land einfallen und viele werden umkommen. Es werden aber seiner Hand entrinnen Edom, Moab und die Hauptleute der Ammoniter."},{"42":"Und er wird seine Hand ausstrecken nach den Ländern und Ägypten wird ihm nicht entrinnen,"},{"43":"sondern er wird Herr werden über die goldenen und silbernen Schätze und über alle Kostbarkeiten Ägyptens; Libyer und Kuschiter werden ihm folgen müssen."},{"44":"Es werden ihn aber Gerüchte erschrecken aus Osten und Norden, und er wird mit großem Grimm ausziehen, um viele zu vertilgen und zu verderben."},{"45":"Und er wird seine prächtigen Zelte aufschlagen zwischen dem Meer und dem herrlichen, heiligen Berg; aber es wird mit ihm ein Ende nehmen und niemand wird ihm helfen."}]