[{"1":"Im dritten Jahr der Herrschaft des Königs Belsazar erschien mir, Daniel, ein Gesicht, nach jenem, das mir zuerst erschienen war."},{"2":"Ich hatte ein Gesicht, und während meines Gesichtes war ich in der Festung Susa im Lande Elam, und ich war am Fluss Ulai."},{"3":"Und ich hob meine Augen auf und sah, und siehe, ein Widder stand vor dem Fluss, der hatte zwei hohe Hörner, doch eins höher als das andere, und das höhere war später hervorgewachsen."},{"4":"Ich sah, dass der Widder mit den Hörnern stieß nach Westen, nach Norden und nach Süden hin. Und kein Tier konnte vor ihm bestehen und vor seiner Gewalt errettet werden, sondern er tat, was er wollte, und wurde groß."},{"5":"Und indem ich darauf achthatte, siehe, da kam ein Ziegenbock vom Westen her über die ganze Erde, ohne den Boden zu berühren, und der Bock hatte ein ansehnliches Horn zwischen seinen Augen."},{"6":"Und er kam bis zu dem Widder, der zwei Hörner hatte, den ich vor dem Fluss stehen sah, und er lief in gewaltigem Zorn auf ihn zu."},{"7":"Und ich sah, dass er nahe an den Widder herankam, und voller Grimm stieß er den Widder und zerbrach ihm seine beiden Hörner. Und der Widder hatte keine Kraft, dass er vor ihm hätte bestehen können, sondern der Bock warf ihn zu Boden und zertrat ihn, und niemand konnte den Widder aus seiner Gewalt erretten."},{"8":"Und der Ziegenbock wurde sehr groß. Und als er am stärksten geworden war, zerbrach das große Horn, und es wuchsen an seiner Stelle vier ansehnliche Hörner nach den vier Winden des Himmels hin."},{"9":"Und aus einem von ihnen wuchs ein kleines Horn; das wurde sehr groß nach Süden, nach Osten und nach dem herrlichen Land hin."},{"10":"Und es wuchs bis an das Heer des Himmels und warf einige von dem Heer und von den Sternen zur Erde und zertrat sie."},{"11":"Ja, es wuchs bis zum Fürsten des Heeres und nahm ihm das tägliche Opfer weg und verwüstete die Wohnung seines Heiligtums."},{"12":"Und es wurde ein frevelhaftes Opfer an die Stelle des täglichen Opfers eingesetzt, und das Horn warf die Wahrheit zu Boden. Und was es tat, gelang ihm."},{"13":"Ich hörte aber einen Heiligen reden, und ein anderer Heiliger sprach zu dem, der da redete: Wie lange gilt dies Gesicht vom täglichen Opfer, vom verwüstenden Frevel und dass Heiligtum und Heer ausgeliefert und zertreten werden?"},{"14":"Und er antwortete mir: Bis zweitausenddreihundert Abende und Morgen vergangen sind; dann wird das Heiligtum wieder sein Recht erhalten."},{"15":"Und als ich, Daniel, dies Gesicht sah und es gerne verstanden hätte, siehe, da stand einer vor mir, der aussah wie ein Mann,"},{"16":"und ich hörte eine Menschenstimme mitten über dem Ulai rufen und sprechen: Gabriel, lege diesem das Gesicht aus, damit er's versteht."},{"17":"Und Gabriel trat nahe zu mir. Ich erschrak aber, als er kam, und fiel auf mein Angesicht. Er aber sprach zu mir: Begreife, Menschenkind! Dies Gesicht gilt der Zeit des Endes."},{"18":"Und als er mit mir redete, sank ich in Ohnmacht zur Erde auf mein Angesicht. Er aber rührte mich an und richtete mich auf, sodass ich wieder stand."},{"19":"Und er sprach: Siehe, ich will dir kundtun, wie es sein wird zur letzten Zeit des Zorns; denn das Gesicht gilt der Zeit des Endes."},{"20":"Der Widder mit den beiden Hörnern, den du gesehen hast, bedeutet die Könige von Medien und Persien."},{"21":"Der Ziegenbock aber ist der König von Griechenland. Das große Horn zwischen seinen Augen ist der erste König."},{"22":"Dass aber vier an seiner Stelle wuchsen, nachdem es zerbrochen war, bedeutet, dass vier Königreiche aus dem Volk entstehen werden, aber nicht so mächtig wie er."},{"23":"Aber gegen Ende ihrer Herrschaft, wenn das Maß der Frevler voll ist, wird aufkommen ein frecher und verschlagener König."},{"24":"Der wird mächtig sein und ungeheures Unheil anrichten, und es wird ihm gelingen, was er tut. Er wird die Starken vernichten. Und gegen das heilige Volk"},{"25":"richtet sich sein Sinnen, und es wird ihm durch Betrug gelingen, und er wird überheblich werden, und unerwartet wird er viele verderben und wird sich auflehnen gegen den Fürsten aller Fürsten; aber er wird zerbrochen werden ohne Zutun von Menschenhand."},{"26":"Dies Gesicht von den Abenden und Morgen, das dir hiermit kundgetan ist, das ist wahr; aber du sollst das Gesicht geheim halten; denn es ist noch eine lange Zeit bis dahin."},{"27":"Und ich, Daniel, war erschöpft und lag einige Tage krank. Danach stand ich auf und verrichtete meinen Dienst beim König. Und ich wunderte mich über das Gesicht und niemand konnte es mir auslegen."}]