[{"1":"Und als der siebente Monat herbeikam und die Israeliten nun in ihren Städten waren, versammelte sich das ganze Volk wie ein Mann in Jerusalem."},{"2":"Und es machten sich auf Jeschua, der Sohn Jozadaks, und seine Brüder, die Priester, und Serubbabel, der Sohn Schealtiëls, und seine Brüder und bauten den Altar des Gottes Israels, um Brandopfer darauf zu opfern, wie es geschrieben steht im Gesetz des Mose, des Mannes Gottes."},{"3":"Und sie richteten den Altar wieder her an seiner Stätte – denn Schrecken war über sie gekommen vor den Völkern der Länder – und opferten dem HERRN Brandopfer darauf des Morgens und des Abends."},{"4":"Und sie hielten das Laubhüttenfest, wie geschrieben steht, und brachten Brandopfer dar alle Tage nach der Zahl, wie sich's gebührt und jeder Tag es erforderte,"},{"5":"danach auch das tägliche Brandopfer und die Opfer für die Neumonde und alle heiligen Festtage des HERRN und was sonst einer dem HERRN freiwillig darbrachte."},{"6":"Am ersten Tage des siebenten Monats fingen sie an, dem HERRN Brandopfer zu bringen. Aber der Grund des Tempels des HERRN war noch nicht gelegt."},{"7":"Und sie gaben Geld den Steinmetzen und Zimmerleuten und Speise und Trank und Öl den Leuten von Sidon und Tyrus, damit sie Zedernholz vom Libanon zur See nach Jafo brächten, wie es ihnen Kyrus, der König von Persien, erlaubt hatte."},{"8":"Im zweiten Jahr nach ihrer Ankunft beim Hause Gottes in Jerusalem, im zweiten Monat, begannen Serubbabel, der Sohn Schealtiëls, und Jeschua, der Sohn Jozadaks, und die übrigen ihrer Brüder, die Priester und die Leviten, und alle, die aus der Gefangenschaft nach Jerusalem gekommen waren, und sie bestellten die Leviten von zwanzig Jahren an und darüber, die Arbeit am Hause des HERRN zu leiten."},{"9":"Und Jeschua mit seinen Söhnen und seinen Brüdern Kadmiël, Binnui und Hodawja traten einmütig an, um die Arbeiter am Hause Gottes anzuleiten, auch die Söhne Henadads mit ihren Söhnen und ihren Brüdern, die Leviten."},{"10":"Und als die Bauleute den Grund zum Tempel des HERRN gelegt hatten, stellten sich die Priester auf in ihren Gewändern mit Trompeten und die Leviten, die Söhne Asafs, mit Zimbeln, um den HERRN zu loben nach der Ordnung Davids, des Königs von Israel."},{"11":"Und sie stimmten den Lobpreis an und dankten dem HERRN: Denn er ist gütig, und seine Barmherzigkeit währt ewiglich über Israel. Und das ganze Volk jauchzte laut beim Lobe des HERRN, weil der Grund zum Hause des HERRN gelegt war."},{"12":"Und viele von den betagten Priestern, Leviten und Sippenhäuptern, die das frühere Haus auf seinem Grund noch gesehen hatten – dies war der Tempel in ihren Augen –, weinten laut. Viele aber jauchzten mit Freuden, sodass das Geschrei laut erscholl."},{"13":"Und man konnte das Jauchzen mit Freuden und das laute Weinen im Volk nicht unterscheiden; denn das Volk jauchzte laut, sodass man den Schall weithin hörte."}]