[{"1":"Dies sind die Leute der Provinz Juda, die heraufzogen aus der Gefangenschaft, die Nebukadnezar, der König von Babel, nach Babel weggeführt hatte und die nach Jerusalem und Juda zurückkehrten, ein jeder in seine Stadt."},{"2":"Die kamen mit Serubbabel, Jeschua, Nehemja, Seraja, Reelaja, Mordochai, Bilschan, Mispar, Bigwai, Rehum und Baana. Dies ist die Zahl der Männer des Volkes Israel:"},{"3":"die Söhne Parosch 2172;"},{"4":"die Söhne Schefatja 372;"},{"5":"die Söhne Arach 775;"},{"6":"die Söhne Pahat-Moab, nämlich die Söhne Jeschua und die Söhne Joab, 2812;"},{"7":"die Söhne Elam 1254;"},{"8":"die Söhne Sattu 945;"},{"9":"die Söhne Sakkai 760;"},{"10":"die Söhne Bani 642;"},{"11":"die Söhne Bebai 623;"},{"12":"die Söhne Asgad 1222;"},{"13":"die Söhne Adonikam 666;"},{"14":"die Söhne Bigwai 2056;"},{"15":"die Söhne Adin 454;"},{"16":"die Söhne Ater, nämlich die Söhne Hiskija, 98;"},{"17":"die Söhne Bezai 323;"},{"18":"die Söhne Jorah 112;"},{"19":"die Söhne Haschum 223;"},{"20":"die Söhne Gibbar 95;"},{"21":"die Männer von Bethlehem 123;"},{"22":"die Männer von Netofa 56;"},{"23":"die Männer von Anatot 128;"},{"24":"die Männer von Asmawet 42;"},{"25":"die Männer von Kirjat-Jearim, Kefira und Beerot 743;"},{"26":"die Männer von Rama und Geba 621;"},{"27":"die Männer von Michmas 122;"},{"28":"die Männer von Bethel und Ai 223;"},{"29":"die Männer von Nebo 52;"},{"30":"die Männer von Magbisch 156;"},{"31":"die Männer aus dem andern Elam 1254;"},{"32":"die Söhne Harim 320;"},{"33":"die Männer von Lod, Hadid und Ono 725;"},{"34":"die Männer von Jericho 345;"},{"35":"die Söhne Senaa 3630."},{"36":"Die Priester waren: die Söhne Jedaja, nämlich das Haus Jeschua, 973;"},{"37":"die Söhne Immer 1052;"},{"38":"die Söhne Paschhur 1247;"},{"39":"die Söhne Harim 1017."},{"40":"Die Leviten waren: die Söhne Jeschua, nämlich Kadmiël, Binnui und Hodawja, 74."},{"41":"Die Sänger: die Söhne Asaf 128."},{"42":"Die Torhüter: die Söhne Schallum, die Söhne Ater, die Söhne Talmon, die Söhne Akkub, die Söhne Hatita und die Söhne Schobai, insgesamt 139."},{"43":"Die Tempeldiener: die Söhne Ziha, die Söhne Hasufa, die Söhne Tabbaot,"},{"44":"die Söhne Keros, die Söhne Sia, die Söhne Padon,"},{"45":"die Söhne Lebana, die Söhne Hagaba, die Söhne Akkub,"},{"46":"die Söhne Hagab, die Söhne Salmai, die Söhne Hanan,"},{"47":"die Söhne Giddel, die Söhne Gahar, die Söhne Reaja,"},{"48":"die Söhne Rezin, die Söhne Nekoda, die Söhne Gasam,"},{"49":"die Söhne Usa, die Söhne Paseach, die Söhne Besai,"},{"50":"die Söhne Asna, die Söhne der Mëuniter, die Söhne der Nefusiter,"},{"51":"die Söhne Bakbuk, die Söhne Hakufa, die Söhne Harhur,"},{"52":"die Söhne Bazlut, die Söhne Mehida, die Söhne Harscha,"},{"53":"die Söhne Barkos, die Söhne Sisera, die Söhne Temach,"},{"54":"die Söhne Neziach, die Söhne Hatifa."},{"55":"Die Nachkommen der Knechte Salomos: die Söhne Sotai, die Söhne Soferet, die Söhne Peruda,"},{"56":"die Söhne Jaala, die Söhne Darkon, die Söhne Giddel,"},{"57":"die Söhne Schefatja, die Söhne Hattil, die Söhne Pocheret-Zebajim, die Söhne Ami."},{"58":"Alle Tempeldiener und Nachkommen der Knechte Salomos waren zusammen 392."},{"59":"Diese aber zogen auch mit herauf von Tel-Melach, Tel-Harscha, Kerub-Addon und Immer und konnten nicht angeben, ob ihre Sippe und ihre Nachkommen aus Israel stammten:"},{"60":"die Söhne Delaja, die Söhne Tobija, die Söhne Nekoda, 652."},{"61":"Und von den Priestern: die Söhne Habaja, die Söhne Hakkoz, die Söhne Barsillai, der eine von den Töchtern des Gileaditers Barsillai zur Frau genommen hatte und nach dessen Namen genannt wurde."},{"62":"Die suchten, wo sie im Geburtsregister eingetragen waren, und man fand nichts; darum wurden sie für das Priestertum als untauglich erklärt."},{"63":"Und der Tirschata gebot ihnen, sie sollten nicht essen vom Hochheiligen, bis ein Priester für »Licht und Recht« aufstände."},{"64":"Die ganze Gemeinde zählte insgesamt 42360,"},{"65":"ausgenommen ihre Knechte und Mägde; diese waren 7337, davon 200 Sänger und Sängerinnen."},{"66":"Und sie hatten 736 Rosse, 245 Maultiere,"},{"67":"435 Kamele und 6720 Esel."},{"68":"Und als einige Häupter der Sippen zum Hause des HERRN in Jerusalem kamen, gaben sie freiwillig für das Haus Gottes, damit man's an seiner früheren Stätte erbaue,"},{"69":"und gaben nach ihrem Vermögen zum Schatz für das Werk 61000 Gulden und 5000 Pfund Silber und 100 Priesterkleider."},{"70":"So ließen sich die Priester und die Leviten und etliche aus dem Volk nieder und die Sänger und die Torhüter und die Tempeldiener in ihren Städten und ganz Israel in seinen Städten."}]