[{"1":"Und als Esra so betete und bekannte, weinte und vor dem Hause Gottes niedergefallen war, sammelte sich um ihn aus Israel eine sehr große Gemeinde von Männern, Frauen und Kindern; denn das Volk weinte sehr."},{"2":"Und Schechanja, der Sohn Jehiëls, von den Söhnen Elam, hob an und sprach zu Esra: Wir haben unserm Gott die Treue gebrochen, als wir fremde Frauen von den Völkern des Landes genommen haben. Nun, es ist trotz allem noch Hoffnung für Israel!"},{"3":"So lasst uns nun einen Bund schließen mit unserm Gott, dass wir all die Frauen und die von ihnen geboren sind, fortschicken nach dem Rat meines Herrn und derer, die die Gebote unseres Gottes fürchten, dass man tue nach dem Gesetz."},{"4":"So steh nun auf! Denn an dir ist's zu handeln, und wir wollen mit dir sein. Sei getrost und tu es!"},{"5":"Da stand Esra auf und nahm einen Eid von den obersten Priestern, den Leviten und ganz Israel, dass sie nach diesem Wort tun sollten. Und sie schworen."},{"6":"Und Esra ging fort von dem Platz vor dem Hause Gottes und ging in die Kammer Johanans, des Sohnes Eljaschibs. Und er blieb dort über Nacht, aß kein Brot und trank kein Wasser; denn er trug Leid um den Treubruch derer, die aus der Gefangenschaft gekommen waren."},{"7":"Und man ließ ausrufen in Juda und Jerusalem für alle, die in der Gefangenschaft gewesen waren, dass sie sich in Jerusalem versammeln sollten;"},{"8":"und wer nicht in drei Tagen nach dem Ratschluss der Oberen und Ältesten käme, dessen ganze Habe sollte dem Bann verfallen und er selbst ausgeschlossen sein aus der Gemeinde derer, die aus der Gefangenschaft gekommen waren."},{"9":"Da versammelten sich alle Männer von Juda und Benjamin in Jerusalem auf den dritten Tag, den zwanzigsten im neunten Monat. Und alles Volk saß auf dem Platz vor dem Hause Gottes, zitternd wegen der Sache und des strömenden Regens."},{"10":"Und Esra, der Priester, stand auf und sprach zu ihnen: Ihr habt dem Herrn die Treue gebrochen, als ihr fremde Frauen genommen und so die Schuld Israels gemehrt habt."},{"11":"So bekennt nun vor dem HERRN, dem Gott eurer Väter, und tut seinen Willen und scheidet euch von den Völkern des Landes und von den fremden Frauen."},{"12":"Da antwortete die ganze Gemeinde und sprach mit lauter Stimme: Es geschehe, wie du uns gesagt hast!"},{"13":"Aber es ist viel Volk hier, und es ist Regenzeit und man kann nicht draußen stehen; auch ist es nicht in ein oder zwei Tagen getan, denn wir haben in dieser Sache viel gesündigt."},{"14":"Unsere Oberen sollen die ganze Gemeinde vertreten, und alle, die in unsern Städten fremde Frauen genommen haben, sollen zu bestimmten Zeiten kommen und mit ihnen die Ältesten einer jeden Stadt und ihre Richter, bis der Zorn unseres Gottes um dieser Sache willen von uns gewendet werde."},{"15":"Nur Jonatan, der Sohn Asaëls, und Jachseja, der Sohn Tikwas, widersetzten sich dem, und Meschullam und Schabbetai, der Levit, halfen ihnen."},{"16":"Doch die aus der Gefangenschaft gekommen waren, taten, wie sie versprochen hatten. Und der Priester Esra sonderte sich Männer aus, die Häupter ihrer Sippen, alle namentlich genannt, und sie traten zusammen am ersten Tage des zehnten Monats, um die Sache zu untersuchen."},{"17":"Und sie brachten's zum Abschluss bei allen Männern, die fremde Frauen hatten, bis zum ersten Tage des ersten Monats."},{"18":"Und es wurden gefunden unter den Priestern, die fremde Frauen genommen hatten: bei den Söhnen Jeschuas, des Sohnes Jozadaks, und seinen Brüdern: Maaseja, Eliëser, Jarib und Gedalja,"},{"19":"und sie gaben die Hand darauf, dass sie ihre Frauen fortschicken wollten. Und ihr Schuldopfer war ein Widder für ihre Schuld;"},{"20":"und von den Söhnen Immer: Hanani und Sebadja;"},{"21":"und von den Söhnen Harim: Maaseja, Elija, Schemaja, Jehiël und Usija;"},{"22":"und von den Söhnen Paschhur: Eljoënai, Maaseja, Jischmael, Netanel, Josabad und Elasa;"},{"23":"und von den Leviten: Josabad, Schimi und Kelaja, das ist Kelita, Petachja, Juda und Eliëser;"},{"24":"und von den Sängern: Eljaschib; unter den Torhütern: Schallum, Telem und Uri."},{"25":"Und von den übrigen Israeliten: bei den Söhnen Parosch: Ramja, Jisija, Malkija, Mijamin, Eleasar, Haschabja und Benaja;"},{"26":"und von den Söhnen Elam: Mattanja, Secharja, Jehiël, Abdi, Jeremot und Elija;"},{"27":"und von den Söhnen Sattu: Eljoënai, Eljaschib, Mattanja, Jeremot, Sabad und Asisa;"},{"28":"und von den Söhnen Bebai: Johanan, Hananja, Sabbai und Atlai;"},{"29":"und von den Söhnen Bani: Meschullam, Malluch, Adaja, Jaschub, Scheal und Jeremot;"},{"30":"und von den Söhnen Pahat-Moab: Adna, Kelal, Benaja, Maaseja, Mattanja, Bezalel, Binnui und Manasse;"},{"31":"und von den Söhnen Harim: Eliëser, Jischija, Malkija, Schemaja, Simeon,"},{"32":"Benjamin, Malluch, Schemarja;"},{"33":"von den Söhnen Haschum: Mattenai, Mattatta, Sabad, Elifelet, Jeremai, Manasse und Schimi;"},{"34":"bei den Söhnen Bani: Maadai, Amram, Uël,"},{"35":"Benaja, Bedja, Keluhi,"},{"36":"Wanja, Meremot, Eljaschib,"},{"37":"Mattanja, Mattenai, Jaasai;"},{"38":"von den Söhnen Binnui: Schimi,"},{"39":"Schelemja, Nathan, Adaja,"},{"40":"Machnadbai, Schaschai, Scharai,"},{"41":"Asarel, Schelemja, Schemarja,"},{"42":"Schallum, Amarja und Josef;"},{"43":"von den Söhnen Nebo: Jëiël, Mattitja, Sabad, Sebina, Jaddai, Joel und Benaja."},{"44":"Diese alle hatten fremde Frauen genommen; und nun entließen sie Frauen und Kinder."}]