[{"1":"Als aber die Widersacher Judas und Benjamins hörten, dass die, die aus der Gefangenschaft zurückgekommen waren, dem HERRN, dem Gott Israels, einen Tempel bauten,"},{"2":"kamen sie zu Serubbabel, Jeschua und den Sippenhäuptern und sprachen zu ihnen: Wir wollen mit euch bauen; denn wir suchen euren Gott wie ihr und haben ihm geopfert seit der Zeit Asarhaddons, des Königs von Assur, der uns hierher gebracht hat."},{"3":"Aber Serubbabel und Jeschua und die andern Häupter der Sippen in Israel antworteten ihnen: Es ziemt sich nicht, dass ihr und wir miteinander das Haus unseres Gottes bauen, sondern wir allein wollen für den HERRN, den Gott Israels, bauen, wie uns Kyrus, der König von Persien, geboten hat."},{"4":"Da machte das Volk des Landes das Volk von Juda mutlos und schreckte sie vom Bauen ab."},{"5":"Und sie dingten Ratgeber gegen sie und verhinderten ihr Vorhaben, solange Kyrus, der König von Persien, lebte, bis zur Herrschaft des Darius, des Königs von Persien."},{"6":"Und als Ahasveros König wurde, im Anfang seiner Herrschaft, schrieben sie eine Anklage gegen die Bewohner von Juda und Jerusalem."},{"7":"Und in der Zeit des Artaxerxes schrieben Bischlam, Mitredat, Tabeel und ihre andern Genossen an Artaxerxes, den König von Persien. Der Brief war in aramäischer Schrift geschrieben und ins Aramäische übersetzt."},{"8":"Der Kanzler Rehum und der Schreiber Schimschai schrieben folgenden Brief gegen Jerusalem an den König Artaxerxes:"},{"9":"Rehum, der Kanzler, und Schimschai, der Schreiber, und die andern Genossen, die Richter, die Befehlshaber, die Schreiber, die Beamten, die Leute von Erech, von Babel, von Susa, das sind die Elamiter,"},{"10":"und die übrigen Völker, die der große und berühmte Asenappar hergebracht und in den Städten Samariens und in den andern Orten jenseits des Euphrat angesiedelt hat. Und nun:"},{"11":"Dies ist die Abschrift des Briefes, den sie an ihn sandten: An König Artaxerxes, deine Knechte, die Leute jenseits des Euphrat. Und nun:"},{"12":"Es sei dem König kundgetan, dass die Juden, die von dir heraufgezogen und zu uns nach Jerusalem gekommen sind, die aufrührerische und böse Stadt wieder aufbauen. Sie stellen die Mauern wieder her und sichern die Fundamente."},{"13":"So sei nun dem König kundgetan: Wenn diese Stadt wieder aufgebaut wird und die Mauern vollendet werden, so werden sie Steuern, Abgaben und Zoll nicht mehr geben, und zuletzt wird es den Königen Schaden bringen."},{"14":"Weil wir aber das Salz des Palastes essen und die Schmach des Königs nicht länger sehen wollen, darum schicken wir hin und lassen es den König wissen."},{"15":"Man lasse in den Chroniken deiner Väter suchen, so wirst du in den Chroniken finden und erfahren, dass diese Stadt eine aufrührerische Stadt ist und Königen und Provinzen Schaden gebracht hat und man in ihr auch von alters her Aufruhr gemacht hat – darum ist diese Stadt auch zerstört worden."},{"16":"Und nun tun wir dem König kund, dass, wenn diese Stadt aufgebaut wird und ihre Mauern vollendet werden, du hernach nichts behalten wirst von dem, was jenseits des Euphrat liegt."},{"17":"Da sandte der König folgende Antwort: An Rehum, den Kanzler, und Schimschai, den Schreiber, und ihre andern Genossen, die in Samaria wohnen und in den übrigen Orten jenseits des Euphrat meinen Gruß! Und nun:"},{"18":"Der Brief, den ihr uns zugeschickt habt, ist mir Wort für Wort vorgelesen worden."},{"19":"Und von mir ist Befehl gegeben worden, und man hat nachgeforscht und gefunden, dass diese Stadt von alters her gegen die Könige sich empört hat und Aufruhr und Abfall in ihr geschieht."},{"20":"Auch hat es mächtige Könige zu Jerusalem gegeben, die geherrscht haben über alles, was jenseits des Euphrat ist, sodass ihnen Steuern, Abgaben und Zoll gegeben wurden."},{"21":"So gebt nun den Befehl, dass man diesen Männern wehre, damit die Stadt nicht wieder aufgebaut werde, bis von mir der Befehl gegeben wird!"},{"22":"Und seht euch vor, dass ihr nicht nachlässig darin seid, damit nicht großer Schaden entstehe zum Nachteil der Könige!"},{"23":"Als nun der Brief des Königs Artaxerxes vor Rehum und dem Schreiber Schimschai und ihren Genossen gelesen wurde, gingen sie eilends nach Jerusalem zu den Juden und wehrten ihnen mit Macht und Gewalt."},{"24":"Da hörte die Arbeit am Hause Gottes in Jerusalem auf und blieb liegen bis zum zweiten Jahr der Herrschaft des Darius, des Königs von Persien."}]