[{"1":"Im ersten Jahr des Kyrus, des Königs von Persien, erweckte der HERR – dass erfüllt würde das Wort des HERRN, das durch den Mund Jeremias gesprochen war – den Geist des Kyrus, des Königs von Persien, und er ließ ausrufen in seinem ganzen Königreich, auch durch Schrift, und ließ sagen:"},{"2":"So spricht Kyrus, der König von Persien: Alle Königreiche der Erde hat mir der HERR, der Gott des Himmels, gegeben, und er hat mir befohlen, ihm ein Haus zu Jerusalem in Juda zu bauen."},{"3":"Wer nun unter euch zu seinem Volk gehört, mit dem sei sein Gott, und er ziehe hinauf nach Jerusalem in Juda und baue das Haus des HERRN, des Gottes Israels; das ist der Gott, der zu Jerusalem ist."},{"4":"Und wo auch immer einer übrig geblieben ist, dem sollen die Leute des Orts, an dem er als Fremdling gelebt hat, helfen mit Silber und Gold, Gut und Vieh neben der freiwilligen Gabe für das Haus Gottes zu Jerusalem."},{"5":"Da machten sich auf die Häupter der Sippen aus Juda und Benjamin und die Priester und Leviten, alle, deren Geist Gott erweckt hatte hinaufzuziehen, um das Haus des HERRN zu Jerusalem zu bauen."},{"6":"Und alle, die um sie her wohnten, stärkten ihre Hände mit silbernen Geräten und Gold, mit Gut und Vieh und Kleinoden außer dem, was sie freiwillig gaben."},{"7":"Und der König Kyrus gab heraus die Geräte des Hauses des HERRN, die Nebukadnezar aus Jerusalem genommen und in das Haus seines Gottes gebracht hatte."},{"8":"Und Kyrus, der König von Persien, gab sie dem Schatzmeister Mitredat; der zählte sie Scheschbazar, dem Fürsten Judas, vor."},{"9":"Und dies war ihre Zahl: 30 goldene Becken und 1000 silberne Becken, 29 Opfermesser,"},{"10":"30 goldene Becher und dazu 410 silberne Becher und 1000 andere Geräte."},{"11":"Alle Geräte, goldene und silberne, waren 5400. Alles brachte Scheschbazar hinauf, als man aus der Gefangenschaft von Babel nach Jerusalem hinaufzog."}]