[{"1":"Als Mordechai alles erfuhr, was geschehen war, zerriss er seine Kleider und kleidete sich in Sack und Asche und ging hinaus mitten in die Stadt und schrie laut klagend."},{"2":"Und er kam bis vor das Tor des Königs; denn es durfte niemand in das Tor des Königs eintreten, der den Sack anhatte."},{"3":"Und in allen Provinzen, wohin des Königs Wort und Gebot gelangte, war ein großes Klagen unter den Juden, und viele fasteten, weinten, trugen Leid und lagen in Sack und Asche."},{"4":"Da kamen die Dienerinnen Esters und ihre Kämmerer und erzählten ihr davon. Da erschrak die Königin sehr. Und sie sandte Kleider, dass Mordechai sie anzöge und den Sack ablegte; er aber nahm sie nicht an."},{"5":"Da rief Ester Hatach, einen von des Königs Kämmerern, der ihr diente, und gab ihm Befehl wegen Mordechai, um zu erfahren, was das wäre und warum er so täte."},{"6":"Da ging Hatach hinaus zu Mordechai auf den Platz der Stadt, der vor dem Tor des Königs war."},{"7":"Und Mordechai sagte ihm alles, was ihm begegnet war, auch die Summe des Silbers, das Haman versprochen hatte, in des Königs Schatzkammer darzuwägen, wenn die Juden vertilgt würden,"},{"8":"und gab ihm eine Abschrift des Gesetzes, das in Susa angeschlagen war, sie zu vertilgen, damit er's Ester zeige und es ihr sage und ihr gebiete, dass sie zum König hineingehe und zu ihm flehe und bei ihm Fürbitte tue für ihr Volk."},{"9":"Und als Hatach hineinkam und Ester die Worte Mordechais sagte,"},{"10":"sprach Ester zu Hatach und gebot ihm, Mordechai zu sagen:"},{"11":"Es wissen alle Großen des Königs und das Volk in den Provinzen des Königs, dass jeder, der ungerufen zum König hineingeht in den inneren Hof, Mann oder Frau, nach dem Gesetz sterben muss, es sei denn der König strecke das goldene Zepter ihm entgegen, damit er am Leben bleibe. Ich aber bin nun seit dreißig Tagen nicht gerufen worden, zum König hineinzukommen."},{"12":"Und als Esters Worte Mordechai gesagt wurden,"},{"13":"ließ Mordechai Ester antworten: Denke nicht, dass du dein Leben errettest, weil du im Palast des Königs bist, du allein von allen Juden."},{"14":"Denn wenn du zu dieser Zeit schweigen wirst, wird eine Hilfe und Errettung von einem andern Ort her den Juden erstehen. Du aber und deines Vaters Haus, ihr werdet umkommen. Und wer weiß, ob du nicht gerade um dieser Zeit willen zur königlichen Würde gekommen bist?"},{"15":"Ester ließ Mordechai antworten:"},{"16":"So geh hin und versammle alle Juden, die in Susa sind, und fastet für mich, dass ihr nicht esst und trinkt drei Tage lang, weder Tag noch Nacht. Auch ich und meine Dienerinnen wollen so fasten. Und dann will ich zum König hineingehen entgegen dem Gesetz. Komme ich um, so komme ich um."},{"17":"Mordechai ging hin und tat alles, was ihm Ester geboten hatte."}]