[{"1":"Auf meiner Warte will ich stehen und mich auf meinen Turm stellen und Ausschau halten und sehen, was er mir sagen und antworten werde auf das, was ich ihm vorgehalten habe."},{"2":"Der HERR aber antwortete mir und sprach: Schreib auf, was du schaust, deutlich auf eine Tafel, dass es lesen könne, wer vorüberläuft!"},{"3":"Die Weissagung wird ja noch erfüllt werden zu ihrer Zeit und wird endlich frei an den Tag kommen und nicht trügen. Wenn sie sich auch hinzieht, so harre ihrer; sie wird gewiss kommen und nicht ausbleiben."},{"4":"Siehe, wer halsstarrig ist, der wird keine Ruhe in seinem Herzen haben, der Gerechte aber wird durch seinen Glauben leben."},{"5":"Aber der Reichtum betrügt den stolzen Mann, dass er nicht bleibt. Er sperrt seinen Rachen auf wie das Reich des Todes und ist wie der Tod, der nicht zu sättigen ist: Er rafft an sich alle Völker und sammelt zu sich alle Nationen."},{"6":"Was gilt's aber? Diese alle werden einen Spruch über ihn machen und ein Lied und ein Sprichwort sagen: Weh dem, der sein Gut mehrt mit fremdem Gut – wie lange wird's währen? – und häuft viel Pfänder bei sich auf!"},{"7":"Wie plötzlich werden aufstehen, die dich beißen, und erwachen, die dich peinigen! Und du musst ihnen zum Raube werden."},{"8":"Denn du hast viele Völker beraubt. So werden dich wieder berauben alle übrigen Völker um des Menschenblutes willen und um des Frevels willen, begangen am Lande und an der Stadt und an allen, die darin wohnen."},{"9":"Weh dem, der unrechten Gewinn macht zum Unglück seines Hauses, auf dass er sein Nest in der Höhe baue, um dem Unheil zu entrinnen!"},{"10":"Aber dein Ratschlag wird zur Schande deines Hauses geraten; denn du hast zu viele Völker zerschlagen und damit gegen dein Leben gesündigt."},{"11":"Denn auch die Steine in der Mauer werden schreien, und die Sparren am Gebälk werden ihnen antworten."},{"12":"Weh dem, der die Stadt mit Blut baut und richtet die Stadt auf mit Unrecht!"},{"13":"Wird's nicht so vom HERRN Zebaoth geschehen: Woran die Völker sich abgearbeitet haben, muss mit Feuer verbrennen, und wofür die Leute sich müde gemacht haben, das muss verloren sein? –"},{"14":"Denn die Erde wird voll werden von Erkenntnis der Ehre des HERRN, wie Wasser das Meer bedeckt."},{"15":"Weh dem, der seinen Nächsten trinken lässt und seinen Grimm beimischt und ihn trunken macht, dass er seine Blöße sehe!"},{"16":"Du hast dich gesättigt mit Schande und nicht mit Ehre. So trinke du nun auch, dass du taumelst! Denn an dich wird der Kelch in der Rechten des HERRN kommen und Schande über deine Ehre."},{"17":"Denn der Frevel, den du am Libanon begangen, wird über dich kommen, und die vernichteten Tiere werden dich schrecken um des Menschenblutes willen und um des Frevels willen, begangen am Lande und an der Stadt und an allen, die darin wohnen."},{"18":"Was hilft ein Bild? Sein Meister hat's gebildet. Was hilft ein gegossenes Bild, ein falscher Lehrer? Sein Meister verlässt sich auf sein Werk, obgleich er stumme Götzen macht."},{"19":"Weh dem, der zum Holz spricht: »Wach auf!«, und zum stummen Steine: »Steh auf!« Wie sollte ein Götze lehren können? Siehe, er ist mit Gold und Silber überzogen, und kein Odem ist in ihm."},{"20":"Aber der HERR ist in seinem heiligen Tempel. Es sei stille vor ihm alle Welt!"}]