[{"1":"Dies ist die Last, die der Prophet Habakuk geschaut hat."},{"2":"HERR, wie lange soll ich schreien, und du willst nicht hören? Wie lange soll ich zu dir rufen: »Frevel!«, und du willst nicht helfen?"},{"3":"Warum lässt du mich Bosheit sehen und siehst dem Jammer zu? Raub und Frevel sind vor mir; es geht Gewalt vor Recht."},{"4":"Darum ist das Gesetz ohnmächtig, und die rechte Sache kann nie gewinnen; denn der Gottlose übervorteilt den Gerechten; darum ergehen verkehrte Urteile."},{"5":"Schaut hin unter die Völker, seht und verwundert euch! Denn ich will etwas tun zu euren Zeiten, was ihr nicht glauben werdet, wenn man davon sagen wird."},{"6":"Denn siehe, ich will die Chaldäer erwecken, ein grimmiges und schnelles Volk, das hinziehen wird, so weit die Erde ist, um Wohnstätten einzunehmen, die ihm nicht gehören."},{"7":"Grausam und schrecklich ist es; es gebietet und zwingt, wie es will."},{"8":"Seine Rosse sind schneller als die Panther und bissiger als die Wölfe der Steppe. Seine Reiter sprengen herbei. Seine Reiter kommen von ferne. Sie fliegen, wie die Adler eilen zum Fraß."},{"9":"Sie kommen allesamt, um Schaden zu tun; ihre Gesichter schauen nach vorn. Sie raffen Gefangene zusammen wie Sand."},{"10":"Sie spotten der Könige und verlachen die Fürsten. Alle Festungen sind ihnen ein Scherz; sie schütten Erde auf und erobern sie."},{"11":"Alsdann brausen sie dahin wie ein Sturm und jagen weiter; so machen sie ihre Kraft zu ihrem Gott."},{"12":"Aber du, HERR, bist du nicht mein Gott, mein Heiliger, von Ewigkeit her? Lass uns nicht sterben; sondern lass sie uns, o HERR, nur eine Strafe sein, und lass sie, o unser Fels, uns nur züchtigen."},{"13":"Deine Augen sind zu rein, als dass du Böses ansehen könntest, und dem Jammer kannst du nicht zusehen! Warum siehst du dann aber den Treulosen zu und schweigst, wenn der Gottlose den verschlingt, der gerechter ist als er?"},{"14":"Du lässt es den Menschen gehen wie den Fischen im Meer, wie dem Gewürm, das keinen Herrn hat."},{"15":"Sie ziehen's alles mit der Angel heraus und fangen's mit ihrem Netze und sammeln's mit ihrem Garn. Darüber freuen sie sich und sind fröhlich."},{"16":"Darum opfern sie ihrem Netze und räuchern ihrem Garn, weil durch diese ihr Anteil so fett und ihre Speise so üppig geworden ist."},{"17":"Sollen sie darum ihr Netz immerdar ausleeren und Völker umbringen ohne Erbarmen?"}]